SNP,chr.exposure,pos.exposure,effect_allele.exposure,other_allele.exposure,eaf.exposure,beta.exposure,se.exposure,pval.exposure,exposure,mr_keep.exposure,pval_origin.exposure,id.exposure
rs114440021,21,34202672,T,C,0.111056,0.00978,0.00272,3.19e-4,Okbay_2022,TRUE,reported,rAHajN
rs12589471,14,72295890,A,T,0.382014,-0.00557,0.00176,0.001586,Okbay_2022,TRUE,reported,rAHajN
rs899223,19,13157151,C,G,0.0786726,0.0186,0.00322,7.677e-9,Okbay_2022,TRUE,reported,rAHajN
rs1882013,3,150967269,T,C,0.700246,0.0075,0.0018600000000000001,5.816e-5,Okbay_2022,TRUE,reported,rAHajN
rs421154,7,101693868,C,G,0.781367,0.01257,0.00211,2.458e-9,Okbay_2022,TRUE,reported,rAHajN
rs4766975,12,121069126,A,G,0.61526,-0.00727,0.00177,3.836e-5,Okbay_2022,TRUE,reported,rAHajN
rs6539284,12,79592680,T,C,0.612997,-0.01192,0.00176,1.156e-11,Okbay_2022,TRUE,reported,rAHajN
rs6563363,13,84307786,T,G,0.357053,-0.00834,0.00179,3.22e-6,Okbay_2022,TRUE,reported,rAHajN
rs74740938,10,66921055,A,T,0.132445,0.00716,0.00271,0.008197,Okbay_2022,TRUE,reported,rAHajN
rs7301232,12,19131515,A,T,0.167863,-0.00238,0.00234,0.3103,Okbay_2022,TRUE,reported,rAHajN
rs9551887,13,30884268,T,C,0.531029,-0.00855,0.00174,9.2e-7,Okbay_2022,TRUE,reported,rAHajN
rs1285481,1,187320237,A,G,0.261026,0.00534,0.00193,0.005823,Okbay_2022,TRUE,reported,rAHajN
rs11746390,5,137085233,T,C,0.742439,-0.00713,0.00196,2.681e-4,Okbay_2022,TRUE,reported,rAHajN
rs211283,10,32331161,C,G,0.233123,-0.01059,0.00202,1.65e-7,Okbay_2022,TRUE,reported,rAHajN
rs11633934,15,27994731,A,C,0.549938,0.00879,0.00173,3.856e-7,Okbay_2022,TRUE,reported,rAHajN
rs16919774,12,32502505,A,T,0.794657,-0.00856,0.0021,4.525e-5,Okbay_2022,TRUE,reported,rAHajN
rs12524795,6,3464074,T,C,0.438482,0.0115,0.00174,4.29e-11,Okbay_2022,TRUE,reported,rAHajN
rs17021729,4,147563669,A,G,0.034632,0.01261,0.00476,0.008052,Okbay_2022,TRUE,reported,rAHajN
rs10180485,2,51322168,T,G,0.882753,0.00824,0.00259,0.001502,Okbay_2022,TRUE,reported,rAHajN
rs7924465,11,132636983,T,C,0.9094087,0.01296,0.00297,1.285e-5,Okbay_2022,TRUE,reported,rAHajN
rs2055940,4,46997913,A,G,0.307207,0.00907,0.00185,9.788e-7,Okbay_2022,TRUE,reported,rAHajN
rs11942352,4,112410355,A,G,0.814075,-0.01251,0.00218,1.009e-8,Okbay_2022,TRUE,reported,rAHajN
rs12142570,1,11520209,A,T,0.818525,0.01134,0.00235,1.456e-6,Okbay_2022,TRUE,reported,rAHajN
rs12974657,19,18237571,T,C,0.677318,0.00899,0.0018600000000000001,1.405e-6,Okbay_2022,TRUE,reported,rAHajN
rs1866823,8,57436577,A,G,0.54247,0.01211,0.00174,3.615e-12,Okbay_2022,TRUE,reported,rAHajN
rs4741600,9,1757753,T,C,0.344949,0.01714,0.00182,5.9380000000000004e-21,Okbay_2022,TRUE,reported,rAHajN
rs490535,20,3001343,T,C,0.338174,0.00624,0.00183,6.381e-4,Okbay_2022,TRUE,reported,rAHajN
rs11614957,12,195309,A,G,0.450693,0.01012,0.00175,6.813e-9,Okbay_2022,TRUE,reported,rAHajN
rs2222760,2,151345113,A,G,0.27219,-0.00592,0.00193,0.002101,Okbay_2022,TRUE,reported,rAHajN
rs12240387,10,2664712,A,G,0.356391,-0.00565,0.00179,0.001609,Okbay_2022,TRUE,reported,rAHajN
rs252991,5,106767346,A,G,0.369464,0.01056,0.0018,4.224e-9,Okbay_2022,TRUE,reported,rAHajN
rs1865922,15,35060960,C,G,0.153911,-0.00937,0.00244,1.241e-4,Okbay_2022,TRUE,reported,rAHajN
rs8058137,16,51190580,A,G,0.772806,0.01429,0.00214,2.467e-11,Okbay_2022,TRUE,reported,rAHajN
rs1581168,4,17053079,T,C,0.295457,-0.00796,0.0019,2.872e-5,Okbay_2022,TRUE,reported,rAHajN
rs660010,18,53310969,C,G,0.123945,0.01626,0.00249,6.114e-11,Okbay_2022,TRUE,reported,rAHajN
rs71433091,13,96225133,T,C,0.0509393,0.01117,0.00391,0.004297,Okbay_2022,TRUE,reported,rAHajN
rs17763421,4,30459746,T,C,0.524161,0.00502,0.00174,0.003977,Okbay_2022,TRUE,reported,rAHajN
rs7632934,3,186151667,A,G,0.541592,-0.00738,0.00173,2.049e-5,Okbay_2022,TRUE,reported,rAHajN
rs13332638,16,11905849,A,G,0.091777,-0.01228,0.0032,1.246e-4,Okbay_2022,TRUE,reported,rAHajN
rs10752262,10,12395100,T,C,0.408516,0.01185,0.00177,2.407e-11,Okbay_2022,TRUE,reported,rAHajN
rs11158200,14,58649843,A,G,0.540468,0.00568,0.00174,0.001104,Okbay_2022,TRUE,reported,rAHajN
rs11847753,14,101761265,A,G,0.373776,0.00889,0.00178,6.039e-7,Okbay_2022,TRUE,reported,rAHajN
rs4588749,7,3363992,A,G,0.441223,0.01296,0.00174,8.975e-14,Okbay_2022,TRUE,reported,rAHajN
rs8072494,17,33256917,A,G,0.788728,-0.01272,0.00212,1.993e-9,Okbay_2022,TRUE,reported,rAHajN
rs72906124,2,157076201,T,C,0.9483369,0.01907,0.00367,2.121e-7,Okbay_2022,TRUE,reported,rAHajN
rs7027899,9,14248934,A,G,0.80907,0.00865,0.00225,1.185e-4,Okbay_2022,TRUE,reported,rAHajN
rs11191193,10,103802408,A,G,0.672698,0.02186,0.00181,1.387e-33,Okbay_2022,TRUE,reported,rAHajN
rs14184,1,110047110,C,G,0.702756,-0.01514,0.00188,9.115e-16,Okbay_2022,TRUE,reported,rAHajN
rs2195041,18,64579525,A,G,0.392886,0.0075,0.00175,1.798e-5,Okbay_2022,TRUE,reported,rAHajN
rs9935637,16,76469730,C,G,0.441638,0.00752,0.00174,1.501e-5,Okbay_2022,TRUE,reported,rAHajN
rs4391653,1,241342291,T,C,0.254173,-0.00678,0.00195,5.159e-4,Okbay_2022,TRUE,reported,rAHajN
rs12569163,1,241878547,T,G,0.800092,-0.01303,0.00213,1.01e-9,Okbay_2022,TRUE,reported,rAHajN
rs9291074,4,5208893,A,C,0.83474,0.00919,0.00243,1.544e-4,Okbay_2022,TRUE,reported,rAHajN
rs7603132,2,4951548,A,G,0.183585,0.01534,0.00219,2.395e-12,Okbay_2022,TRUE,reported,rAHajN
rs56133711,11,27723334,A,G,0.2245,-0.00951,0.00198,1.578e-6,Okbay_2022,TRUE,reported,rAHajN
rs60227577,7,20890867,A,G,0.9641361,-0.01817,0.00547,8.879e-4,Okbay_2022,TRUE,reported,rAHajN
rs4751360,10,133097784,T,C,0.468987,0.01079,0.00173,4.794e-10,Okbay_2022,TRUE,reported,rAHajN
rs12609965,19,13917866,A,C,0.245504,0.00421,0.00204,0.03878,Okbay_2022,TRUE,reported,rAHajN
rs6534704,4,129757825,A,T,0.073221,-0.01083,0.00304,3.701e-4,Okbay_2022,TRUE,reported,rAHajN
rs10772644,12,13417617,C,G,0.886665,0.01884,0.00272,4.098e-12,Okbay_2022,TRUE,reported,rAHajN
rs28451864,8,87679777,A,T,0.551678,0.01099,0.00173,2.278e-10,Okbay_2022,TRUE,reported,rAHajN
rs6457796,6,34828553,T,C,0.713043,0.00915,0.00197,3.333e-6,Okbay_2022,TRUE,reported,rAHajN
rs11081529,18,75902735,T,C,0.7247,0.01243,0.00189,5.036e-11,Okbay_2022,TRUE,reported,rAHajN
rs56016333,7,104596248,T,C,0.650955,-0.01246,0.0018600000000000001,2.259e-11,Okbay_2022,TRUE,reported,rAHajN
rs705240,3,118457615,T,C,0.181183,-0.01339,0.00223,1.78e-9,Okbay_2022,TRUE,reported,rAHajN
rs12089815,1,91189933,A,G,0.525793,0.01815,0.00174,1.379e-25,Okbay_2022,TRUE,reported,rAHajN
rs4551987,15,93475558,A,G,0.839436,0.00915,0.0023,7.127e-5,Okbay_2022,TRUE,reported,rAHajN
rs4685448,3,252344,A,G,0.421497,-0.00644,0.00174,2.113e-4,Okbay_2022,TRUE,reported,rAHajN
rs13284474,9,119622710,T,C,0.427502,0.00446,0.00174,0.01034,Okbay_2022,TRUE,reported,rAHajN
rs10016110,4,45968561,A,G,0.369587,0.01201,0.00178,1.389e-11,Okbay_2022,TRUE,reported,rAHajN
rs56188374,4,158860186,A,G,0.0701417,-0.01649,0.00326,4.286e-7,Okbay_2022,TRUE,reported,rAHajN
rs59226697,22,25870037,C,G,0.934016,0.00959,0.00367,0.008904,Okbay_2022,TRUE,reported,rAHajN
rs2289769,12,46600494,A,G,0.869002,-0.0072,0.00252,0.00428,Okbay_2022,TRUE,reported,rAHajN
rs11688767,2,57988194,A,T,0.513474,-0.01265,0.00173,2.873e-13,Okbay_2022,TRUE,reported,rAHajN
rs41741,7,116438511,T,G,0.663074,0.00772,0.00184,2.724e-5,Okbay_2022,TRUE,reported,rAHajN
rs6044142,20,16559255,A,G,0.584339,-0.00679,0.00174,9.914e-5,Okbay_2022,TRUE,reported,rAHajN
rs5759002,22,43263432,A,G,0.507638,0.00743,0.00173,1.761e-5,Okbay_2022,TRUE,reported,rAHajN
rs186034719,3,70724895,C,G,0.00839236,-0.02544,0.0092,0.005694,Okbay_2022,TRUE,reported,rAHajN
rs35565533,12,107730500,A,C,0.744225,0.00443,0.00197,0.02476,Okbay_2022,TRUE,reported,rAHajN
rs67829508,2,120847642,A,G,0.175978,-0.00909,0.0023,7.53e-5,Okbay_2022,TRUE,reported,rAHajN
rs752806,11,126293239,A,T,0.467709,-0.00956,0.00175,4.297e-8,Okbay_2022,TRUE,reported,rAHajN
rs111821073,9,99084793,T,C,0.149061,0.01601,0.00241,2.884e-11,Okbay_2022,TRUE,reported,rAHajN
rs62262312,3,127145909,C,G,0.150724,0.01908,0.00238,1.076e-15,Okbay_2022,TRUE,reported,rAHajN
rs1337731,1,199444151,A,G,0.340345,0.00734,0.0018600000000000001,7.579e-5,Okbay_2022,TRUE,reported,rAHajN
rs55909821,12,57430321,T,C,0.0587003,-0.01192,0.00367,0.001164,Okbay_2022,TRUE,reported,rAHajN
rs2301015,5,109143386,T,C,0.341084,-0.01467,0.00183,1.181e-15,Okbay_2022,TRUE,reported,rAHajN
rs4772268,13,100825526,A,G,0.332799,0.01062,0.00185,9.066e-9,Okbay_2022,TRUE,reported,rAHajN
rs7632819,3,108071811,A,G,0.76138,-0.01304,0.00198,4.2e-11,Okbay_2022,TRUE,reported,rAHajN
rs13252156,8,15242899,A,C,0.416954,0.00852,0.00179,1.891e-6,Okbay_2022,TRUE,reported,rAHajN
rs1960779,12,30415074,A,T,0.616153,0.00362,0.00178,0.04181,Okbay_2022,TRUE,reported,rAHajN
rs4583487,2,100837126,T,G,0.379858,0.02315,0.00177,2.789e-39,Okbay_2022,TRUE,reported,rAHajN
rs143747834,7,34675652,C,G,0.219187,-0.00493,0.00217,0.02274,Okbay_2022,TRUE,reported,rAHajN
rs1182532,20,58393545,A,C,0.145642,0.0082,0.00257,0.001431,Okbay_2022,TRUE,reported,rAHajN
rs11172371,12,58286188,T,C,0.313705,-0.01021,0.00182,2.148e-8,Okbay_2022,TRUE,reported,rAHajN
rs72777062,5,91692183,T,C,0.232122,0.00356,0.00207,0.08467,Okbay_2022,TRUE,reported,rAHajN
rs10167909,2,133512171,T,C,0.197244,0.00735,0.0021,4.512e-4,Okbay_2022,TRUE,reported,rAHajN
rs991911,16,24291053,A,T,0.385879,-0.00864,0.00178,1.203e-6,Okbay_2022,TRUE,reported,rAHajN
rs118134876,7,11500372,T,C,0.0534493,-0.02317,0.0037200000000000002,4.894e-10,Okbay_2022,TRUE,reported,rAHajN
rs496368,11,131813107,A,G,0.549292,-0.00329,0.00174,0.05892,Okbay_2022,TRUE,reported,rAHajN
rs3800626,7,137378117,A,G,0.695011,-0.00547,0.0019,0.00405,Okbay_2022,TRUE,reported,rAHajN
rs9374194,6,111000185,T,C,0.808593,-0.00948,0.00217,1.308e-5,Okbay_2022,TRUE,reported,rAHajN
rs567775,5,4038358,T,C,0.476794,0.00582,0.00173,7.675e-4,Okbay_2022,TRUE,reported,rAHajN
rs1056010,12,54626752,T,C,0.586834,-0.01266,0.00176,6.245e-13,Okbay_2022,TRUE,reported,rAHajN
rs115124024,12,2365908,A,C,0.9526486,0.01982,0.00403,8.749e-7,Okbay_2022,TRUE,reported,rAHajN
rs11648089,16,89713938,T,C,0.897505,0.00616,0.003,0.04011,Okbay_2022,TRUE,reported,rAHajN
rs7109373,11,39928045,A,T,0.805929,0.01134,0.00221,2.72e-7,Okbay_2022,TRUE,reported,rAHajN
rs34488670,15,47684936,T,C,0.785694,0.0152,0.00212,7.147e-13,Okbay_2022,TRUE,reported,rAHajN
rs12234936,8,30857668,T,C,0.420465,-0.01118,0.00177,2.575e-10,Okbay_2022,TRUE,reported,rAHajN
rs12699131,7,71751316,A,G,0.471158,0.01566,0.00173,1.384e-19,Okbay_2022,TRUE,reported,rAHajN
rs11861256,16,48747433,A,C,0.191839,0.00776,0.00221,4.469e-4,Okbay_2022,TRUE,reported,rAHajN
rs8020023,14,26981079,A,G,0.247182,0.01565,0.00205,2.095e-14,Okbay_2022,TRUE,reported,rAHajN
rs16844417,1,172377745,A,G,0.108593,-0.00901,0.00264,6.282e-4,Okbay_2022,TRUE,reported,rAHajN
rs4141463,20,14747471,T,C,0.429104,-0.01344,0.00175,1.751e-14,Okbay_2022,TRUE,reported,rAHajN
rs7296742,12,95147249,A,G,0.274145,-0.00607,0.00195,0.001865,Okbay_2022,TRUE,reported,rAHajN
rs77584294,1,75541089,A,C,0.0372498,0.03103,0.00423,2.101e-13,Okbay_2022,TRUE,reported,rAHajN
rs6747129,2,225477542,A,G,0.119495,-0.01339,0.00286,2.913e-6,Okbay_2022,TRUE,reported,rAHajN
rs13102803,4,94441283,T,C,0.230428,0.01054,0.00203,2.139e-7,Okbay_2022,TRUE,reported,rAHajN
rs12339610,9,121922801,T,C,0.745827,0.00836,0.00196,2.062e-5,Okbay_2022,TRUE,reported,rAHajN
rs78410329,16,730830,T,C,0.237404,0.01229,0.00207,2.845e-9,Okbay_2022,TRUE,reported,rAHajN
rs2303907,2,73470497,T,C,0.517847,0.00858,0.00173,6.99e-7,Okbay_2022,TRUE,reported,rAHajN
rs9540920,13,67384556,A,G,0.578703,0.00465,0.00175,0.007794,Okbay_2022,TRUE,reported,rAHajN
rs2974337,8,42390873,T,C,0.478134,0.00994,0.00175,1.288e-8,Okbay_2022,TRUE,reported,rAHajN
rs72819955,10,107051384,T,C,0.0248845,-0.02289,0.00503,5.291e-6,Okbay_2022,TRUE,reported,rAHajN
rs7977614,12,110115286,A,G,0.725085,-0.01232,0.00201,9.344e-10,Okbay_2022,TRUE,reported,rAHajN
rs1464018,3,103298871,T,C,0.245288,-0.01208,0.00212,1.207e-8,Okbay_2022,TRUE,reported,rAHajN
rs6721505,2,36578013,A,G,0.324669,0.0076,0.00184,3.763e-5,Okbay_2022,TRUE,reported,rAHajN
rs17721326,8,139310138,T,C,0.292208,0.0073,0.0019,1.244e-4,Okbay_2022,TRUE,reported,rAHajN
rs12613500,2,180928465,C,G,0.424022,0.01101,0.00175,3.165e-10,Okbay_2022,TRUE,reported,rAHajN
rs10745307,1,110580215,A,G,0.564829,-0.01082,0.00174,4.83e-10,Okbay_2022,TRUE,reported,rAHajN
rs78116078,1,18434125,C,G,0.726332,0.0098,0.00192,3.144e-7,Okbay_2022,TRUE,reported,rAHajN
rs73210523,3,196876600,A,G,0.164906,0.01342,0.0023,5.6e-9,Okbay_2022,TRUE,reported,rAHajN
rs12828220,12,27397792,T,C,0.598352,-0.00997,0.00179,2.775e-8,Okbay_2022,TRUE,reported,rAHajN
rs962437,4,81140432,A,G,0.422898,0.00607,0.00178,6.499e-4,Okbay_2022,TRUE,reported,rAHajN
rs4750308,10,13116699,A,C,0.772467,0.00407,0.00208,0.05033,Okbay_2022,TRUE,reported,rAHajN
rs4375600,15,61597124,A,G,0.104635,-0.01358,0.00307,9.662e-6,Okbay_2022,TRUE,reported,rAHajN
rs6547396,2,82132940,T,C,0.579674,0.00862,0.00176,9.809e-7,Okbay_2022,TRUE,reported,rAHajN
rs2371001,2,211467548,A,G,0.500601,-0.00771,0.00173,8.191e-6,Okbay_2022,TRUE,reported,rAHajN
rs561655,11,85800279,A,G,0.653403,-0.00656,0.00182,3.019e-4,Okbay_2022,TRUE,reported,rAHajN
rs8028740,15,69088844,A,G,0.053449,-0.01247,0.00433,0.004004,Okbay_2022,TRUE,reported,rAHajN
rs12201073,6,67488602,T,C,0.352633,-0.0037200000000000002,0.00178,0.03657,Okbay_2022,TRUE,reported,rAHajN
rs9372734,6,98577689,T,C,0.463597,0.02895,0.00173,7.382000000000001e-63,Okbay_2022,TRUE,reported,rAHajN
rs7788620,7,2196349,A,G,0.785541,0.0187,0.00209,3.971e-19,Okbay_2022,TRUE,reported,rAHajN
rs4846724,1,221967817,A,G,0.531722,0.01012,0.00173,5.27e-9,Okbay_2022,TRUE,reported,rAHajN
rs73141547,3,85657125,A,T,0.658577,-0.01644,0.00181,1.097e-19,Okbay_2022,TRUE,reported,rAHajN
rs17266097,2,200275209,T,C,0.385679,0.00503,0.00176,0.004267,Okbay_2022,TRUE,reported,rAHajN
rs66488846,7,48783897,A,T,0.444272,0.01018,0.00174,4.679e-9,Okbay_2022,TRUE,reported,rAHajN
rs9382333,6,54262238,C,G,0.564367,-0.00551,0.00177,0.001811,Okbay_2022,TRUE,reported,rAHajN
rs1585524,4,66959264,A,G,0.473314,0.00683,0.00177,1.168e-4,Okbay_2022,TRUE,reported,rAHajN
rs2503870,10,43796180,T,C,0.322975,-0.00855,0.00185,3.893e-6,Okbay_2022,TRUE,reported,rAHajN
rs786244,2,145756260,C,G,0.341007,0.01084,0.00181,2.15e-9,Okbay_2022,TRUE,reported,rAHajN
rs80171383,11,46084677,A,G,0.125085,0.01748,0.00245,1.038e-12,Okbay_2022,TRUE,reported,rAHajN
rs36048136,4,83288006,A,G,0.207607,0.01165,0.00208,2.15e-8,Okbay_2022,TRUE,reported,rAHajN
rs2364972,17,65475332,A,G,0.548476,0.00779,0.00174,7.501e-6,Okbay_2022,TRUE,reported,rAHajN
rs6785141,3,45377695,T,C,0.72336,0.0048,0.00187,0.01024,Okbay_2022,TRUE,reported,rAHajN
rs1499955,3,115236973,A,C,0.459809,-0.00311,0.00173,0.07273,Okbay_2022,TRUE,reported,rAHajN
rs1387148,4,19590971,A,C,0.192809,-0.00773,0.00216,3.548e-4,Okbay_2022,TRUE,reported,rAHajN
rs2964252,5,152067929,A,G,0.321605,0.01118,0.0018600000000000001,1.945e-9,Okbay_2022,TRUE,reported,rAHajN
rs80045785,1,112663617,T,C,0.0859563,0.0074,0.00299,0.01314,Okbay_2022,TRUE,reported,rAHajN
rs7150195,14,69740483,T,G,0.365306,0.01163,0.00178,6.979e-11,Okbay_2022,TRUE,reported,rAHajN
rs10481106,8,107599471,A,G,0.156283,-0.01288,0.00239,6.913e-8,Okbay_2022,TRUE,reported,rAHajN
rs3013170,6,64840987,T,C,0.596427,0.00388,0.00179,0.02972,Okbay_2022,TRUE,reported,rAHajN
rs8008880,14,100370609,A,G,0.808408,0.00198,0.00227,0.3834,Okbay_2022,TRUE,reported,rAHajN
rs10887465,10,87016897,A,C,0.274546,0.01061,0.00194,4.45e-8,Okbay_2022,TRUE,reported,rAHajN
rs1039617,3,136985329,T,C,0.40907,-0.00892,0.00175,3.548e-7,Okbay_2022,TRUE,reported,rAHajN
rs192230289,2,25454104,T,C,0.0163074,-0.02796,0.00653,1.846e-5,Okbay_2022,TRUE,reported,rAHajN
rs72748123,5,52799806,A,G,0.15967,-0.0141,0.00231,9.682e-10,Okbay_2022,TRUE,reported,rAHajN
rs12893970,14,56474502,A,G,0.087219,-0.01434,0.00285,4.736e-7,Okbay_2022,TRUE,reported,rAHajN
rs4879832,9,34830432,T,C,0.391423,-7.4e-4,0.00178,0.6782,Okbay_2022,TRUE,reported,rAHajN
rs13138842,4,158143092,A,G,0.193224,0.00873,0.00214,4.448e-5,Okbay_2022,TRUE,reported,rAHajN
rs2154209,14,57586697,T,C,0.800832,-0.00892,0.00218,4.136e-5,Okbay_2022,TRUE,reported,rAHajN
rs71366589,17,4004590,T,C,0.983862,0.02171,0.00648,8.129e-4,Okbay_2022,TRUE,reported,rAHajN
rs623200,18,66246646,T,C,0.398322,0.00505,0.00178,0.004493,Okbay_2022,TRUE,reported,rAHajN
rs9356034,6,162946186,T,C,0.669249,0.00967,0.0018600000000000001,1.906e-7,Okbay_2022,TRUE,reported,rAHajN
rs6839051,4,35026277,A,C,0.383262,-0.00437,0.00178,0.01405,Okbay_2022,TRUE,reported,rAHajN
rs11747178,5,92793427,T,G,0.9598245,0.01339,0.00424,0.001615,Okbay_2022,TRUE,reported,rAHajN
rs751033,15,74042497,T,C,0.662026,-0.00662,0.0018,2.328e-4,Okbay_2022,TRUE,reported,rAHajN
rs55640000,20,22310689,T,G,0.633985,-0.01169,0.00182,1.218e-10,Okbay_2022,TRUE,reported,rAHajN
rs6779981,3,171054056,T,C,0.599138,0.00444,0.00177,0.01199,Okbay_2022,TRUE,reported,rAHajN
rs4812818,20,42939426,T,G,0.184108,-0.00975,0.00217,6.838e-6,Okbay_2022,TRUE,reported,rAHajN
rs13212041,6,78171124,T,C,0.799707,0.01089,0.00215,4.183e-7,Okbay_2022,TRUE,reported,rAHajN
rs7302808,12,12420232,T,C,0.481475,0.00356,0.00178,0.04508,Okbay_2022,TRUE,reported,rAHajN
rs56409354,1,41772971,A,G,0.218232,-0.01854,0.00208,5.37e-19,Okbay_2022,TRUE,reported,rAHajN
rs7009856,8,1146075,C,G,0.403711,0.00704,0.00178,7.69e-5,Okbay_2022,TRUE,reported,rAHajN
rs17787953,3,149258066,T,C,0.79712,0.00695,0.00212,0.001039,Okbay_2022,TRUE,reported,rAHajN
rs145481578,5,59557590,T,C,0.0193409,0.01668,0.0074400000000000004,0.02498,Okbay_2022,TRUE,reported,rAHajN
rs2498018,1,208270481,C,G,0.186464,-0.0095,0.0022,1.54e-5,Okbay_2022,TRUE,reported,rAHajN
rs13159124,5,3422780,A,G,0.692224,-0.00921,0.00185,6.085e-7,Okbay_2022,TRUE,reported,rAHajN
rs5021426,3,18700484,T,C,0.716215,-0.0083,0.00194,1.896e-5,Okbay_2022,TRUE,reported,rAHajN
rs7032484,9,124617919,A,G,0.56854,0.01619,0.00174,1.5340000000000002e-20,Okbay_2022,TRUE,reported,rAHajN
rs748832,3,16851202,A,G,0.637635,0.01266,0.00179,1.489e-12,Okbay_2022,TRUE,reported,rAHajN
rs42210,5,166408788,C,G,0.691685,-0.01027,0.00193,9.74e-8,Okbay_2022,TRUE,reported,rAHajN
rs1334297,13,58335375,A,G,0.750955,0.02616,0.00195,7.091999999999999e-41,Okbay_2022,TRUE,reported,rAHajN
rs6731373,2,68503044,A,G,0.320296,-0.01354,0.00184,1.644e-13,Okbay_2022,TRUE,reported,rAHajN
rs1317186,8,53318644,A,C,0.263366,0.00724,0.00196,2.277e-4,Okbay_2022,TRUE,reported,rAHajN
rs1024374,22,51149320,C,G,0.519664,0.0123,0.00176,2.441e-12,Okbay_2022,TRUE,reported,rAHajN
rs10739569,9,123361027,C,G,0.696458,-0.01079,0.00189,1.119e-8,Okbay_2022,TRUE,reported,rAHajN
rs28381527,6,88369032,A,G,0.0769479,-0.02387,0.00314,3.067e-14,Okbay_2022,TRUE,reported,rAHajN
rs348874,3,100930681,A,T,0.545457,-0.00355,0.00173,0.04034,Okbay_2022,TRUE,reported,rAHajN
rs137121,22,43013554,T,C,0.126809,0.0122,0.00258,2.357e-6,Okbay_2022,TRUE,reported,rAHajN
rs7338804,13,38660394,A,G,0.143363,-0.01153,0.00252,4.728e-6,Okbay_2022,TRUE,reported,rAHajN
rs8025575,15,26788083,C,G,0.460071,-0.00919,0.00174,1.235e-7,Okbay_2022,TRUE,reported,rAHajN
rs10734924,12,123018894,T,G,0.25696,-0.01062,0.00197,6.975e-8,Okbay_2022,TRUE,reported,rAHajN
rs7187692,16,72017495,C,G,0.517986,0.00999,0.00173,8.153e-9,Okbay_2022,TRUE,reported,rAHajN
rs4876775,8,118944974,A,G,0.337943,-0.01255,0.00185,1.039e-11,Okbay_2022,TRUE,reported,rAHajN
rs7983020,13,21239941,T,C,0.703157,-0.01031,0.00189,5.331e-8,Okbay_2022,TRUE,reported,rAHajN
rs989996,7,117642252,T,C,0.439205,-0.01198,0.00173,4.826e-12,Okbay_2022,TRUE,reported,rAHajN
rs4864881,4,55200455,T,C,0.596397,-0.00897,0.00178,4.41e-7,Okbay_2022,TRUE,reported,rAHajN
rs56194430,5,67824690,T,C,0.16081,-0.01903,0.00236,7.323e-16,Okbay_2022,TRUE,reported,rAHajN
rs586829,3,20553778,A,G,0.634047,0.00867,0.0018,1.431e-6,Okbay_2022,TRUE,reported,rAHajN
rs7762296,6,170042465,T,C,0.312165,-0.00925,0.00189,9.975e-7,Okbay_2022,TRUE,reported,rAHajN
rs1605127,8,110859323,A,G,0.20405,0.00475,0.00214,0.02663,Okbay_2022,TRUE,reported,rAHajN
rs73117392,3,70002020,T,C,0.9481675,-0.02654,0.00385,5.364e-12,Okbay_2022,TRUE,reported,rAHajN
rs11925699,3,193321115,A,G,0.463366,-0.00509,0.00173,0.003286,Okbay_2022,TRUE,reported,rAHajN
rs10815961,9,8818758,T,C,0.490992,0.00737,0.00173,2.018e-5,Okbay_2022,TRUE,reported,rAHajN
rs2639655,3,158385966,C,G,0.805759,0.00684,0.00222,0.002061,Okbay_2022,TRUE,reported,rAHajN
rs10874759,1,93630172,A,G,0.652741,0.01365,0.00181,5.057e-14,Okbay_2022,TRUE,reported,rAHajN
rs7469569,9,139926402,T,C,0.346058,0.00848,0.00182,3.172e-6,Okbay_2022,TRUE,reported,rAHajN
rs17881016,10,133729181,A,G,0.742408,-0.0174,0.002,3.572e-18,Okbay_2022,TRUE,reported,rAHajN
rs10819974,9,104422344,T,C,0.222836,-0.00775,0.00205,1.593e-4,Okbay_2022,TRUE,reported,rAHajN
rs62079997,17,80076888,T,C,0.543717,-0.00609,0.00177,5.733e-4,Okbay_2022,TRUE,reported,rAHajN
rs12616388,2,164941580,A,C,0.188897,-0.00899,0.00232,1.029e-4,Okbay_2022,TRUE,reported,rAHajN
rs11019128,11,90393587,T,C,0.359116,-0.0122,0.00178,7.792e-12,Okbay_2022,TRUE,reported,rAHajN
rs9317202,13,62355464,T,C,0.698845,0.0128,0.0019,1.656e-11,Okbay_2022,TRUE,reported,rAHajN
rs12055782,6,128312033,A,G,0.725069,-0.00935,0.00191,9.565e-7,Okbay_2022,TRUE,reported,rAHajN
rs57349798,6,37486052,A,G,0.39886,0.00912,0.00176,2.343e-7,Okbay_2022,TRUE,reported,rAHajN
rs7312511,12,13582753,T,C,0.104697,-0.00882,0.00291,0.002412,Okbay_2022,TRUE,reported,rAHajN
rs72674843,8,95533000,T,C,0.724961,-0.00782,0.00199,8.851e-5,Okbay_2022,TRUE,reported,rAHajN
rs8017026,14,30026463,C,G,0.0747151,-0.01025,0.00368,0.005427,Okbay_2022,TRUE,reported,rAHajN
rs6534338,4,123026869,T,C,0.297644,0.01106,0.00188,4.14e-9,Okbay_2022,TRUE,reported,rAHajN
rs7099779,10,116689868,A,G,0.507977,0.00277,0.00173,0.1096,Okbay_2022,TRUE,reported,rAHajN
rs1820986,2,68075346,A,G,0.146905,-0.01029,0.00252,4.543e-5,Okbay_2022,TRUE,reported,rAHajN
rs139872934,2,107543830,T,C,0.09421,0.00919,0.00297,0.001971,Okbay_2022,TRUE,reported,rAHajN
rs795540,5,13817984,T,C,0.590622,-0.00619,0.00176,4.263e-4,Okbay_2022,TRUE,reported,rAHajN
rs11724690,4,186764747,T,G,0.282861,0.0074,0.00192,1.139e-4,Okbay_2022,TRUE,reported,rAHajN
rs8044562,16,82876486,A,G,0.276794,-0.00984,0.0019,2.238e-7,Okbay_2022,TRUE,reported,rAHajN
rs16962221,16,13602800,A,G,0.350955,0.00553,0.00181,0.002235,Okbay_2022,TRUE,reported,rAHajN
rs184654,11,72364405,C,G,0.838451,0.01952,0.00234,6.762e-17,Okbay_2022,TRUE,reported,rAHajN
rs2160514,12,16756508,A,C,0.567508,-0.01004,0.00174,7.63e-9,Okbay_2022,TRUE,reported,rAHajN
rs424387,12,124610849,C,G,0.598583,-0.00657,0.00176,1.937e-4,Okbay_2022,TRUE,reported,rAHajN
rs13010288,2,51824512,T,G,0.12331399999999999,0.02237,0.00257,3.06e-18,Okbay_2022,TRUE,reported,rAHajN
rs114468556,5,92870246,A,T,0.0370804,0.02763,0.00439,3.045e-10,Okbay_2022,TRUE,reported,rAHajN
rs11176598,12,67534969,T,C,0.700693,0.00591,0.00191,0.001943,Okbay_2022,TRUE,reported,rAHajN
rs2610990,4,18008232,A,G,0.273545,0.01128,0.00196,8.671e-9,Okbay_2022,TRUE,reported,rAHajN
rs11159067,14,74637444,A,G,0.657545,0.00968,0.00185,1.708e-7,Okbay_2022,TRUE,reported,rAHajN
rs72915557,2,175199092,A,G,0.0519711,-0.023,0.0037200000000000002,6.07e-10,Okbay_2022,TRUE,reported,rAHajN
rs67171806,5,135501082,T,G,0.908377,0.00722,0.0033,0.02896,Okbay_2022,TRUE,reported,rAHajN
rs34719425,6,167620407,T,C,0.25097,0.0103,0.00202,3.506e-7,Okbay_2022,TRUE,reported,rAHajN
rs4390219,1,32267747,T,C,0.31409,-0.00759,0.00187,5.088e-5,Okbay_2022,TRUE,reported,rAHajN
rs150121450,13,105773449,T,G,0.0285186,0.01464,0.00491,0.002845,Okbay_2022,TRUE,reported,rAHajN
rs1156541,18,39952989,T,C,0.763335,0.00549,0.00205,0.007459,Okbay_2022,TRUE,reported,rAHajN
rs12362273,11,110022157,A,C,0.771743,-0.01055,0.00203,1.92e-7,Okbay_2022,TRUE,reported,rAHajN
rs1392816,1,66481188,T,C,0.371528,0.00783,0.00178,1.077e-5,Okbay_2022,TRUE,reported,rAHajN
rs10193498,2,174094345,A,T,0.730536,0.01232,0.00202,1.156e-9,Okbay_2022,TRUE,reported,rAHajN
rs4718577,7,66932259,T,C,0.308916,0.00702,0.00191,2.339e-4,Okbay_2022,TRUE,reported,rAHajN
rs117005905,6,114218608,T,C,0.115491,0.01822,0.00277,4.819e-11,Okbay_2022,TRUE,reported,rAHajN
rs111922189,6,124654845,A,G,0.9807977,-0.00417,0.00656,0.5249,Okbay_2022,TRUE,reported,rAHajN
rs62367470,5,45192276,T,C,0.1838,0.01072,0.00231,3.495e-6,Okbay_2022,TRUE,reported,rAHajN
rs9537509,13,57509685,T,C,0.744256,-0.00888,0.00198,7.21e-6,Okbay_2022,TRUE,reported,rAHajN
rs10887592,10,88143472,A,G,0.256452,0.00933,0.00195,1.699e-6,Okbay_2022,TRUE,reported,rAHajN
rs4869579,5,38231257,T,C,0.515645,0.00651,0.00173,1.752e-4,Okbay_2022,TRUE,reported,rAHajN
rs1125854,7,131927170,T,C,0.361334,-0.00592,0.00179,9.06e-4,Okbay_2022,TRUE,reported,rAHajN
rs9635366,15,65804986,A,G,0.211041,0.01447,0.00224,1.101e-10,Okbay_2022,TRUE,reported,rAHajN
rs144241352,6,115574188,A,T,0.0353711,-0.01705,0.00538,0.001544,Okbay_2022,TRUE,reported,rAHajN
rs3863241,8,73890335,T,C,0.536187,-0.00646,0.00173,1.942e-4,Okbay_2022,TRUE,reported,rAHajN
rs6020560,20,49119419,T,C,0.51389,-0.00807,0.00173,3.193e-6,Okbay_2022,TRUE,reported,rAHajN
rs590013,1,29155738,T,C,0.650293,0.01266,0.00185,7.943e-12,Okbay_2022,TRUE,reported,rAHajN
rs3796432,4,96030402,T,G,0.365938,0.00801,0.00179,7.845e-6,Okbay_2022,TRUE,reported,rAHajN
rs2063569,1,211563175,C,G,0.373745,-0.00981,0.00179,4.303e-8,Okbay_2022,TRUE,reported,rAHajN
rs903981,5,178390237,T,G,0.431414,-0.00605,0.00176,5.966e-4,Okbay_2022,TRUE,reported,rAHajN
rs1865880,3,161515597,T,C,0.354774,-0.00426,0.0018,0.01789,Okbay_2022,TRUE,reported,rAHajN
rs56306348,14,36876908,A,G,0.624761,0.00528,0.00181,0.003464,Okbay_2022,TRUE,reported,rAHajN
rs10168798,2,61963230,T,C,0.372744,0.00759,0.0018,2.438e-5,Okbay_2022,TRUE,reported,rAHajN
rs7172133,15,96025311,A,C,0.688605,0.00573,0.0018600000000000001,0.002088,Okbay_2022,TRUE,reported,rAHajN
rs2824194,21,18422045,A,T,0.495642,0.00736,0.00173,2.06e-5,Okbay_2022,TRUE,reported,rAHajN
rs4467547,4,21945933,T,G,0.384416,0.01202,0.00177,1.253e-11,Okbay_2022,TRUE,reported,rAHajN
rs356903,18,26284807,T,C,0.266615,-0.00693,0.002,5.374e-4,Okbay_2022,TRUE,reported,rAHajN
rs35414043,15,66839394,A,G,0.0773483,-0.01369,0.00334,4.139e-5,Okbay_2022,TRUE,reported,rAHajN
rs78462816,4,38300662,A,G,0.887558,-0.01187,0.00264,7.008e-6,Okbay_2022,TRUE,reported,rAHajN
rs1483148,2,142319770,T,G,0.719048,0.01087,0.00193,1.838e-8,Okbay_2022,TRUE,reported,rAHajN
rs7027019,9,84191267,T,C,0.677271,-0.00994,0.0018600000000000001,9.124e-8,Okbay_2022,TRUE,reported,rAHajN
rs35375125,1,169248652,T,C,0.62183600000000006,-0.00734,0.00179,4.164e-5,Okbay_2022,TRUE,reported,rAHajN
rs9871964,3,178374095,T,C,0.181013,-0.00734,0.00226,0.00119,Okbay_2022,TRUE,reported,rAHajN
rs1438993,12,90596815,T,C,0.281152,0.0055,0.00195,0.004846,Okbay_2022,TRUE,reported,rAHajN
rs382196,3,9145554,T,G,0.360841,-0.01046,0.00178,3.764e-9,Okbay_2022,TRUE,reported,rAHajN
rs28588750,7,133629138,A,G,0.654881,0.01465,0.0018,3.699e-16,Okbay_2022,TRUE,reported,rAHajN
rs12113634,7,111996952,T,C,0.65,0.00802,0.00182,1.056e-5,Okbay_2022,TRUE,reported,rAHajN
rs112780312,1,153797015,A,G,0.283508,-0.0081,0.00192,2.556e-5,Okbay_2022,TRUE,reported,rAHajN
rs77187837,13,54086522,T,C,0.122713,0.01277,0.00258,7.385e-7,Okbay_2022,TRUE,reported,rAHajN
rs9896379,17,55740154,T,C,0.9196335,0.01177,0.0033,3.685e-4,Okbay_2022,TRUE,reported,rAHajN
rs11839131,13,113748379,A,C,0.193471,0.00739,0.0023,0.001331,Okbay_2022,TRUE,reported,rAHajN
rs1128687,17,78973474,T,C,0.59247,-0.00574,0.00176,0.001124,Okbay_2022,TRUE,reported,rAHajN
rs75795256,3,82998151,T,C,0.9097937,-0.01089,0.00311,4.622e-4,Okbay_2022,TRUE,reported,rAHajN
rs2294605,16,1400693,T,C,0.418679,-0.00618,0.00178,5.248e-4,Okbay_2022,TRUE,reported,rAHajN
rs4883624,12,133212737,T,C,0.465953,-0.00426,0.00174,0.01438,Okbay_2022,TRUE,reported,rAHajN
rs117006647,13,97865758,T,C,0.0384971,0.00788,0.00465,0.09032,Okbay_2022,TRUE,reported,rAHajN
rs1866710,11,12875312,A,G,0.285987,-0.01587,0.00192,1.521e-16,Okbay_2022,TRUE,reported,rAHajN
rs6898748,5,25062052,T,C,0.56024,-0.00755,0.00174,1.459e-5,Okbay_2022,TRUE,reported,rAHajN
rs1291865,10,11082192,T,G,0.53785,-0.0123,0.00173,1.196e-12,Okbay_2022,TRUE,reported,rAHajN
rs12790564,11,728992,C,G,0.458177,0.00339,0.00182,0.06163,Okbay_2022,TRUE,reported,rAHajN
rs6428152,1,193129154,A,G,0.290037,-0.01076,0.00192,2.266e-8,Okbay_2022,TRUE,reported,rAHajN
rs846195,20,59165120,A,G,0.726517,0.00689,0.00191,3.036e-4,Okbay_2022,TRUE,reported,rAHajN
rs7668960,4,172448875,T,C,0.17028,0.0163,0.00241,1.466e-11,Okbay_2022,TRUE,reported,rAHajN
rs72695265,1,112155679,T,C,0.225778,-0.01376,0.00203,1.359e-11,Okbay_2022,TRUE,reported,rAHajN
rs795227,6,4391433,C,G,0.324577,0.00237,0.00181,0.19,Okbay_2022,TRUE,reported,rAHajN
rs60814418,17,43850645,T,C,0.214444,-0.02015,0.00214,5.148e-21,Okbay_2022,TRUE,reported,rAHajN
rs80049472,10,68771787,A,G,0.103942,-0.00317,0.00277,0.2512,Okbay_2022,TRUE,reported,rAHajN
rs4818226,21,42633065,A,G,0.31446,0.01495,0.00185,6.444e-16,Okbay_2022,TRUE,reported,rAHajN
rs1689510,12,56396768,C,G,0.31449,0.0183,0.00183,1.781e-23,Okbay_2022,TRUE,reported,rAHajN
rs55972503,5,167666736,C,G,0.774269,-0.00467,0.00207,0.02397,Okbay_2022,TRUE,reported,rAHajN
rs10732635,1,114519351,T,G,0.551293,0.00465,0.00174,0.007674,Okbay_2022,TRUE,reported,rAHajN
rs7430651,3,116582186,T,C,0.274207,-0.01367,0.00191,7.971e-13,Okbay_2022,TRUE,reported,rAHajN
rs1278537,1,50882159,T,G,0.478318,-0.00362,0.00173,0.03666,Okbay_2022,TRUE,reported,rAHajN
rs72625841,3,21430442,T,G,0.714937,0.00758,0.00199,1.39e-4,Okbay_2022,TRUE,reported,rAHajN
rs7254263,19,30741257,T,C,0.29498,-0.01004,0.00193,1.894e-7,Okbay_2022,TRUE,reported,rAHajN
rs11772108,7,54711985,A,T,0.7172,-0.01192,0.00195,1.077e-9,Okbay_2022,TRUE,reported,rAHajN
rs12897763,14,29638938,A,G,0.189159,0.01985,0.0022,1.504e-19,Okbay_2022,TRUE,reported,rAHajN
rs62365564,5,102827105,A,G,0.27838,-0.00655,0.00194,7.528e-4,Okbay_2022,TRUE,reported,rAHajN
rs13317948,3,107594466,T,C,0.162103,0.0037,0.00239,0.1213,Okbay_2022,TRUE,reported,rAHajN
rs67033024,14,73512560,A,G,0.847598,0.00723,0.0026,0.005334,Okbay_2022,TRUE,reported,rAHajN
rs10785364,12,43031381,C,G,0.270881,-0.00926,0.00195,2.084e-6,Okbay_2022,TRUE,reported,rAHajN
rs2631535,17,50396092,A,G,0.336141,0.00829,0.0018600000000000001,7.907e-6,Okbay_2022,TRUE,reported,rAHajN
rs12150824,18,5922014,A,G,0.255205,0.00826,0.00197,2.669e-5,Okbay_2022,TRUE,reported,rAHajN
rs12540793,7,39372115,C,G,0.568525,-0.00583,0.00175,8.669e-4,Okbay_2022,TRUE,reported,rAHajN
rs35413307,13,112191778,T,G,0.403203,0.00695,0.00177,8.895e-5,Okbay_2022,TRUE,reported,rAHajN
rs28510636,21,21159423,A,T,0.0985217,-0.00717,0.0029,0.01362,Okbay_2022,TRUE,reported,rAHajN
rs854943,22,20264301,T,G,0.476917,0.0083,0.00198,2.611e-5,Okbay_2022,TRUE,reported,rAHajN
rs6052670,20,4574349,A,G,0.215353,-0.00699,0.00219,0.00142,Okbay_2022,TRUE,reported,rAHajN
rs2447091,17,2296014,T,C,0.627472,0.01031,0.00179,9.063e-9,Okbay_2022,TRUE,reported,rAHajN
rs6954262,7,49584146,C,G,0.617893,0.00506,0.00178,0.004403,Okbay_2022,TRUE,reported,rAHajN
rs3943933,5,63020327,A,T,0.507607,-0.01209,0.00173,2.72e-12,Okbay_2022,TRUE,reported,rAHajN
rs1329125,1,234740880,T,C,0.308208,-0.01024,0.00185,2.831e-8,Okbay_2022,TRUE,reported,rAHajN
rs2630767,5,176870700,T,C,0.474376,0.0162,0.00175,1.8690000000000002e-20,Okbay_2022,TRUE,reported,rAHajN
rs2614463,14,99746274,A,T,0.611441,-0.0103,0.00176,4.779e-9,Okbay_2022,TRUE,reported,rAHajN
rs12632133,3,131800709,A,G,0.0779027,0.01395,0.00331,2.481e-5,Okbay_2022,TRUE,reported,rAHajN
rs960740,4,35459174,A,T,0.484478,-0.00668,0.00173,1.119e-4,Okbay_2022,TRUE,reported,rAHajN
rs80352808,1,22955229,A,G,0.286803,-0.00506,0.00193,0.008606,Okbay_2022,TRUE,reported,rAHajN
rs4667878,2,167015812,A,T,0.186126,0.0076,0.00217,4.653e-4,Okbay_2022,TRUE,reported,rAHajN
rs6466819,7,122097058,A,G,0.370696,-0.00984,0.0018,4.933e-8,Okbay_2022,TRUE,reported,rAHajN
rs17503473,5,120102553,T,C,0.705266,0.01308,0.00187,2.852e-12,Okbay_2022,TRUE,reported,rAHajN
rs9922788,16,12243932,A,G,0.408331,0.01101,0.00174,2.326e-10,Okbay_2022,TRUE,reported,rAHajN
rs76006448,14,77482269,A,G,0.0330613,-0.01506,0.0052,0.003798,Okbay_2022,TRUE,reported,rAHajN
rs6595530,5,123863028,A,T,0.429735,0.00644,0.00174,2.182e-4,Okbay_2022,TRUE,reported,rAHajN
rs10865834,3,31599298,A,G,0.253896,-0.0071,0.00202,4.372e-4,Okbay_2022,TRUE,reported,rAHajN
rs12937411,17,34950239,T,C,0.400847,0.00907,0.00176,2.421e-7,Okbay_2022,TRUE,reported,rAHajN
rs2884364,2,161977647,A,G,0.374299,-0.01578,0.00178,8.153e-19,Okbay_2022,TRUE,reported,rAHajN
rs34407918,6,122882488,A,G,0.727395,0.00662,0.00194,6.286e-4,Okbay_2022,TRUE,reported,rAHajN
rs303752,18,21074255,A,G,0.402402,-0.01515,0.00176,7.705e-18,Okbay_2022,TRUE,reported,rAHajN
rs9496630,6,143752193,A,T,0.27701,-0.0089,0.00191,3.326e-6,Okbay_2022,TRUE,reported,rAHajN
rs12155540,8,93206092,T,C,0.329889,0.0089,0.00184,1.264e-6,Okbay_2022,TRUE,reported,rAHajN
rs6776819,3,3961273,A,G,0.470003,0.00564,0.00174,0.001198,Okbay_2022,TRUE,reported,rAHajN
rs62114178,19,58778451,A,G,0.360333,0.00668,0.0018,2.007e-4,Okbay_2022,TRUE,reported,rAHajN
rs10458465,1,217102286,T,C,0.48862,-0.0037,0.00173,0.03254,Okbay_2022,TRUE,reported,rAHajN
rs66671632,8,143680772,T,C,0.153311,-0.01837,0.00258,1.154e-12,Okbay_2022,TRUE,reported,rAHajN
rs11664320,18,50872623,T,C,0.591346,0.01577,0.00174,1.436e-19,Okbay_2022,TRUE,reported,rAHajN
rs7356921,6,152223003,T,C,0.24595,-0.014880000000000001,0.002,9.804e-14,Okbay_2022,TRUE,reported,rAHajN
rs2026037,9,23762529,T,C,0.848753,0.01673,0.00233,6.587e-13,Okbay_2022,TRUE,reported,rAHajN
rs71622934,4,184831547,A,C,0.9732676,-0.01674,0.00534,0.001704,Okbay_2022,TRUE,reported,rAHajN
rs171697,5,103956516,C,G,0.687604,0.01291,0.00184,2.58e-12,Okbay_2022,TRUE,reported,rAHajN
rs6506372,18,6316027,A,G,0.145596,-0.00863,0.0026,9.097e-4,Okbay_2022,TRUE,reported,rAHajN
rs35583726,9,8533697,A,G,0.836372,0.00895,0.00233,1.197e-4,Okbay_2022,TRUE,reported,rAHajN
rs1861786,12,14000467,A,G,0.376948,-0.00678,0.00178,1.364e-4,Okbay_2022,TRUE,reported,rAHajN
rs2048318,16,62047919,T,C,0.247798,0.00622,0.00201,0.001962,Okbay_2022,TRUE,reported,rAHajN
rs11181124,12,42115447,T,C,0.797351,-0.00897,0.00208,1.623e-5,Okbay_2022,TRUE,reported,rAHajN
rs10763979,10,34602764,A,G,0.61546,0.00909,0.00178,3.442e-7,Okbay_2022,TRUE,reported,rAHajN
rs2586235,17,55551488,T,C,0.830982,0.0059,0.00235,0.01199,Okbay_2022,TRUE,reported,rAHajN
rs116522430,4,136116837,T,C,0.9751001,-0.01861,0.00526,4.035e-4,Okbay_2022,TRUE,reported,rAHajN
rs1058790,1,8413839,A,G,0.806021,-0.01717,0.00232,1.42e-13,Okbay_2022,TRUE,reported,rAHajN
rs1786313,8,101737075,T,C,0.308885,0.00965,0.0018600000000000001,2.251e-7,Okbay_2022,TRUE,reported,rAHajN
rs7306755,12,123767929,A,G,0.198168,0.025,0.00214,1.553e-31,Okbay_2022,TRUE,reported,rAHajN
rs2841425,1,213361627,A,C,0.180413,-0.00857,0.00226,1.472e-4,Okbay_2022,TRUE,reported,rAHajN
rs7936656,11,76203671,A,G,0.313813,-0.00844,0.0018600000000000001,5.541e-6,Okbay_2022,TRUE,reported,rAHajN
rs9914251,17,5394882,A,G,0.750616,0.00676,0.00201,7.717e-4,Okbay_2022,TRUE,reported,rAHajN
rs6499084,16,66466538,A,G,0.353911,0.00527,0.00182,0.003864,Okbay_2022,TRUE,reported,rAHajN
rs4691601,4,160599341,A,T,0.46118,-0.01339,0.00173,1.17e-14,Okbay_2022,TRUE,reported,rAHajN
rs6911986,6,52857694,T,C,0.268833,-0.0068,0.00196,5.336e-4,Okbay_2022,TRUE,reported,rAHajN
rs9461242,6,26314619,T,C,0.350955,-0.0164,0.00179,4.2970000000000004e-20,Okbay_2022,TRUE,reported,rAHajN
rs77882218,18,53415063,T,C,0.9696027,-0.0261,0.00542,1.49e-6,Okbay_2022,TRUE,reported,rAHajN
rs1485272,3,3727589,T,C,0.644888,-0.00867,0.00183,2.235e-6,Okbay_2022,TRUE,reported,rAHajN
rs17563464,5,26913774,A,C,0.202525,-0.01641,0.00215,2.391e-14,Okbay_2022,TRUE,reported,rAHajN
rs10766450,11,18039056,C,G,0.446027,-0.00413,0.00174,0.01782,Okbay_2022,TRUE,reported,rAHajN
rs60053512,17,60095315,A,G,0.167447,0.00994,0.00236,2.636e-5,Okbay_2022,TRUE,reported,rAHajN
rs1971218,2,221835288,A,G,0.51911,0.0072,0.00178,5.046e-5,Okbay_2022,TRUE,reported,rAHajN
rs10014934,4,137526995,T,C,0.611318,0.01045,0.00179,4.95e-9,Okbay_2022,TRUE,reported,rAHajN
rs11757278,6,13180454,T,C,0.692624,-0.00886,0.0018600000000000001,1.95e-6,Okbay_2022,TRUE,reported,rAHajN
rs4650228,1,74239827,A,G,0.462196,-0.0101,0.00173,5.695e-9,Okbay_2022,TRUE,reported,rAHajN
rs12768641,10,134966154,A,G,0.767447,0.01104,0.00205,6.853e-8,Okbay_2022,TRUE,reported,rAHajN
rs11749500,5,157194474,A,C,0.24016,-0.00702,0.00201,4.902e-4,Okbay_2022,TRUE,reported,rAHajN
rs56315928,19,7999321,C,G,0.9277795,0.01049,0.00367,0.004218,Okbay_2022,TRUE,reported,rAHajN
rs28561815,15,47292863,T,G,0.301432,0.00639,0.00195,0.001021,Okbay_2022,TRUE,reported,rAHajN
rs7236339,18,77579773,A,G,0.203419,-0.01353,0.00207,6.524e-11,Okbay_2022,TRUE,reported,rAHajN
rs2570492,2,104447905,A,G,0.395719,0.0134,0.00177,3.627e-14,Okbay_2022,TRUE,reported,rAHajN
rs7026972,9,111750523,T,C,0.649461,-0.01014,0.0018,1.71e-8,Okbay_2022,TRUE,reported,rAHajN
rs80257979,12,49402562,T,G,0.9701571,-0.02702,0.00498,5.629e-8,Okbay_2022,TRUE,reported,rAHajN
rs9937449,16,78171376,T,C,0.550693,0.00852,0.00174,1.005e-6,Okbay_2022,TRUE,reported,rAHajN
rs34984805,17,9987091,T,C,0.530382,0.00676,0.00173,9.303e-5,Okbay_2022,TRUE,reported,rAHajN
rs72890842,2,172843278,T,G,0.765152,0.01183,0.002,3.639e-9,Okbay_2022,TRUE,reported,rAHajN
rs799443,7,44769013,A,T,0.671127,-0.01139,0.00184,5.732e-10,Okbay_2022,TRUE,reported,rAHajN
rs17812330,6,140335268,T,G,0.257453,-0.00743,0.00196,1.46e-4,Okbay_2022,TRUE,reported,rAHajN
rs9985296,3,36889621,T,C,0.384232,-0.01232,0.00178,4.433e-12,Okbay_2022,TRUE,reported,rAHajN
rs9555651,13,110587023,T,C,0.155266,0.00956,0.00228,2.851e-5,Okbay_2022,TRUE,reported,rAHajN
rs7131691,12,64540960,A,G,0.484247,-0.00888,0.00175,3.775e-7,Okbay_2022,TRUE,reported,rAHajN
rs4663617,2,236744626,A,T,0.230413,0.01219,0.00206,3.007e-9,Okbay_2022,TRUE,reported,rAHajN
rs3012384,6,170468361,T,C,0.381367,0.00817,0.00182,6.814e-6,Okbay_2022,TRUE,reported,rAHajN
rs1632822,9,118225902,C,G,0.369125,0.00644,0.00178,3.026e-4,Okbay_2022,TRUE,reported,rAHajN
rs10180845,2,41475868,T,C,0.656098,-0.00605,0.0018,7.581e-4,Okbay_2022,TRUE,reported,rAHajN
rs2504846,6,40373846,T,C,0.031675,-0.02206,0.00516,1.911e-5,Okbay_2022,TRUE,reported,rAHajN
rs115003386,3,155310977,C,G,0.0509855,0.01108,0.00444,0.01261,Okbay_2022,TRUE,reported,rAHajN
rs76198459,8,39994064,T,G,0.9303973,0.01088,0.00315,5.576e-4,Okbay_2022,TRUE,reported,rAHajN
rs474000,18,2731752,A,G,0.430474,0.00761,0.00174,1.169e-5,Okbay_2022,TRUE,reported,rAHajN
rs12658400,5,179717643,A,T,0.471589,0.00565,0.00174,0.001138,Okbay_2022,TRUE,reported,rAHajN
rs9859719,3,75039122,A,G,0.211395,-0.00728,0.00209,5.111e-4,Okbay_2022,TRUE,reported,rAHajN
rs116173579,1,181801435,T,C,0.0347552,-0.01136,0.00475,0.01678,Okbay_2022,TRUE,reported,rAHajN
rs2430813,8,22863247,T,C,0.764875,0.00808,0.00206,8.946e-5,Okbay_2022,TRUE,reported,rAHajN
rs9930253,16,5815334,A,T,0.280551,-0.00903,0.00193,2.876e-6,Okbay_2022,TRUE,reported,rAHajN
rs62172117,2,144168667,A,G,0.343286,0.01804,0.00181,1.68e-23,Okbay_2022,TRUE,reported,rAHajN
rs422247,6,14913987,T,C,0.739452,0.00965,0.00202,1.663e-6,Okbay_2022,TRUE,reported,rAHajN
rs7328289,13,86937896,T,C,0.794041,-0.00727,0.0021,5.407e-4,Okbay_2022,TRUE,reported,rAHajN
rs565960,1,175850823,T,C,0.702325,0.01272,0.00194,5.014e-11,Okbay_2022,TRUE,reported,rAHajN
rs113389222,3,34215436,T,C,0.11409,-0.01281,0.00262,1.052e-6,Okbay_2022,TRUE,reported,rAHajN
rs1738050,1,44707295,C,G,0.630459,-0.01086,0.00178,1.101e-9,Okbay_2022,TRUE,reported,rAHajN
rs6580068,5,153673621,T,C,0.224638,-0.01028,0.00209,9.226e-7,Okbay_2022,TRUE,reported,rAHajN
rs7449561,6,66215549,A,G,0.234278,0.01236,0.00207,2.528e-9,Okbay_2022,TRUE,reported,rAHajN
rs7304399,12,14645350,A,G,0.4585,0.01421,0.00174,2.709e-16,Okbay_2022,TRUE,reported,rAHajN
rs13394203,2,142785189,A,G,0.9388051,0.01229,0.00389,0.001568,Okbay_2022,TRUE,reported,rAHajN
rs9540731,13,66949370,T,C,0.500693,0.00849,0.00173,9.205e-7,Okbay_2022,TRUE,reported,rAHajN
rs1490834,5,107050463,A,G,0.549892,-0.00695,0.00173,6.015e-5,Okbay_2022,TRUE,reported,rAHajN
rs792213,10,90174202,A,C,0.41178,0.00995,0.00175,1.385e-8,Okbay_2022,TRUE,reported,rAHajN
rs72698179,1,154522394,A,C,0.0260548,0.02492,0.00523,1.846e-6,Okbay_2022,TRUE,reported,rAHajN
rs33002,5,80165378,A,T,0.463382,-0.00712,0.00175,4.543e-5,Okbay_2022,TRUE,reported,rAHajN
rs11571404,12,1041450,T,C,0.175716,0.00819,0.00217,1.629e-4,Okbay_2022,TRUE,reported,rAHajN
rs61964892,13,42300560,T,C,0.781999,-0.00577,0.00209,0.005807,Okbay_2022,TRUE,reported,rAHajN
rs6801153,3,24113697,T,C,0.247351,-0.00822,0.00202,4.611e-5,Okbay_2022,TRUE,reported,rAHajN
rs141503359,7,1924215,T,C,0.0142593,-0.01206,0.00884,0.1723,Okbay_2022,TRUE,reported,rAHajN
rs2209625,10,747115,T,G,0.634771,-0.00168,0.00187,0.3672,Okbay_2022,TRUE,reported,rAHajN
rs2174752,13,69332015,T,G,0.435186,-0.00823,0.00173,2.087e-6,Okbay_2022,TRUE,reported,rAHajN
rs35319653,4,140903155,T,C,0.326178,0.01302,0.00182,8.018e-13,Okbay_2022,TRUE,reported,rAHajN
rs73055556,3,28027538,A,G,0.135587,0.01203,0.00251,1.644e-6,Okbay_2022,TRUE,reported,rAHajN
rs2901785,1,174104743,A,G,0.468817,0.00876,0.00174,4.942e-7,Okbay_2022,TRUE,reported,rAHajN
rs3869097,6,30984470,T,C,0.333061,-0.0084,0.00189,9.118e-6,Okbay_2022,TRUE,reported,rAHajN
rs4805761,19,32951800,A,G,0.150277,-0.01388,0.00241,8.705e-9,Okbay_2022,TRUE,reported,rAHajN
rs6545559,2,56450431,T,C,0.316554,-0.00911,0.00187,1.056e-6,Okbay_2022,TRUE,reported,rAHajN
rs2210174,14,83600010,T,C,0.622498,0.00531,0.00178,0.002837,Okbay_2022,TRUE,reported,rAHajN
rs1980099,8,9686297,A,G,0.79595,0.01168,0.00223,1.582e-7,Okbay_2022,TRUE,reported,rAHajN
rs4076457,15,78007213,T,C,0.237912,0.01538,0.002,1.294e-14,Okbay_2022,TRUE,reported,rAHajN
rs4679353,3,126942635,A,G,0.614844,0.0073,0.00179,4.38e-5,Okbay_2022,TRUE,reported,rAHajN
rs6502670,17,1328381,T,G,0.617416,-0.00789,0.0018600000000000001,2.246e-5,Okbay_2022,TRUE,reported,rAHajN
rs11634241,15,99259016,A,G,0.357453,-0.00689,0.00181,1.414e-4,Okbay_2022,TRUE,reported,rAHajN
rs72778512,5,81514511,C,G,0.9133354,-0.01371,0.00304,6.539e-6,Okbay_2022,TRUE,reported,rAHajN
rs4409028,4,118276666,A,C,0.63611,0.00446,0.0018,0.01293,Okbay_2022,TRUE,reported,rAHajN
rs1461224,5,153186237,T,G,0.544349,0.00597,0.00173,5.587e-4,Okbay_2022,TRUE,reported,rAHajN
rs12506222,4,67899250,T,C,0.467354,-0.01468,0.00174,3.896e-17,Okbay_2022,TRUE,reported,rAHajN
rs1835388,4,65603569,T,C,0.482738,-0.00852,0.00173,9.038e-7,Okbay_2022,TRUE,reported,rAHajN
rs5765717,22,44917646,T,G,0.478164,-0.01016,0.00173,4.204e-9,Okbay_2022,TRUE,reported,rAHajN
rs9452262,6,93850136,T,G,0.913628,-0.01128,0.00331,6.553e-4,Okbay_2022,TRUE,reported,rAHajN
rs165633,22,29880773,A,G,0.7836,-0.0119,0.002,2.894e-9,Okbay_2022,TRUE,reported,rAHajN
rs224663,11,32027444,A,G,0.177364,0.0056,0.00228,0.01425,Okbay_2022,TRUE,reported,rAHajN
rs1483814,8,77807279,T,G,0.191407,0.00517,0.00214,0.01597,Okbay_2022,TRUE,reported,rAHajN
rs6093705,20,41257630,A,C,0.682984,0.01035,0.00184,1.88e-8,Okbay_2022,TRUE,reported,rAHajN
rs10240905,7,32263069,T,C,0.373529,-0.01409,0.0018,4.244e-15,Okbay_2022,TRUE,reported,rAHajN
rs837080,8,130925116,T,C,0.535048,-0.01231,0.00173,1.21e-12,Okbay_2022,TRUE,reported,rAHajN
rs6761772,2,84551902,A,G,0.15967,-0.01098,0.00242,5.488e-6,Okbay_2022,TRUE,reported,rAHajN
rs485169,18,40985522,T,G,0.788435,0.00462,0.00218,0.03426,Okbay_2022,TRUE,reported,rAHajN
rs12807135,11,115053508,C,G,0.493086,-0.0072,0.00173,3.197e-5,Okbay_2022,TRUE,reported,rAHajN
rs4788080,16,28558081,T,C,0.356498,-0.01819,0.00179,2.485e-24,Okbay_2022,TRUE,reported,rAHajN
rs115844726,1,179785909,A,G,0.0131814,-0.01087,0.00644,0.09159,Okbay_2022,TRUE,reported,rAHajN
rs9388490,6,126704795,T,C,0.471712,0.01231,0.00174,1.67e-12,Okbay_2022,TRUE,reported,rAHajN
rs10860124,12,78609117,T,C,0.739775,0.00891,0.00211,2.394e-5,Okbay_2022,TRUE,reported,rAHajN
rs10202640,2,28434477,A,G,0.195966,-0.00715,0.00218,0.001014,Okbay_2022,TRUE,reported,rAHajN
rs10867548,9,83093792,A,G,0.861488,0.00918,0.00244,1.638e-4,Okbay_2022,TRUE,reported,rAHajN
rs35578235,12,42669549,T,C,0.117801,-0.00884,0.00256,5.503e-4,Okbay_2022,TRUE,reported,rAHajN
rs7240432,18,9590896,T,G,0.360687,0.00927,0.0018,2.806e-7,Okbay_2022,TRUE,reported,rAHajN
rs6440854,3,152948430,A,G,0.871759,0.01205,0.00258,3.087e-6,Okbay_2022,TRUE,reported,rAHajN
rs72717150,14,57314430,A,G,0.0694641,-0.01883,0.00328,9.852e-9,Okbay_2022,TRUE,reported,rAHajN
rs1880692,11,80338069,A,G,0.541839,0.01061,0.00173,8.938e-10,Okbay_2022,TRUE,reported,rAHajN
rs3783006,13,99111209,C,G,0.418817,0.01109,0.00174,1.902e-10,Okbay_2022,TRUE,reported,rAHajN
rs181164682,11,62462217,A,T,0.0149985,0.02901,0.00587,7.67e-7,Okbay_2022,TRUE,reported,rAHajN
rs2275154,1,243433654,A,G,0.675192,0.01748,0.00185,3.108e-21,Okbay_2022,TRUE,reported,rAHajN
rs11995853,8,68194809,A,G,0.0284416,-0.02511,0.00556,6.246e-6,Okbay_2022,TRUE,reported,rAHajN
rs2239736,4,2438929,T,C,0.510286,0.00813,0.00173,2.648e-6,Okbay_2022,TRUE,reported,rAHajN
rs11883202,19,7117506,A,G,0.221913,-0.00404,0.00222,0.06838,Okbay_2022,TRUE,reported,rAHajN
rs1295330,17,19318031,A,G,0.310764,-0.0044,0.00189,0.01979,Okbay_2022,TRUE,reported,rAHajN
rs7280000,21,39598054,C,G,0.447613,0.0084,0.00176,1.764e-6,Okbay_2022,TRUE,reported,rAHajN
rs17088142,13,71948305,T,G,0.452787,-0.00688,0.00173,7.167e-5,Okbay_2022,TRUE,reported,rAHajN
rs17649841,7,13688583,A,C,0.227348,-0.00733,0.00201,2.651e-4,Okbay_2022,TRUE,reported,rAHajN
rs74677779,3,78381089,C,G,0.9560825,-0.01979,0.00421,2.586e-6,Okbay_2022,TRUE,reported,rAHajN
rs9652254,13,84759044,A,G,0.602541,0.00457,0.00176,0.009255,Okbay_2022,TRUE,reported,rAHajN
rs6704768,2,233592501,A,G,0.541839,-0.01263,0.00174,4.473e-13,Okbay_2022,TRUE,reported,rAHajN
rs4557236,4,173955750,A,G,0.296612,-0.00732,0.0018600000000000001,8.043e-5,Okbay_2022,TRUE,reported,rAHajN
rs11028323,11,25009896,A,C,0.514675,-0.01171,0.00174,1.592e-11,Okbay_2022,TRUE,reported,rAHajN
rs17224289,8,74703133,T,C,0.117632,-0.01306,0.00268,1.128e-6,Okbay_2022,TRUE,reported,rAHajN
rs6960056,7,92673154,A,G,0.450616,0.01273,0.00175,3.053e-13,Okbay_2022,TRUE,reported,rAHajN
rs10487992,7,90559340,T,G,0.792147,0.00771,0.00214,3.202e-4,Okbay_2022,TRUE,reported,rAHajN
rs7979979,12,106917159,T,C,0.226548,-0.00859,0.00201,1.969e-5,Okbay_2022,TRUE,reported,rAHajN
rs4726070,7,151328218,A,G,0.593086,0.0127,0.00177,6.595e-13,Okbay_2022,TRUE,reported,rAHajN
rs10186870,2,6712550,T,G,0.605759,-0.00307,0.00178,0.08417,Okbay_2022,TRUE,reported,rAHajN
rs17565975,11,111586950,A,G,0.529504,-0.0115,0.00174,4.051e-11,Okbay_2022,TRUE,reported,rAHajN
rs2900223,9,102596321,A,G,0.7255,0.00363,0.00202,0.07316,Okbay_2022,TRUE,reported,rAHajN
rs2214631,7,88507921,A,T,0.311287,0.00911,0.00195,2.929e-6,Okbay_2022,TRUE,reported,rAHajN
rs11773992,8,12667804,C,G,0.16178,-0.0126,0.00228,3.195e-8,Okbay_2022,TRUE,reported,rAHajN
rs1167796,7,75173180,A,G,0.423837,0.01195,0.00175,8.491e-12,Okbay_2022,TRUE,reported,rAHajN
rs17096452,14,98578983,A,T,0.791284,0.00777,0.00211,2.319e-4,Okbay_2022,TRUE,reported,rAHajN
rs1879310,10,43734775,T,C,0.820973,0.00337,0.00229,0.1403,Okbay_2022,TRUE,reported,rAHajN
rs34316,5,88015545,A,C,0.434694,0.02259,0.0018,2.9819999999999996e-36,Okbay_2022,TRUE,reported,rAHajN
rs63303162,4,176641242,A,G,0.538851,0.01224,0.00174,2.267e-12,Okbay_2022,TRUE,reported,rAHajN
rs378342,15,70186171,T,C,0.269772,-0.00945,0.00198,1.76e-6,Okbay_2022,TRUE,reported,rAHajN
rs76076331,2,10977585,T,C,0.122605,0.0223,0.00252,9.823e-19,Okbay_2022,TRUE,reported,rAHajN
rs10256396,7,151124989,A,C,0.35539,0.00152,0.00185,0.4112,Okbay_2022,TRUE,reported,rAHajN
rs12151015,19,48101797,C,G,0.888343,-0.00767,0.00273,0.004916,Okbay_2022,TRUE,reported,rAHajN
rs2916490,2,80192352,A,G,0.304697,-0.01235,0.00188,5.696e-11,Okbay_2022,TRUE,reported,rAHajN
rs62086577,17,74537095,A,G,0.210625,0.00954,0.00215,8.919e-6,Okbay_2022,TRUE,reported,rAHajN
rs10895719,11,104563483,T,C,0.777826,-0.00902,0.00212,2.027e-5,Okbay_2022,TRUE,reported,rAHajN
rs77899607,10,68691900,T,C,0.108131,0.01279,0.00256,5.792e-7,Okbay_2022,TRUE,reported,rAHajN
rs1884368,1,61839973,T,C,0.232338,0.00725,0.00202,3.373e-4,Okbay_2022,TRUE,reported,rAHajN
rs13244634,7,5273464,T,C,0.238512,-0.00807,0.00205,8.431e-5,Okbay_2022,TRUE,reported,rAHajN
rs34982116,8,9623170,A,C,0.10214,-0.00538,0.00286,0.06007,Okbay_2022,TRUE,reported,rAHajN
rs6704241,1,154814785,A,G,0.67915,0.00784,0.00182,1.555e-5,Okbay_2022,TRUE,reported,rAHajN
rs2304282,8,142229543,A,G,0.407407,0.00673,0.00176,1.323e-4,Okbay_2022,TRUE,reported,rAHajN
rs7039819,9,82430418,A,G,0.58146,0.01063,0.00175,1.125e-9,Okbay_2022,TRUE,reported,rAHajN
rs1455350,2,199497115,A,T,0.507022,-0.0172,0.00173,3.0919999999999996e-23,Okbay_2022,TRUE,reported,rAHajN
rs45470193,20,3585121,A,G,0.0299969,0.01756,0.00483,2.744e-4,Okbay_2022,TRUE,reported,rAHajN
rs10496632,2,125014321,C,G,0.288112,0.01057,0.00192,4.003e-8,Okbay_2022,TRUE,reported,rAHajN
rs11138947,9,72110562,T,C,0.711718,0.01261,0.00194,7.472e-11,Okbay_2022,TRUE,reported,rAHajN
rs4989480,22,32025318,A,G,0.856683,-0.00905,0.00249,2.749e-4,Okbay_2022,TRUE,reported,rAHajN
rs72838750,17,16242993,T,G,0.502418,-0.00676,0.00178,1.387e-4,Okbay_2022,TRUE,reported,rAHajN
rs2726599,8,59718696,T,C,0.37935,-0.00499,0.00182,0.006086,Okbay_2022,TRUE,reported,rAHajN
rs4911257,20,31359574,T,C,0.606729,0.0058,0.00177,0.001066,Okbay_2022,TRUE,reported,rAHajN
rs12962980,18,36915043,C,G,0.187743,0.01045,0.0022,2.138e-6,Okbay_2022,TRUE,reported,rAHajN
rs35115233,8,20190774,A,G,0.611595,-0.00335,0.00184,0.06859,Okbay_2022,TRUE,reported,rAHajN
rs10765789,11,95839543,A,G,0.369233,0.01233,0.00179,4.86e-12,Okbay_2022,TRUE,reported,rAHajN
rs4869852,6,155622481,T,C,0.670604,-0.01089,0.00181,1.944e-9,Okbay_2022,TRUE,reported,rAHajN
rs2352430,10,87800136,T,C,0.77048,-0.00667,0.00207,0.001285,Okbay_2022,TRUE,reported,rAHajN
rs61160187,5,60111579,A,G,0.608362,-0.02141,0.00177,1.369e-33,Okbay_2022,TRUE,reported,rAHajN
rs1407350,9,10246520,T,G,0.646705,0.00495,0.00183,0.006697,Okbay_2022,TRUE,reported,rAHajN
rs73050466,7,1141575,A,G,0.0345704,0.01028,0.00492,0.03677,Okbay_2022,TRUE,reported,rAHajN
rs1007429,21,35034653,T,C,0.0566985,0.01178,0.00375,0.001688,Okbay_2022,TRUE,reported,rAHajN
rs9943186,1,210684455,A,G,0.443317,-0.00465,0.00174,0.007492,Okbay_2022,TRUE,reported,rAHajN
rs35414759,10,10906047,T,C,0.830274,-0.01185,0.00218,5.558e-8,Okbay_2022,TRUE,reported,rAHajN
rs117494884,9,23395514,T,C,0.0545119,-0.02216,0.00376,3.929e-9,Okbay_2022,TRUE,reported,rAHajN
rs2425269,20,35375477,A,G,0.144934,0.00827,0.00247,8.3e-4,Okbay_2022,TRUE,reported,rAHajN
rs17669337,5,92187932,T,C,0.405174,-0.01324,0.00175,4.362e-14,Okbay_2022,TRUE,reported,rAHajN
rs1452366,4,82252467,T,G,0.352618,-0.00994,0.00182,4.937e-8,Okbay_2022,TRUE,reported,rAHajN
rs10809464,9,11408193,A,T,0.453342,0.00666,0.00173,1.214e-4,Okbay_2022,TRUE,reported,rAHajN
rs11783586,8,92351651,A,G,0.459917,-0.00571,0.00174,0.001025,Okbay_2022,TRUE,reported,rAHajN
rs12893007,14,29899685,A,G,0.683523,0.00459,0.00184,0.01245,Okbay_2022,TRUE,reported,rAHajN
rs72672601,14,42671683,A,G,0.578873,-0.00862,0.00174,7.724e-7,Okbay_2022,TRUE,reported,rAHajN
rs4270952,8,60794591,T,C,0.377194,0.00699,0.00237,0.003157,Okbay_2022,TRUE,reported,rAHajN
rs1378893,15,51964788,A,G,0.22627,0.00885,0.00205,1.534e-5,Okbay_2022,TRUE,reported,rAHajN
rs60307735,3,8249587,T,C,0.329489,0.01387,0.00181,2.11e-14,Okbay_2022,TRUE,reported,rAHajN
rs112013330,4,176914293,T,C,0.0384971,0.00741,0.00441,0.09277,Okbay_2022,TRUE,reported,rAHajN
rs13135092,4,103198082,A,G,0.9274869,0.02367,0.00334,1.411e-12,Okbay_2022,TRUE,reported,rAHajN
rs838069,2,120016626,A,G,0.595457,0.00628,0.00177,3.9e-4,Okbay_2022,TRUE,reported,rAHajN
rs4850810,2,193754771,T,G,0.519957,-0.01339,0.00175,2.06e-14,Okbay_2022,TRUE,reported,rAHajN
rs34305371,1,72733610,A,G,0.0857869,0.03199,0.00296,3.0819999999999998e-27,Okbay_2022,TRUE,reported,rAHajN
rs72835464,10,120170977,T,G,0.9113643,0.01069,0.0029,2.305e-4,Okbay_2022,TRUE,reported,rAHajN
rs1966503,16,65801698,A,G,0.0829227,0.0109,0.00313,4.877e-4,Okbay_2022,TRUE,reported,rAHajN
rs74779721,7,50060948,A,G,0.9644133,0.01581,0.00468,7.224e-4,Okbay_2022,TRUE,reported,rAHajN
rs3942629,3,121724038,A,G,0.255898,0.00547,0.00199,0.006,Okbay_2022,TRUE,reported,rAHajN
rs12126231,1,184698816,A,G,0.615984,0.01128,0.00177,1.646e-10,Okbay_2022,TRUE,reported,rAHajN
rs35951883,14,101355400,A,G,0.790345,-0.00325,0.00216,0.1327,Okbay_2022,TRUE,reported,rAHajN
rs28438078,1,34024672,A,G,0.142393,-0.00599,0.00232,0.009649,Okbay_2022,TRUE,reported,rAHajN
rs55975662,3,180872919,A,G,0.84612,0.01699,0.00249,8.854e-12,Okbay_2022,TRUE,reported,rAHajN
rs1871745,8,106457633,A,G,0.765938,0.00963,0.00214,6.699e-6,Okbay_2022,TRUE,reported,rAHajN
rs11264531,1,156688152,T,C,0.362766,0.00459,0.00182,0.01188,Okbay_2022,TRUE,reported,rAHajN
rs79708660,10,75785466,A,G,0.207191,-0.00479,0.00234,0.04048,Okbay_2022,TRUE,reported,rAHajN
rs1516036,12,61786763,A,G,0.546905,0.00722,0.00173,3.039e-5,Okbay_2022,TRUE,reported,rAHajN
rs2216053,16,52296798,T,G,0.736742,-0.00757,0.00196,1.099e-4,Okbay_2022,TRUE,reported,rAHajN
rs77128898,11,61313525,T,C,0.0309516,-0.02934,0.00491,2.273e-9,Okbay_2022,TRUE,reported,rAHajN
rs11714574,3,58380465,A,T,0.568078,-0.00576,0.00175,9.875e-4,Okbay_2022,TRUE,reported,rAHajN
rs13122283,4,62993563,A,G,0.403203,0.00787,0.00175,6.707e-6,Okbay_2022,TRUE,reported,rAHajN
rs4127499,11,122176383,A,G,0.324962,0.00959,0.00182,1.473e-7,Okbay_2022,TRUE,reported,rAHajN
rs860526,15,50555011,T,C,0.56121,-0.0077,0.00174,9.696e-6,Okbay_2022,TRUE,reported,rAHajN
rs12431579,14,36594397,A,G,0.639837,-0.00357,0.0018,0.0475,Okbay_2022,TRUE,reported,rAHajN
rs58694847,14,84916511,C,G,0.275593,-0.01473,0.00197,7.121e-14,Okbay_2022,TRUE,reported,rAHajN
rs6782698,3,175673379,A,G,0.758007,0.00859,0.00198,1.522e-5,Okbay_2022,TRUE,reported,rAHajN
rs6715321,2,100109001,T,C,0.439205,-0.00987,0.00175,1.704e-8,Okbay_2022,TRUE,reported,rAHajN
rs56355837,18,73009786,A,C,0.685864,-0.00832,0.00183,5.68e-6,Okbay_2022,TRUE,reported,rAHajN
rs72993796,2,240321051,T,C,0.891946,0.01404,0.00274,2.872e-7,Okbay_2022,TRUE,reported,rAHajN
rs10063055,5,140990108,T,C,0.229689,-0.01071,0.002,8.546e-8,Okbay_2022,TRUE,reported,rAHajN
rs62199988,2,186110190,C,G,0.622174,-0.00997,0.00177,1.758e-8,Okbay_2022,TRUE,reported,rAHajN
rs669952,2,4563477,A,G,0.181583,0.00533,0.00224,0.01718,Okbay_2022,TRUE,reported,rAHajN
rs708912,20,8403550,T,C,0.780074,0.00981,0.00213,3.972e-6,Okbay_2022,TRUE,reported,rAHajN
rs77926719,12,74905602,A,G,0.106606,0.01058,0.00257,3.748e-5,Okbay_2022,TRUE,reported,rAHajN
rs72725852,1,87720852,T,C,0.316184,0.00518,0.00184,0.004986,Okbay_2022,TRUE,reported,rAHajN
rs72829857,6,16966052,A,G,0.759871,-0.01861,0.00205,1.143e-19,Okbay_2022,TRUE,reported,rAHajN
rs10853981,19,4965064,A,G,0.325146,-0.00617,0.00184,8.033e-4,Okbay_2022,TRUE,reported,rAHajN
rs10740572,10,55838740,A,T,0.777795,-0.00566,0.00207,0.006262,Okbay_2022,TRUE,reported,rAHajN
rs2624841,3,50198415,T,C,0.329935,-0.02417,0.00183,1.0239999999999999e-39,Okbay_2022,TRUE,reported,rAHajN
rs11643516,16,26456439,T,C,0.43166,-0.00477,0.00176,0.006618,Okbay_2022,TRUE,reported,rAHajN
rs633742,11,62545346,T,C,0.801463,0.00487,0.00221,0.02755,Okbay_2022,TRUE,reported,rAHajN
rs7933521,11,13303929,T,C,0.839452,0.01154,0.00248,3.369e-6,Okbay_2022,TRUE,reported,rAHajN
rs1128956,4,183724005,T,G,0.81891,-0.01475,0.00232,2.167e-10,Okbay_2022,TRUE,reported,rAHajN
rs7520927,1,237746815,A,G,0.478226,-0.00929,0.00173,7.98e-8,Okbay_2022,TRUE,reported,rAHajN
rs11157931,14,23403193,A,C,0.396628,-0.01377,0.00177,6.821e-15,Okbay_2022,TRUE,reported,rAHajN
rs117520198,11,2212843,A,G,0.1747,0.00804,0.00221,2.687e-4,Okbay_2022,TRUE,reported,rAHajN
rs10835389,11,28676505,T,C,0.642008,-0.00741,0.00182,4.503e-5,Okbay_2022,TRUE,reported,rAHajN
rs6028084,20,59838105,T,C,0.610764,0.01566,0.00178,1.218e-18,Okbay_2022,TRUE,reported,rAHajN
rs7515450,1,78582845,A,T,0.410718,0.0081,0.00177,4.935e-6,Okbay_2022,TRUE,reported,rAHajN
rs2006853,8,127600255,A,G,0.576424,0.00815,0.00178,4.514e-6,Okbay_2022,TRUE,reported,rAHajN
rs116068530,1,21939010,A,G,0.0196027,0.01735,0.00561,0.001985,Okbay_2022,TRUE,reported,rAHajN
rs213014,1,21643745,T,C,0.548352,-0.00626,0.00173,3.017e-4,Okbay_2022,TRUE,reported,rAHajN
rs62244884,3,71583383,A,G,0.408223,0.01527,0.00175,2.481e-18,Okbay_2022,TRUE,reported,rAHajN
rs13161488,5,145572664,T,C,0.659578,-0.00837,0.00181,3.855e-6,Okbay_2022,TRUE,reported,rAHajN
rs3731507,3,48222353,T,C,0.0521096,0.02411,0.00415,6.146e-9,Okbay_2022,TRUE,reported,rAHajN
rs13030436,2,23301140,T,C,0.408777,0.00504,0.00174,0.003826,Okbay_2022,TRUE,reported,rAHajN
rs61827266,1,203794753,A,G,0.124761,0.0082,0.00257,0.001424,Okbay_2022,TRUE,reported,rAHajN
rs35226705,19,46301456,A,C,0.543686,0.00541,0.00174,0.0019,Okbay_2022,TRUE,reported,rAHajN
rs7040995,9,92226172,C,G,0.553403,0.01181,0.00173,9.368e-12,Okbay_2022,TRUE,reported,rAHajN
rs2238483,16,22860975,A,G,0.814721,0.00723,0.00232,0.001805,Okbay_2022,TRUE,reported,rAHajN
rs329120,5,133861756,T,C,0.425331,0.01016,0.00175,6.484e-9,Okbay_2022,TRUE,reported,rAHajN
rs4279337,5,124284656,A,T,0.258238,0.01512,0.00199,3.106e-14,Okbay_2022,TRUE,reported,rAHajN
rs112255786,6,50888500,C,G,0.9295658,-0.01539,0.00355,1.485e-5,Okbay_2022,TRUE,reported,rAHajN
rs35512022,2,65394309,A,G,0.281429,-0.00716,0.00191,1.8e-4,Okbay_2022,TRUE,reported,rAHajN
rs62156740,2,98875977,A,T,0.9850631,-0.0372,0.00629,3.265e-9,Okbay_2022,TRUE,reported,rAHajN
rs9787076,1,44141149,A,C,0.681321,-0.01842,0.00184,1.321e-23,Okbay_2022,TRUE,reported,rAHajN
rs912609,13,31788335,T,G,0.240437,0.01321,0.00205,1.268e-10,Okbay_2022,TRUE,reported,rAHajN
rs9359939,6,92133241,A,C,0.237558,-0.01066,0.00201,1.135e-7,Okbay_2022,TRUE,reported,rAHajN
rs3747631,1,204587569,C,G,0.201217,0.023,0.00212,1.793e-27,Okbay_2022,TRUE,reported,rAHajN
rs9411336,9,134901901,T,C,0.337296,-0.01715,0.00185,2.339e-20,Okbay_2022,TRUE,reported,rAHajN
rs4882141,11,48627525,T,C,0.649091,0.00582,0.00182,0.001409,Okbay_2022,TRUE,reported,rAHajN
rs975303,6,19028788,A,G,0.839082,-0.01894,0.00228,9.119e-17,Okbay_2022,TRUE,reported,rAHajN
rs117520996,19,4410003,T,G,0.0416384,0.0287,0.00452,2.265e-10,Okbay_2022,TRUE,reported,rAHajN
rs1888765,10,23943839,C,G,0.767,0.01042,0.0021,7.347e-7,Okbay_2022,TRUE,reported,rAHajN
rs76878669,11,66092567,C,G,0.766677,0.01571,0.00208,4.925e-14,Okbay_2022,TRUE,reported,rAHajN
rs872602,3,185826028,A,G,0.249107,-0.00993,0.00204,1.136e-6,Okbay_2022,TRUE,reported,rAHajN
rs67040074,2,229017414,T,C,0.352833,-0.0125,0.00183,8.27e-12,Okbay_2022,TRUE,reported,rAHajN
rs17248751,16,61579618,A,G,0.798676,-0.01369,0.00209,5.821e-11,Okbay_2022,TRUE,reported,rAHajN
rs148434125,18,25803635,A,T,0.481521,-0.00699,0.00173,5.215e-5,Okbay_2022,TRUE,reported,rAHajN
rs2836554,21,39973669,C,G,0.527348,0.00708,0.00173,4.322e-5,Okbay_2022,TRUE,reported,rAHajN
rs2764684,1,58537919,T,C,0.847028,0.0141,0.00227,5.436e-10,Okbay_2022,TRUE,reported,rAHajN
rs28458909,9,140257189,T,C,0.126255,-0.01568,0.00279,1.862e-8,Okbay_2022,TRUE,reported,rAHajN
rs12132113,1,241125747,A,T,0.647274,-0.00245,0.0018,0.1735,Okbay_2022,TRUE,reported,rAHajN
rs6088618,20,33409350,A,G,0.438405,0.00664,0.00174,1.326e-4,Okbay_2022,TRUE,reported,rAHajN
rs10283803,9,38019145,T,C,0.531306,-0.00562,0.00173,0.001162,Okbay_2022,TRUE,reported,rAHajN
rs7151326,14,86387845,T,G,0.412242,-0.00821,0.00181,5.496e-6,Okbay_2022,TRUE,reported,rAHajN
rs8110747,19,36103517,T,C,0.389051,-0.00838,0.00176,1.878e-6,Okbay_2022,TRUE,reported,rAHajN
rs2297293,21,47125046,C,G,0.325824,0.01013,0.00189,7.899e-8,Okbay_2022,TRUE,reported,rAHajN
rs56378598,16,90004868,T,C,0.290607,0.00703,0.00198,3.745e-4,Okbay_2022,TRUE,reported,rAHajN
rs13278836,8,120215797,A,G,0.110748,0.0135,0.00272,6.925e-7,Okbay_2022,TRUE,reported,rAHajN
rs9899056,17,48186942,A,G,0.397151,0.00871,0.00178,9.768e-7,Okbay_2022,TRUE,reported,rAHajN
rs273028,18,30685176,A,T,0.0857561,-0.01294,0.0034,1.427e-4,Okbay_2022,TRUE,reported,rAHajN
rs7650602,3,141147414,T,C,0.567601,-0.01064,0.00174,9.813e-10,Okbay_2022,TRUE,reported,rAHajN
rs78280128,4,106264781,A,G,0.9202341,-0.02314,0.00313,1.403e-13,Okbay_2022,TRUE,reported,rAHajN
rs12981405,19,19651577,T,C,0.158577,-0.01395,0.00232,1.909e-9,Okbay_2022,TRUE,reported,rAHajN
rs55897719,2,212590841,A,C,0.286973,-0.01755,0.00192,7.209e-20,Okbay_2022,TRUE,reported,rAHajN
rs3108680,1,107572997,T,C,0.668032,0.00778,0.00182,1.99e-5,Okbay_2022,TRUE,reported,rAHajN
rs2535692,22,18157282,A,G,0.282307,0.00651,0.00194,7.983e-4,Okbay_2022,TRUE,reported,rAHajN
rs717997,12,84133974,A,G,0.421312,0.01224,0.00175,2.396e-12,Okbay_2022,TRUE,reported,rAHajN
rs10189857,2,60713235,A,G,0.562889,0.01933,0.00174,1.217e-28,Okbay_2022,TRUE,reported,rAHajN
rs35733856,5,30830597,A,G,0.559732,-0.00837,0.00176,2.029e-6,Okbay_2022,TRUE,reported,rAHajN
rs2903624,20,41616510,A,G,0.468217,-0.00863,0.00176,9.341e-7,Okbay_2022,TRUE,reported,rAHajN
rs62543169,9,73069133,T,C,0.404327,-0.01029,0.00175,3.995e-9,Okbay_2022,TRUE,reported,rAHajN
rs11245450,10,126658075,A,G,0.420157,0.00803,0.00177,5.361e-6,Okbay_2022,TRUE,reported,rAHajN
rs7626224,3,104907697,T,G,0.76215,0.0103,0.002,2.719e-7,Okbay_2022,TRUE,reported,rAHajN
rs2302580,4,8608634,T,C,0.414844,-0.00521,0.00177,0.003261,Okbay_2022,TRUE,reported,rAHajN
rs16934385,11,40147696,T,C,0.9279489,-0.01174,0.0034,5.587e-4,Okbay_2022,TRUE,reported,rAHajN
rs6956241,7,75900223,T,G,0.144995,0.01347,0.00246,4.165e-8,Okbay_2022,TRUE,reported,rAHajN
rs192436652,19,54960747,T,C,0.0273021,-0.04052,0.00554,2.606e-13,Okbay_2022,TRUE,reported,rAHajN
rs12435895,14,66459694,A,G,0.773961,-0.00771,0.00203,1.417e-4,Okbay_2022,TRUE,reported,rAHajN
rs853199,17,35850225,T,C,0.332476,0.00868,0.00179,1.274e-6,Okbay_2022,TRUE,reported,rAHajN
rs7834862,8,38086009,A,G,0.765152,0.00341,0.002,0.08847,Okbay_2022,TRUE,reported,rAHajN
rs7395835,11,1408731,T,C,0.67490000000000006,-0.00536,0.0019,0.004727,Okbay_2022,TRUE,reported,rAHajN
rs4358081,2,29100642,A,C,0.533554,-0.00928,0.00173,8.357e-8,Okbay_2022,TRUE,reported,rAHajN
rs12273435,11,133825855,A,G,0.187866,-0.01153,0.00213,6.571e-8,Okbay_2022,TRUE,reported,rAHajN
rs57249366,6,6063605,A,G,0.772159,-0.00705,0.00203,4.973e-4,Okbay_2022,TRUE,reported,rAHajN
rs28360553,22,35847034,T,C,0.240668,-0.00355,0.00216,0.09973,Okbay_2022,TRUE,reported,rAHajN
rs10748559,10,93077075,T,C,0.624053,-0.00301,0.00188,0.1091,Okbay_2022,TRUE,reported,rAHajN
rs11218422,11,98982974,T,C,0.565907,0.00638,0.00175,2.737e-4,Okbay_2022,TRUE,reported,rAHajN
rs4716528,7,157801995,A,G,0.70117,0.00811,0.00197,3.867e-5,Okbay_2022,TRUE,reported,rAHajN
rs17126938,10,111761351,T,C,0.858285,-0.017,0.00254,2.31e-11,Okbay_2022,TRUE,reported,rAHajN
rs28366987,8,76721432,T,C,0.860872,0.01065,0.00264,5.641e-5,Okbay_2022,TRUE,reported,rAHajN
rs4557790,9,23349982,A,C,0.567154,0.0189,0.00175,4.108e-27,Okbay_2022,TRUE,reported,rAHajN
rs75624576,13,91973215,T,G,0.0962735,0.01724,0.00297,6.472e-9,Okbay_2022,TRUE,reported,rAHajN
rs61747226,15,98512431,T,C,0.0409455,-0.02336,0.00439,1.047e-7,Okbay_2022,TRUE,reported,rAHajN
rs6929638,6,144965158,A,G,0.512257,0.01072,0.00173,6.395e-10,Okbay_2022,TRUE,reported,rAHajN
rs56059718,15,38836777,A,C,0.196951,-0.00701,0.00222,0.001555,Okbay_2022,TRUE,reported,rAHajN
rs11774212,8,145686505,T,C,0.496458,0.01444,0.00174,1.096e-16,Okbay_2022,TRUE,reported,rAHajN
rs10401329,19,1871699,A,G,0.136865,0.00893,0.00273,0.001088,Okbay_2022,TRUE,reported,rAHajN
rs9956721,18,22621869,A,T,0.608023,-0.01212,0.00175,4.294e-12,Okbay_2022,TRUE,reported,rAHajN
rs837129,15,37244629,A,G,0.415707,-0.004,0.00174,0.02152,Okbay_2022,TRUE,reported,rAHajN
rs34410,5,107469684,C,G,0.453034,-0.01051,0.00173,1.352e-9,Okbay_2022,TRUE,reported,rAHajN
rs4798783,18,9174885,A,G,0.705405,-0.00838,0.0019,9.722e-6,Okbay_2022,TRUE,reported,rAHajN
rs17257579,13,38176607,T,C,0.878703,-0.01255,0.0026,1.433e-6,Okbay_2022,TRUE,reported,rAHajN
rs863006,1,159177748,A,G,0.558223,-0.01149,0.00176,6.217e-11,Okbay_2022,TRUE,reported,rAHajN
rs72799731,5,123183906,T,G,0.89421,0.00396,0.00291,0.1741,Okbay_2022,TRUE,reported,rAHajN
rs489408,1,38243785,A,G,0.436326,0.00723,0.00174,3.159e-5,Okbay_2022,TRUE,reported,rAHajN
rs12709690,18,35165852,T,C,0.372621,-0.0208,0.00181,1.164e-30,Okbay_2022,TRUE,reported,rAHajN
rs11196397,10,115375528,A,C,0.26158,0.00857,0.00192,8.105e-6,Okbay_2022,TRUE,reported,rAHajN
rs72801843,16,53508802,A,T,0.292331,0.01446,0.0019,3.207e-14,Okbay_2022,TRUE,reported,rAHajN
rs75907840,3,181420180,T,G,0.818109,0.01347,0.00233,7.521e-9,Okbay_2022,TRUE,reported,rAHajN
rs952062,5,13739867,A,T,0.127333,0.00922,0.00304,0.002393,Okbay_2022,TRUE,reported,rAHajN
rs7097348,10,53663315,T,C,0.724669,-0.00843,0.00193,1.216e-5,Okbay_2022,TRUE,reported,rAHajN
rs2668196,3,165502709,A,T,0.207961,-0.01057,0.00221,1.705e-6,Okbay_2022,TRUE,reported,rAHajN
rs73134986,7,72940370,A,G,0.0393748,-0.01344,0.00457,0.003296,Okbay_2022,TRUE,reported,rAHajN
rs28807201,21,20044236,T,C,0.684416,-0.01092,0.00191,1.041e-8,Okbay_2022,TRUE,reported,rAHajN
rs7184863,16,64935433,T,G,0.802371,0.01018,0.00226,6.603e-6,Okbay_2022,TRUE,reported,rAHajN
rs738988,22,34289025,A,G,0.737681,-0.01379,0.00191,4.97e-13,Okbay_2022,TRUE,reported,rAHajN
rs79585412,21,46487730,T,C,0.9457037,-0.01912,0.00376,3.579e-7,Okbay_2022,TRUE,reported,rAHajN
rs6713695,2,215393529,A,G,0.457699,-0.0108,0.00173,4.645e-10,Okbay_2022,TRUE,reported,rAHajN
rs62439683,7,21406125,A,C,0.244071,-0.0117,0.002,4.713e-9,Okbay_2022,TRUE,reported,rAHajN
rs149285517,4,147914507,T,C,0.122698,-0.00983,0.00273,3.206e-4,Okbay_2022,TRUE,reported,rAHajN
rs59903549,6,156448341,T,C,0.084709,-0.01195,0.00342,4.696e-4,Okbay_2022,TRUE,reported,rAHajN
rs34743418,3,143657807,T,C,0.463998,-0.01088,0.00179,1.186e-9,Okbay_2022,TRUE,reported,rAHajN
rs16983844,20,62225508,A,G,0.188266,0.00883,0.0021,2.681e-5,Okbay_2022,TRUE,reported,rAHajN
rs12104029,18,62509211,C,G,0.553388,-0.00664,0.00173,1.23e-4,Okbay_2022,TRUE,reported,rAHajN
rs1258276,12,30753417,A,C,0.334863,-0.00832,0.00181,4.404e-6,Okbay_2022,TRUE,reported,rAHajN
rs1043595,7,128410012,A,G,0.261241,0.01666,0.00195,1.29e-17,Okbay_2022,TRUE,reported,rAHajN
rs57985238,16,83608565,C,G,0.612873,-0.01248,0.00176,1.436e-12,Okbay_2022,TRUE,reported,rAHajN
rs7578247,2,128562813,A,G,0.608978,-0.00738,0.00181,4.678e-5,Okbay_2022,TRUE,reported,rAHajN
rs73219806,8,26279173,A,C,0.172267,0.01248,0.00234,9.804e-8,Okbay_2022,TRUE,reported,rAHajN
rs10929474,2,7377513,A,T,0.224669,0.01063,0.00218,1.114e-6,Okbay_2022,TRUE,reported,rAHajN
rs7924036,10,65191645,T,G,0.504835,0.01635,0.00173,3.3400000000000004e-21,Okbay_2022,TRUE,reported,rAHajN
rs6907381,6,11972512,A,G,0.130644,-0.00776,0.00266,0.00355,Okbay_2022,TRUE,reported,rAHajN
rs12764593,10,107491895,C,G,0.0666923,0.02248,0.00364,6.856e-10,Okbay_2022,TRUE,reported,rAHajN
rs2013717,5,96134175,T,G,0.80271,0.00797,0.00208,1.243e-4,Okbay_2022,TRUE,reported,rAHajN
rs1193240,1,7525982,A,C,0.423252,0.01079,0.00175,7.609e-10,Okbay_2022,TRUE,reported,rAHajN
rs336433,8,577101,A,G,0.421805,0.0055,0.00174,0.001557,Okbay_2022,TRUE,reported,rAHajN
rs3095075,4,3253183,A,G,0.550108,-0.01415,0.00174,4.402e-16,Okbay_2022,TRUE,reported,rAHajN
rs62247449,3,64430551,C,G,0.411072,0.01096,0.00174,3.288e-10,Okbay_2022,TRUE,reported,rAHajN
rs2177083,2,202961665,A,G,0.50214,-0.00693,0.00173,6.1e-5,Okbay_2022,TRUE,reported,rAHajN
rs13133213,4,15646794,A,G,0.502233,0.00958,0.00173,2.958e-8,Okbay_2022,TRUE,reported,rAHajN
rs3098650,2,164381648,C,G,0.602464,0.01125,0.0018,4.024e-10,Okbay_2022,TRUE,reported,rAHajN
rs10507085,12,97786700,T,C,0.0680628,-0.01199,0.00329,2.63e-4,Okbay_2022,TRUE,reported,rAHajN
rs2765873,1,65275071,A,G,0.455051,-0.00429,0.00174,0.01391,Okbay_2022,TRUE,reported,rAHajN
rs28439552,1,77042631,C,G,0.206129,0.0033,0.00219,0.1326,Okbay_2022,TRUE,reported,rAHajN
rs884308,1,3277746,T,C,0.440468,0.00394,0.00176,0.02529,Okbay_2022,TRUE,reported,rAHajN
rs72790254,2,29391266,T,C,0.243563,0.00738,0.00194,1.443e-4,Okbay_2022,TRUE,reported,rAHajN
rs10192369,2,161380888,A,G,0.512673,-0.00969,0.00173,2.295e-8,Okbay_2022,TRUE,reported,rAHajN
rs2558096,2,137531830,T,G,0.419957,-0.00489,0.00177,0.005759,Okbay_2022,TRUE,reported,rAHajN
rs11096472,2,17630709,A,G,0.658054,0.00406,0.00182,0.02574,Okbay_2022,TRUE,reported,rAHajN
rs907681,2,220384552,A,G,0.225408,0.00772,0.00208,1.987e-4,Okbay_2022,TRUE,reported,rAHajN
rs4485754,3,54234722,A,G,0.788497,0.00765,0.00208,2.353e-4,Okbay_2022,TRUE,reported,rAHajN
rs7652296,3,89587262,A,G,0.609824,0.0044,0.00176,0.0125,Okbay_2022,TRUE,reported,rAHajN
rs6535809,4,152592933,A,G,0.513351,0.01076,0.00173,4.769e-10,Okbay_2022,TRUE,reported,rAHajN
rs17488534,4,166255940,A,G,0.391346,-0.00442,0.00176,0.0122,Okbay_2022,TRUE,reported,rAHajN
rs7445309,5,27851009,A,G,0.65,0.00785,0.00181,1.401e-5,Okbay_2022,TRUE,reported,rAHajN
rs36033,5,60960727,T,C,0.581983,0.00377,0.00174,0.03065,Okbay_2022,TRUE,reported,rAHajN
rs6860963,5,169239708,T,C,0.189898,0.00644,0.00217,0.002931,Okbay_2022,TRUE,reported,rAHajN
rs72816293,5,163773703,C,G,0.9516323,-8.7e-4,0.00463,0.8514,Okbay_2022,TRUE,reported,rAHajN
rs10806984,6,24181831,A,C,0.645966,0.00245,0.00181,0.177,Okbay_2022,TRUE,reported,rAHajN
rs3823036,6,99284532,T,C,0.681029,-0.00838,0.00184,5.188e-6,Okbay_2022,TRUE,reported,rAHajN
rs12190777,6,98366735,A,G,0.722051,0.01005,0.00195,2.502e-7,Okbay_2022,TRUE,reported,rAHajN
rs287879,6,157143339,A,G,0.730782,-0.00864,0.0019,5.692e-6,Okbay_2022,TRUE,reported,rAHajN
rs1009950,7,157536448,T,G,0.385356,-0.00705,0.00181,9.839e-5,Okbay_2022,TRUE,reported,rAHajN
rs10906900,10,15472860,A,G,0.40134,-0.00105,0.00177,0.5544,Okbay_2022,TRUE,reported,rAHajN
rs7068573,10,127172816,T,G,0.530952,0.00914,0.00173,1.277e-7,Okbay_2022,TRUE,reported,rAHajN
rs2799399,10,130113462,T,G,0.433415,-0.00297,0.00174,0.08839,Okbay_2022,TRUE,reported,rAHajN
rs1149577,11,76545414,T,C,0.781521,0.00327,0.00212,0.1222,Okbay_2022,TRUE,reported,rAHajN
rs148250616,12,1664093,A,G,0.015137,-0.00451,0.00761,0.5534,Okbay_2022,TRUE,reported,rAHajN
rs8025964,15,82521770,A,G,0.465383,0.00812,0.00174,3.011e-6,Okbay_2022,TRUE,reported,rAHajN
rs1369429,15,88430934,T,C,0.347906,0.00266,0.00187,0.1546,Okbay_2022,TRUE,reported,rAHajN
rs4969374,17,79051466,A,G,0.256852,0.00177,0.00198,0.3722,Okbay_2022,TRUE,reported,rAHajN
rs6565590,17,79505759,A,G,0.065984,0.01044,0.00391,0.007623,Okbay_2022,TRUE,reported,rAHajN
rs7251275,19,44140605,T,C,0.273591,-0.00183,0.00193,0.3426,Okbay_2022,TRUE,reported,rAHajN
rs6019535,20,47541517,A,G,0.305297,0.01089,0.00185,3.876e-9,Okbay_2022,TRUE,reported,rAHajN
rs6010786,20,61544714,T,C,0.474484,0.00687,0.00173,7.11e-5,Okbay_2022,TRUE,reported,rAHajN
