SNP,chr.exposure,pos.exposure,effect_allele.exposure,other_allele.exposure,eaf.exposure,z.exposure,beta.exposure,se.exposure,pval.exposure,exposure,mr_keep.exposure,pval_origin.exposure,id.exposure
rs114440021,21,34202672,T,C,0.111056,3.371,0.0147260550366879,0.00436845299219457,7.481e-4,Savage_2018,TRUE,reported,osHOls
rs12589471,14,72295890,A,T,0.382014,0.437,0.0012356548134734,0.00282758538552265,0.6618,Savage_2018,TRUE,reported,osHOls
rs899223,19,13157151,C,G,0.0786726,4.083,0.0211816895678465,0.00518777603914929,4.445e-5,Savage_2018,TRUE,reported,osHOls
rs1882013,3,150967269,T,C,0.700246,-0.915,-0.00272527352158824,0.00297844100720026,0.3601,Savage_2018,TRUE,reported,osHOls
rs421154,7,101693868,C,G,0.781367,2.615,0.00874202374829426,0.00334303011407046,0.008919,Savage_2018,TRUE,reported,osHOls
rs4766975,12,121069126,A,G,0.61526,-3.791,-0.0106321472528174,0.00280457590419873,1.502e-4,Savage_2018,TRUE,reported,osHOls
rs6539284,12,79592680,T,C,0.612997,-6.89,-0.0194808789980114,0.00282741349753431,5.563e-12,Savage_2018,TRUE,reported,osHOls
rs6563363,13,84307786,T,G,0.357053,-3.112,-0.00889134422041143,0.00285711575206023,0.001861,Savage_2018,TRUE,reported,osHOls
rs74740938,10,66921055,A,T,0.132445,0.238,9.6674089239036e-4,0.00406193652264859,0.8117,Savage_2018,TRUE,reported,osHOls
rs7301232,12,19131515,A,T,0.167863,1.628,0.00596242651757902,0.00366242415084706,0.1035,Savage_2018,TRUE,reported,osHOls
rs9551887,13,30884268,T,C,0.531029,-2.044,-0.00562199608949463,0.00275048732362751,0.04093,Savage_2018,TRUE,reported,osHOls
rs1285481,1,187320237,A,G,0.261026,1.762,0.00550472789809192,0.00312413615101698,0.07812,Savage_2018,TRUE,reported,osHOls
rs11746390,5,137085233,T,C,0.742439,-3.711,-0.011595402291049,0.003124603150377,2.062e-4,Savage_2018,TRUE,reported,osHOls
rs211283,10,32331161,C,G,0.233123,-0.503,-0.00162061866871793,0.00322190590202372,0.6153,Savage_2018,TRUE,reported,osHOls
rs11633934,15,27994731,A,C,0.549938,2.267,0.0063170807582377,0.00278653760839775,0.02337,Savage_2018,TRUE,reported,osHOls
rs16919774,12,32502505,A,T,0.794657,-0.91,-0.00308979056250229,0.00339537424450801,0.3627,Savage_2018,TRUE,reported,osHOls
rs12524795,6,3464074,T,C,0.438482,6.132,0.0170177713815274,0.0027752399513254,8.662e-10,Savage_2018,TRUE,reported,osHOls
rs17021729,4,147563669,A,G,0.034632,0.387,0.00300616375404486,0.00776786499753193,0.6987,Savage_2018,TRUE,reported,osHOls
rs10180485,2,51322168,T,G,0.882753,0.339,0.00144992231851158,0.00427705698675983,0.7343,Savage_2018,TRUE,reported,osHOls
rs7924465,11,132636983,T,C,0.9094087,0.863,0.00411474370835999,0.0047679533121205,0.3881,Savage_2018,TRUE,reported,osHOls
rs2055940,4,46997913,A,G,0.307207,3.813,0.0113628577668826,0.00298003088562355,1.373e-4,Savage_2018,TRUE,reported,osHOls
rs11942352,4,112410355,A,G,0.814075,-1.573,-0.00557598878755433,0.00354481168948146,0.1157,Savage_2018,TRUE,reported,osHOls
rs12142570,1,11520209,A,T,0.818525,0.399,0.0014218933679478,0.00356364252618495,0.6896,Savage_2018,TRUE,reported,osHOls
rs12974657,19,18237571,T,C,0.677318,3.824,0.0112805859607488,0.00294994402739248,1.314e-4,Savage_2018,TRUE,reported,osHOls
rs1866823,8,57436577,A,G,0.54247,0.309,0.00163542171998169,0.00529262692550707,0.7575,Savage_2018,TRUE,reported,osHOls
rs4741600,9,1757753,T,C,0.344949,-1.036,-0.00296849700077335,0.00286534459534107,0.3003,Savage_2018,TRUE,reported,osHOls
rs490535,20,3001343,T,C,0.338174,-0.723,-0.00210336313577053,0.00290921595542259,0.4695,Savage_2018,TRUE,reported,osHOls
rs11614957,12,195309,A,G,0.450693,1.934,0.00531937799634004,0.0027504539794933,0.05312,Savage_2018,TRUE,reported,osHOls
rs2222760,2,151345113,A,G,0.27219,-0.14,-4.3236777194719e-4,0.00308834122819425,0.8884,Savage_2018,TRUE,reported,osHOls
rs12240387,10,2664712,A,G,0.356391,-0.675,-0.00193328979848455,0.00286413303479192,0.4994,Savage_2018,TRUE,reported,osHOls
rs252991,5,106767346,A,G,0.369464,3.363,0.00952433931583621,0.00283209613911276,7.714e-4,Savage_2018,TRUE,reported,osHOls
rs1865922,15,35060960,C,G,0.153911,-2.594,-0.00980205053949931,0.00377873960659187,0.009484,Savage_2018,TRUE,reported,osHOls
rs8058137,16,51190580,A,G,0.772806,2.507,0.00836137701421522,0.0033352122114939,0.01216,Savage_2018,TRUE,reported,osHOls
rs1581168,4,17053079,T,C,0.295457,-0.929,-0.00279918819632275,0.00301311969464236,0.3528,Savage_2018,TRUE,reported,osHOls
rs660010,18,53310969,C,G,0.123945,3.358,0.013987777843701,0.00416550858954763,7.847e-4,Savage_2018,TRUE,reported,osHOls
rs71433091,13,96225133,T,C,0.0509393,0.474,0.00298078450318923,0.00628857490124309,0.6358,Savage_2018,TRUE,reported,osHOls
rs17763421,4,30459746,T,C,0.524161,3.232,0.0089024752414454,0.00275447872569474,0.001229,Savage_2018,TRUE,reported,osHOls
rs7632934,3,186151667,A,G,0.541592,0.111,3.0566838761742e-4,0.00275376925781462,0.9119,Savage_2018,TRUE,reported,osHOls
rs13332638,16,11905849,A,G,0.091777,-2.366,-0.011335563042669,0.00479102410932754,0.01798,Savage_2018,TRUE,reported,osHOls
rs10752262,10,12395100,T,C,0.408516,1.573,0.00444283147527201,0.00282443196139352,0.1157,Savage_2018,TRUE,reported,osHOls
rs11158200,14,58649843,A,G,0.540468,2.167,0.00598179598418646,0.00276040423820326,0.0302,Savage_2018,TRUE,reported,osHOls
rs11847753,14,101761265,A,G,0.373776,0.852,0.00243761789217737,0.00286105386405794,0.3941,Savage_2018,TRUE,reported,osHOls
rs4588749,7,3363992,A,G,0.441223,3.58,0.00989849639744614,0.00276494312777825,3.434e-4,Savage_2018,TRUE,reported,osHOls
rs8072494,17,33256917,A,G,0.788728,-0.958,-0.00320213511138172,0.0033425209930915702,0.3379,Savage_2018,TRUE,reported,osHOls
rs72906124,2,157076201,T,C,0.9483369,2.981,0.0185917420068741,0.00623674673159143,0.002872,Savage_2018,TRUE,reported,osHOls
rs7027899,9,14248934,A,G,0.80907,1.317,0.00461916983821407,0.00350734232210636,0.1877,Savage_2018,TRUE,reported,osHOls
rs11191193,10,103802408,A,G,0.672698,7.996,0.0233252774778556,0.00291711824385388,1.287e-15,Savage_2018,TRUE,reported,osHOls
rs14184,1,110047110,C,G,0.702756,-5.906,-0.017688333679797,0.0029949769183537,3.497e-9,Savage_2018,TRUE,reported,osHOls
rs2195041,18,64579525,A,G,0.392886,4.177,0.0118366962143135,0.0028337793187248,2.95e-5,Savage_2018,TRUE,reported,osHOls
rs4391653,1,241342291,T,C,0.254173,-1.044,-0.00327369549390475,0.00313572365316547,0.2965,Savage_2018,TRUE,reported,osHOls
rs12569163,1,241878547,T,G,0.800092,-2.803,-0.00958184399572997,0.00341842454360684,0.005065,Savage_2018,TRUE,reported,osHOls
rs9291074,4,5208893,A,C,0.83474,0.65,0.00240527554804127,0.0037004239200635,0.5159,Savage_2018,TRUE,reported,osHOls
rs7603132,2,4951548,A,G,0.183585,4.092,0.0145592268929033,0.00355797333648663,4.273e-5,Savage_2018,TRUE,reported,osHOls
rs56133711,11,27723334,A,G,0.2245,1.2,0.00394574551121594,0.00328812125934661,0.23,Savage_2018,TRUE,reported,osHOls
rs60227577,7,20890867,A,G,0.9641361,-1.963,-0.0152045249204581,0.00774555523202143,0.04965,Savage_2018,TRUE,reported,osHOls
rs4751360,10,133097784,T,C,0.468987,3.786,0.0103985405275862,0.00274657700147548,1.532e-4,Savage_2018,TRUE,reported,osHOls
rs12609965,19,13917866,A,C,0.245504,-0.8,-0.00262229649254337,0.00327787061567922,0.4238,Savage_2018,TRUE,reported,osHOls
rs6534704,4,129757825,A,T,0.073221,-3.179,-0.0167025284310723,0.00525401963858833,0.001477,Savage_2018,TRUE,reported,osHOls
rs10772644,12,13417617,C,G,0.886665,1.903,0.0082577118998221,0.00433931261157231,0.05704,Savage_2018,TRUE,reported,osHOls
rs6457796,6,34828553,T,C,0.713043,1.722,0.00519643083948207,0.00301767179993151,0.08505,Savage_2018,TRUE,reported,osHOls
rs11081529,18,75902735,T,C,0.7247,3.081,0.00944323255313173,0.00306498946872176,0.002066,Savage_2018,TRUE,reported,osHOls
rs56016333,7,104596248,T,C,0.650955,-4.079,-0.0117872785980864,0.0028897471434387,4.532e-5,Savage_2018,TRUE,reported,osHOls
rs705240,3,118457615,T,C,0.181183,-3.655,-0.0129657738087182,0.00354740733480663,2.569e-4,Savage_2018,TRUE,reported,osHOls
rs12089815,1,91189933,A,G,0.525793,4.546,0.0124917943353043,0.00274786500996576,5.468e-6,Savage_2018,TRUE,reported,osHOls
rs4551987,15,93475558,A,G,0.839436,2.011,0.00752611698431598,0.00374247488031625,0.04434,Savage_2018,TRUE,reported,osHOls
rs4685448,3,252344,A,G,0.421497,-1.717,-0.00478150602894246,0.00278480257946562,0.08606,Savage_2018,TRUE,reported,osHOls
rs13284474,9,119622710,T,C,0.427502,-0.655,-0.0018196608703072,0.00277810819894229,0.5124,Savage_2018,TRUE,reported,osHOls
rs10016110,4,45968561,A,G,0.369587,0.283,8.0818105055227e-4,0.00285576342951333,0.7774,Savage_2018,TRUE,reported,osHOls
rs56188374,4,158860186,A,G,0.0701417,-3.592,-0.0203424059661401,0.00566325333133077,3.286e-4,Savage_2018,TRUE,reported,osHOls
rs59226697,22,25870037,C,G,0.934016,2.011,0.0112731682416643,0.00560575248218014,0.04435,Savage_2018,TRUE,reported,osHOls
rs2289769,12,46600494,A,G,0.869002,-0.725,-0.00293091486161568,0.00404264118843542,0.4683,Savage_2018,TRUE,reported,osHOls
rs41741,7,116438511,T,G,0.663074,2.297,0.00663464869999885,0.00288839734436171,0.02164,Savage_2018,TRUE,reported,osHOls
rs6044142,20,16559255,A,G,0.584339,-3.958,-0.011045259030538,0.00279061622802881,7.568e-5,Savage_2018,TRUE,reported,osHOls
rs5759002,22,43263432,A,G,0.507638,0.923,0.00254969128260868,0.00276239575580572,0.3558,Savage_2018,TRUE,reported,osHOls
rs186034719,3,70724895,C,G,0.00839236,1.509,0.0255453857639159,0.0169286850655506,0.1314,Savage_2018,TRUE,reported,osHOls
rs35565533,12,107730500,A,C,0.744225,-0.585,-0.00360537104704857,0.00616302743085226,0.5589,Savage_2018,TRUE,reported,osHOls
rs67829508,2,120847642,A,G,0.175978,-1.093,-0.00401823196631674,0.00367633299754505,0.2742,Savage_2018,TRUE,reported,osHOls
rs111821073,9,99084793,T,C,0.149061,4.762,0.0184383002369664,0.00387196561045074,1.913e-6,Savage_2018,TRUE,reported,osHOls
rs62262312,3,127145909,C,G,0.150724,4.587,0.0176176885485594,0.00384078669033342,4.507e-6,Savage_2018,TRUE,reported,osHOls
rs1337731,1,199444151,A,G,0.340345,1.459,0.00423237832511782,0.00290087616526239,0.1446,Savage_2018,TRUE,reported,osHOls
rs55909821,12,57430321,T,C,0.0587003,-0.365,-0.00214694666019475,0.00588204564436917,0.7148,Savage_2018,TRUE,reported,osHOls
rs2301015,5,109143386,T,C,0.341084,-5.311,-0.0152670852449704,0.00287461593767094,1.088e-7,Savage_2018,TRUE,reported,osHOls
rs4772268,13,100825526,A,G,0.332799,0.121,3.5582218435562e-4,0.00294067920955065,0.9037,Savage_2018,TRUE,reported,osHOls
rs7632819,3,108071811,A,G,0.76138,-4.792,-0.0153210732466104,0.00319721895797379,1.654e-6,Savage_2018,TRUE,reported,osHOls
rs13252156,8,15242899,A,C,0.416954,2.156,0.0060040631856216,0.00278481594880408,0.03112,Savage_2018,TRUE,reported,osHOls
rs1960779,12,30415074,A,T,0.616153,0.715,0.00202307051750449,0.00282946925525104,0.4744,Savage_2018,TRUE,reported,osHOls
rs4583487,2,100837126,T,G,0.379858,7.164,0.020112942273445,0.00280750171321119,7.86e-13,Savage_2018,TRUE,reported,osHOls
rs143747834,7,34675652,C,G,0.219187,1.263,0.0041886740482633,0.00331644817756397,0.2066,Savage_2018,TRUE,reported,osHOls
rs11172371,12,58286188,T,C,0.313705,-5.813,-0.0172465866756353,0.00296689947972394,6.131e-9,Savage_2018,TRUE,reported,osHOls
rs72777062,5,91692183,T,C,0.232122,0.873,0.00283904040331977,0.00325205086290924,0.3824,Savage_2018,TRUE,reported,osHOls
rs10167909,2,133512171,T,C,0.197244,0.244,8.457933900099e-4,0.0034663663524996,0.8074,Savage_2018,TRUE,reported,osHOls
rs991911,16,24291053,A,T,0.385879,-0.899,-0.00252778414041651,0.00281177323739322,0.3688,Savage_2018,TRUE,reported,osHOls
rs118134876,7,11500372,T,C,0.0534493,-3.778,-0.0231654478507979,0.00613166962699786,1.581e-4,Savage_2018,TRUE,reported,osHOls
rs496368,11,131813107,A,G,0.549292,-1.853,-0.00508186694349082,0.00274250779465236,0.06382,Savage_2018,TRUE,reported,osHOls
rs3800626,7,137378117,A,G,0.695011,-1.272,-0.00380118544671924,0.00298835333861576,0.2035,Savage_2018,TRUE,reported,osHOls
rs9374194,6,111000185,T,C,0.808593,-1.64,-0.00568826608304615,0.00346845492868668,0.1011,Savage_2018,TRUE,reported,osHOls
rs567775,5,4038358,T,C,0.476794,0.083,2.2829596173055e-4,0.00275055375578987,0.9342,Savage_2018,TRUE,reported,osHOls
rs1056010,12,54626752,T,C,0.586834,-2.609,-0.00727294213293997,0.00278763592676887,0.009083,Savage_2018,TRUE,reported,osHOls
rs115124024,12,2365908,A,C,0.9526486,4.194,0.0272129846870888,0.00648855142753666,2.74e-5,Savage_2018,TRUE,reported,osHOls
rs11648089,16,89713938,T,C,0.897505,2.932,0.0134398599944186,0.00458385402265301,0.003366,Savage_2018,TRUE,reported,osHOls
rs7109373,11,39928045,A,T,0.805929,3.013,0.0104748411059645,0.00347654865780433,0.002584,Savage_2018,TRUE,reported,osHOls
rs34488670,15,47684936,T,C,0.785694,0.364,0.0012181979717968,0.00334669772471649,0.7159,Savage_2018,TRUE,reported,osHOls
rs12234936,8,30857668,T,C,0.420465,-3.837,-0.0107409697749846,0.00279931451002987,1.244e-4,Savage_2018,TRUE,reported,osHOls
rs12699131,7,71751316,A,G,0.471158,7.808,0.021304957138604,0.00272860619090727,5.818e-15,Savage_2018,TRUE,reported,osHOls
rs11861256,16,48747433,A,C,0.191839,3.289,0.0114497964977042,0.00348123943378055,0.001006,Savage_2018,TRUE,reported,osHOls
rs8020023,14,26981079,A,G,0.247182,5.4,0.0172490486476513,0.00319426826808358,6.672e-8,Savage_2018,TRUE,reported,osHOls
rs16844417,1,172377745,A,G,0.108593,0.128,5.6493001201642e-4,0.00441351571887828,0.8978,Savage_2018,TRUE,reported,osHOls
rs4141463,20,14747471,T,C,0.429104,-4.416,-0.0123161114562514,0.00278897451454969,1.008e-5,Savage_2018,TRUE,reported,osHOls
rs7296742,12,95147249,A,G,0.274145,-0.965,-0.00585242986828684,0.00606469416402781,0.3344,Savage_2018,TRUE,reported,osHOls
rs77584294,1,75541089,A,C,0.0372498,3.881,0.0283090429896798,0.0072942651351919,1.041e-4,Savage_2018,TRUE,reported,osHOls
rs6747129,2,225477542,A,G,0.119495,-1.991,-0.00837341643749432,0.00420563356981131,0.04651,Savage_2018,TRUE,reported,osHOls
rs13102803,4,94441283,T,C,0.230428,2.978,0.00971777321006047,0.00326318778040983,0.002901,Savage_2018,TRUE,reported,osHOls
rs12339610,9,121922801,T,C,0.745827,2.213,0.00706001236219708,0.00319024508007098,0.02686,Savage_2018,TRUE,reported,osHOls
rs78410329,16,730830,T,C,0.237404,2.169,0.00710944059830421,0.00327775039110383,0.03007,Savage_2018,TRUE,reported,osHOls
rs2303907,2,73470497,T,C,0.517847,5.276,0.0144148689367858,0.00273215863092983,1.323e-7,Savage_2018,TRUE,reported,osHOls
rs9540920,13,67384556,A,G,0.578703,1.107,0.00306106179981059,0.00276518681103035,0.2684,Savage_2018,TRUE,reported,osHOls
rs2974337,8,42390873,T,C,0.478134,0.351,9.6006893527853e-4,0.00273523913184767,0.7254,Savage_2018,TRUE,reported,osHOls
rs72819955,10,107051384,T,C,0.0248845,-0.85,-0.00758828440857896,0.0089273934218576,0.3955,Savage_2018,TRUE,reported,osHOls
rs7977614,12,110115286,A,G,0.725085,-5.065,-0.0157642751730942,0.00311239391374021,4.085e-7,Savage_2018,TRUE,reported,osHOls
rs1464018,3,103298871,T,C,0.245288,-3,-0.00949926421225948,0.00316642140408649,0.002696,Savage_2018,TRUE,reported,osHOls
rs6721505,2,36578013,A,G,0.324669,2.482,0.00728609650905466,0.00293557474176255,0.01308,Savage_2018,TRUE,reported,osHOls
rs17721326,8,139310138,T,C,0.292208,2.261,0.00683135896123024,0.00302138830660338,0.02376,Savage_2018,TRUE,reported,osHOls
rs10745307,1,110580215,A,G,0.564829,-3.172,-0.00880897133408918,0.00277710319485787,0.001511,Savage_2018,TRUE,reported,osHOls
rs78116078,1,18434125,C,G,0.726332,2.414,0.00745108406912869,0.00308661311894312,0.01577,Savage_2018,TRUE,reported,osHOls
rs73210523,3,196876600,A,G,0.164906,1.716,0.00635442549588719,0.00370304516077342,0.08617,Savage_2018,TRUE,reported,osHOls
rs12828220,12,27397792,T,C,0.598352,-0.953,-0.00268002386914218,0.00281219713446189,0.3407,Savage_2018,TRUE,reported,osHOls
rs962437,4,81140432,A,G,0.422898,-0.981,-0.00274562281991983,0.00279880002030564,0.3266,Savage_2018,TRUE,reported,osHOls
rs4750308,10,13116699,A,C,0.772467,2.311,0.0076242499207667,0.00329911290383674,0.02081,Savage_2018,TRUE,reported,osHOls
rs4375600,15,61597124,A,G,0.104635,-2.589,-0.011567477235598,0.00446793249733409,0.00962,Savage_2018,TRUE,reported,osHOls
rs6547396,2,82132940,T,C,0.579674,3.643,0.0100700536243697,0.00276422004511934,2.7e-4,Savage_2018,TRUE,reported,osHOls
rs2371001,2,211467548,A,G,0.500601,-4.281,-0.0116783420396435,0.00272794721785647,1.859e-5,Savage_2018,TRUE,reported,osHOls
rs561655,11,85800279,A,G,0.653403,0.758,0.00216876212676895,0.00286116375563185,0.4482,Savage_2018,TRUE,reported,osHOls
rs8028740,15,69088844,A,G,0.053449,-2.45,-0.0151965788339321,0.00620268523833964,0.01429,Savage_2018,TRUE,reported,osHOls
rs12201073,6,67488602,T,C,0.352633,-1.559,-0.00445328936724399,0.00285650376346632,0.1191,Savage_2018,TRUE,reported,osHOls
rs9372734,6,98577689,T,C,0.463597,11.25,0.0309062204004057,0.00274721959114717,2.3079999999999999e-29,Savage_2018,TRUE,reported,osHOls
rs7788620,7,2196349,A,G,0.785541,3.222,0.0107835119302187,0.00334683796716906,0.001274,Savage_2018,TRUE,reported,osHOls
rs4846724,1,221967817,A,G,0.531722,0.125,3.4342461634958e-4,0.00274739693079669,0.9006,Savage_2018,TRUE,reported,osHOls
rs73141547,3,85657125,A,T,0.658577,-2.958,-0.0086444508276023,0.00292239716957482,0.003093,Savage_2018,TRUE,reported,osHOls
rs17266097,2,200275209,T,C,0.385679,3.782,0.0107241989866591,0.00283558936717587,1.559e-4,Savage_2018,TRUE,reported,osHOls
rs1585524,4,66959264,A,G,0.473314,3.577,0.00985873410648522,0.00275614596211496,3.479e-4,Savage_2018,TRUE,reported,osHOls
rs2503870,10,43796180,T,C,0.322975,-0.642,-0.00370836135206666,0.00577626378826582,0.5206,Savage_2018,TRUE,reported,osHOls
rs786244,2,145756260,C,G,0.341007,2.455,0.00709915536339452,0.00289171297897944,0.0141,Savage_2018,TRUE,reported,osHOls
rs80171383,11,46084677,A,G,0.125085,3.598,0.0149625266396757,0.00415856771530732,3.203e-4,Savage_2018,TRUE,reported,osHOls
rs36048136,4,83288006,A,G,0.207607,2.882,0.00977485501646007,0.00339169153936852,0.003952,Savage_2018,TRUE,reported,osHOls
rs2364972,17,65475332,A,G,0.548476,4.369,0.0120751742841224,0.00276383023211774,1.247e-5,Savage_2018,TRUE,reported,osHOls
rs6785141,3,45377695,T,C,0.72336,0.889,0.00273597115738591,0.00307758285420237,0.3741,Savage_2018,TRUE,reported,osHOls
rs1499955,3,115236973,A,C,0.459809,-2.822,-0.00780932061697383,0.00276730000601482,0.00478,Savage_2018,TRUE,reported,osHOls
rs1387148,4,19590971,A,C,0.192809,-0.472,-0.00164496410814661,0.00348509344946316,0.6369,Savage_2018,TRUE,reported,osHOls
rs2964252,5,152067929,A,G,0.321605,2.725,0.00796719985615168,0.00292374306647768,0.006435,Savage_2018,TRUE,reported,osHOls
rs80045785,1,112663617,T,C,0.0859563,0.194,9.5833290312413e-4,0.00493986032538212,0.8458,Savage_2018,TRUE,reported,osHOls
rs7150195,14,69740483,T,G,0.365306,0.471,0.00134390350035631,0.0028532983022427,0.6379,Savage_2018,TRUE,reported,osHOls
rs10481106,8,107599471,A,G,0.156283,-1.595,-0.00602121374020181,0.00377505563649016,0.1108,Savage_2018,TRUE,reported,osHOls
rs3013170,6,64840987,T,C,0.596427,0.861,0.00242569403922032,0.00281729853567982,0.3894,Savage_2018,TRUE,reported,osHOls
rs8008880,14,100370609,A,G,0.808408,-2.122,-0.00739563479404716,0.0034852190358375,0.03382,Savage_2018,TRUE,reported,osHOls
rs10887465,10,87016897,A,C,0.274546,0.243,7.416189390196e-4,0.00305192979020414,0.8082,Savage_2018,TRUE,reported,osHOls
rs1039617,3,136985329,T,C,0.40907,-5.081,-0.0141915517977777,0.00279306274311705,3.755e-7,Savage_2018,TRUE,reported,osHOls
rs192230289,2,25454104,T,C,0.0163074,-3.406,-0.0387266772925514,0.0113701342608783,6.6e-4,Savage_2018,TRUE,reported,osHOls
rs72748123,5,52799806,A,G,0.15967,-1.545,-0.00585625586243134,0.0037904568688876,0.1224,Savage_2018,TRUE,reported,osHOls
rs12893970,14,56474502,A,G,0.087219,-2.181,-0.0105885977882049,0.00485492791756301,0.0292,Savage_2018,TRUE,reported,osHOls
rs4879832,9,34830432,T,C,0.391423,1.381,0.00386311526613402,0.00279733183644752,0.1674,Savage_2018,TRUE,reported,osHOls
rs13138842,4,158143092,A,G,0.193224,2.862,0.00994309164363401,0.00347417597611251,0.004204,Savage_2018,TRUE,reported,osHOls
rs2154209,14,57586697,T,C,0.800832,-2.754,-0.00947014333301025,0.00343868675853677,0.005884,Savage_2018,TRUE,reported,osHOls
rs71366589,17,4004590,T,C,0.983862,0.539,0.0062047141862062,0.0115115291024234,0.5897,Savage_2018,TRUE,reported,osHOls
rs623200,18,66246646,T,C,0.398322,-0.275,-7.7210564618098e-4,0.00280765689520358,0.7832,Savage_2018,TRUE,reported,osHOls
rs9356034,6,162946186,T,C,0.669249,2.409,0.00711484377122667,0.00295344282740833,0.01599,Savage_2018,TRUE,reported,osHOls
rs6839051,4,35026277,A,C,0.383262,-2.47,-0.00699772821396984,0.00283308834573678,0.01349,Savage_2018,TRUE,reported,osHOls
rs11747178,5,92793427,T,G,0.9598245,-1.638,-0.0119861192108647,0.00731753309576601,0.1015,Savage_2018,TRUE,reported,osHOls
rs751033,15,74042497,T,C,0.662026,0.219,6.3863774194871e-4,0.00291615407282517,0.8263,Savage_2018,TRUE,reported,osHOls
rs55640000,20,22310689,T,G,0.633985,-1.771,-0.00507120218817322,0.00286346820337279,0.07664,Savage_2018,TRUE,reported,osHOls
rs6779981,3,171054056,T,C,0.599138,-0.065,-1.8182320849709e-4,0.00279728013072457,0.9479,Savage_2018,TRUE,reported,osHOls
rs4812818,20,42939426,T,G,0.184108,-1.412,-0.00508619348547732,0.00360212003220773,0.1578,Savage_2018,TRUE,reported,osHOls
rs13212041,6,78171124,T,C,0.799707,4.819,0.0164406462489911,0.00341163026540591,1.444e-6,Savage_2018,TRUE,reported,osHOls
rs7302808,12,12420232,T,C,0.481475,1.809,0.00501381853810648,0.00277159675959452,0.07043,Savage_2018,TRUE,reported,osHOls
rs56409354,1,41772971,A,G,0.218232,-7.755,-0.0257632768197364,0.00332215046031417,8.868e-15,Savage_2018,TRUE,reported,osHOls
rs7009856,8,1146075,C,G,0.403711,1.08,0.00323664888605875,0.00299689711672107,0.2803,Savage_2018,TRUE,reported,osHOls
rs17787953,3,149258066,T,C,0.79712,-0.212,-7.3135906230358e-4,0.00344980689765839,0.8324,Savage_2018,TRUE,reported,osHOls
rs145481578,5,59557590,T,C,0.0193409,0.839,0.00885565049219385,0.010555006546119,0.4017,Savage_2018,TRUE,reported,osHOls
rs2498018,1,208270481,C,G,0.186464,-1.185,-0.00416920808319927,0.00351831905755212,0.2362,Savage_2018,TRUE,reported,osHOls
rs13159124,5,3422780,A,G,0.692224,-3.847,-0.0114460177533434,0.0029753100476587902,1.197e-4,Savage_2018,TRUE,reported,osHOls
rs5021426,3,18700484,T,C,0.716215,-0.766,-0.00231425411231744,0.00302121946777733,0.4435,Savage_2018,TRUE,reported,osHOls
rs7032484,9,124617919,A,G,0.56854,2.869,0.00794406849276539,0.00276893290092903,0.004113,Savage_2018,TRUE,reported,osHOls
rs748832,3,16851202,A,G,0.637635,4.965,0.0140769255262476,0.00283523172734091,6.87e-7,Savage_2018,TRUE,reported,osHOls
rs42210,5,166408788,C,G,0.691685,-1.036,-0.00313245661029458,0.00302360676669361,0.3003,Savage_2018,TRUE,reported,osHOls
rs1334297,13,58335375,A,G,0.750955,4.471,0.0141110401268451,0.00315612617464662,7.793e-6,Savage_2018,TRUE,reported,osHOls
rs6731373,2,68503044,A,G,0.320296,-4.286,-0.0126116486215976,0.00294252184358321,1.816e-5,Savage_2018,TRUE,reported,osHOls
rs1317186,8,53318644,A,C,0.263366,1.264,0.00391120079498776,0.00309430442641437,0.2063,Savage_2018,TRUE,reported,osHOls
rs10739569,9,123361027,C,G,0.696458,-1.31,-0.00390563739276416,0.00298140258989631,0.1902,Savage_2018,TRUE,reported,osHOls
rs28381527,6,88369032,A,G,0.0769479,-2.748,-0.014181128939867,0.00516052727069394,0.006002,Savage_2018,TRUE,reported,osHOls
rs137121,22,43013554,T,C,0.126809,2.546,0.0105034019395541,0.00412545245072825,0.01091,Savage_2018,TRUE,reported,osHOls
rs7338804,13,38660394,A,G,0.143363,-0.153,-6.0091553946579e-4,0.00392755254552804,0.8781,Savage_2018,TRUE,reported,osHOls
rs10734924,12,123018894,T,G,0.25696,0.369,0.0011534041410922,0.00312575647992466,0.7123,Savage_2018,TRUE,reported,osHOls
rs4876775,8,118944974,A,G,0.337943,-3.894,-0.0112212395255893,0.00288167424899572,9.863e-5,Savage_2018,TRUE,reported,osHOls
rs7983020,13,21239941,T,C,0.703157,-3.687,-0.0110778656648551,0.00300457435987392,2.271e-4,Savage_2018,TRUE,reported,osHOls
rs989996,7,117642252,T,C,0.439205,-0.161,-4.4605518008001e-4,0.00277052906881994,0.8719,Savage_2018,TRUE,reported,osHOls
rs4864881,4,55200455,T,C,0.596397,-4.07,-0.0113488424796399,0.0027884133856609,4.695e-5,Savage_2018,TRUE,reported,osHOls
rs56194430,5,67824690,T,C,0.16081,-4.021,-0.015199471505693,0.00378002275694927,5.793e-5,Savage_2018,TRUE,reported,osHOls
rs586829,3,20553778,A,G,0.634047,0.063,1.8099900070518e-4,0.00287300001119348,0.9495,Savage_2018,TRUE,reported,osHOls
rs7762296,6,170042465,T,C,0.312165,-0.874,-0.00260127397137944,0.0029762860084433,0.3824,Savage_2018,TRUE,reported,osHOls
rs1605127,8,110859323,A,G,0.20405,0.209,7.1062851587448e-4,0.00340013643959084,0.8343,Savage_2018,TRUE,reported,osHOls
rs73117392,3,70002020,T,C,0.9481675,-1.278,-0.00796764606686403,0.00623446484105167,0.2012,Savage_2018,TRUE,reported,osHOls
rs11925699,3,193321115,A,G,0.463366,0.561,0.00153532732550099,0.00273676885116041,0.5747,Savage_2018,TRUE,reported,osHOls
rs10815961,9,8818758,T,C,0.490992,1.879,0.00518874337927184,0.00276143873298129,0.06026,Savage_2018,TRUE,reported,osHOls
rs2639655,3,158385966,C,G,0.805759,0.035,1.2228149080338e-4,0.00349375688009662,0.9722,Savage_2018,TRUE,reported,osHOls
rs10874759,1,93630172,A,G,0.652741,2.208,0.00636977199381882,0.00288486050444693,0.02727,Savage_2018,TRUE,reported,osHOls
rs7469569,9,139926402,T,C,0.346058,3.226,0.00939761895942366,0.0029130870921958,0.001254,Savage_2018,TRUE,reported,osHOls
rs17881016,10,133729181,A,G,0.742408,-5.128,-0.016249491879883102,0.00316877766768391,2.923e-7,Savage_2018,TRUE,reported,osHOls
rs10819974,9,104422344,T,C,0.222836,-3.97,-0.0131172437397868,0.00330409162211254,7.202e-5,Savage_2018,TRUE,reported,osHOls
rs62079997,17,80076888,T,C,0.543717,-1.571,-0.00432747924365505,0.00275460168278488,0.1162,Savage_2018,TRUE,reported,osHOls
rs12616388,2,164941580,A,C,0.188897,-3.111,-0.010964671282734,0.00352448450103952,0.001864,Savage_2018,TRUE,reported,osHOls
rs11019128,11,90393587,T,C,0.359116,-4.532,-0.0129546401145397,0.00285848193171661,5.836e-6,Savage_2018,TRUE,reported,osHOls
rs9317202,13,62355464,T,C,0.698845,2.899,0.00860880724064385,0.00296957821339905,0.003748,Savage_2018,TRUE,reported,osHOls
rs12055782,6,128312033,A,G,0.725069,-3.3,-0.0100886475661808,0.00305716592914569,9.682e-4,Savage_2018,TRUE,reported,osHOls
rs57349798,6,37486052,A,G,0.39886,2.069,0.00590635698979649,0.00285469163354108,0.03857,Savage_2018,TRUE,reported,osHOls
rs7312511,12,13582753,T,C,0.104697,-2.723,-0.0121430365963271,0.00445943319732908,0.006468,Savage_2018,TRUE,reported,osHOls
rs72674843,8,95533000,T,C,0.724961,-2.042,-0.00627420960012413,0.00307258060730859,0.04119,Savage_2018,TRUE,reported,osHOls
rs8017026,14,30026463,C,G,0.0747151,-1.476,-0.00770259964726235,0.00521856344665471,0.14,Savage_2018,TRUE,reported,osHOls
rs6534338,4,123026869,T,C,0.297644,0.748,0.00224540012017558,0.00300187181841656,0.4542,Savage_2018,TRUE,reported,osHOls
rs7099779,10,116689868,A,G,0.507977,-0.696,-0.00189674322740877,0.00272520578650686,0.4864,Savage_2018,TRUE,reported,osHOls
rs1820986,2,68075346,A,G,0.146905,-1.258,-0.00486283236653929,0.00386552652348116,0.2085,Savage_2018,TRUE,reported,osHOls
rs139872934,2,107543830,T,C,0.09421,2.946,0.0138642677721589,0.00470613298443955,0.003214,Savage_2018,TRUE,reported,osHOls
rs795540,5,13817984,T,C,0.590622,-1.793,-0.00502685906530715,0.00280360237886623,0.07301,Savage_2018,TRUE,reported,osHOls
rs11724690,4,186764747,T,G,0.282861,1.596,0.00487102504496336,0.00305202070486426,0.1105,Savage_2018,TRUE,reported,osHOls
rs8044562,16,82876486,A,G,0.276794,0.786,0.00240761106766049,0.00306311840669273,0.4321,Savage_2018,TRUE,reported,osHOls
rs16962221,16,13602800,A,G,0.350955,2.825,0.0080801813794275,0.00286024119625752,0.004729,Savage_2018,TRUE,reported,osHOls
rs184654,11,72364405,C,G,0.838451,2.143,0.00797110864294423,0.00371960272652554,0.0321,Savage_2018,TRUE,reported,osHOls
rs2160514,12,16756508,A,C,0.567508,-1.86,-0.0099384450065948,0.00534325000354559,0.06286,Savage_2018,TRUE,reported,osHOls
rs13010288,2,51824512,T,G,0.12331399999999999,0.495,0.00205714738194839,0.00415585329686544,0.6205,Savage_2018,TRUE,reported,osHOls
rs114468556,5,92870246,A,T,0.0370804,2.751,0.0205379664784026,0.00746563666972105,0.005946,Savage_2018,TRUE,reported,osHOls
rs2610990,4,18008232,A,G,0.273545,4.774,0.0146853106049536,0.00307610192814277,1.808e-6,Savage_2018,TRUE,reported,osHOls
rs11159067,14,74637444,A,G,0.657545,0.86,0.00246884929472124,0.00287075499386191,0.3898,Savage_2018,TRUE,reported,osHOls
rs72915557,2,175199092,A,G,0.0519711,-0.067,-4.1693913561327e-4,0.00622297217333246,0.9468,Savage_2018,TRUE,reported,osHOls
rs67171806,5,135501082,T,G,0.908377,1.57,0.00748132731226503,0.00476517663201594,0.1165,Savage_2018,TRUE,reported,osHOls
rs34719425,6,167620407,T,C,0.25097,1.521,0.00483353116405559,0.00317786401318579,0.1283,Savage_2018,TRUE,reported,osHOls
rs4390219,1,32267747,T,C,0.31409,-0.453,-0.00263491254753928,0.00581658399015294,0.6509,Savage_2018,TRUE,reported,osHOls
rs150121450,13,105773449,T,G,0.0285186,0.885,0.00736495166905679,0.00832197928706982,0.376,Savage_2018,TRUE,reported,osHOls
rs1156541,18,39952989,T,C,0.763335,1.44,0.00462278592215379,0.00321026800149569,0.1498,Savage_2018,TRUE,reported,osHOls
rs12362273,11,110022157,A,C,0.771743,-1.513,-0.00494338334501319,0.00326727253470799,0.1303,Savage_2018,TRUE,reported,osHOls
rs1392816,1,66481188,T,C,0.371528,0.938,0.00267782871677875,0.00285482805626733,0.3482,Savage_2018,TRUE,reported,osHOls
rs10193498,2,174094345,A,T,0.730536,3.605,0.011264008840999,0.00312455168959752,3.127e-4,Savage_2018,TRUE,reported,osHOls
rs4718577,7,66932259,T,C,0.308916,0.793,0.0024177932178521,0.00304891956853985,0.428,Savage_2018,TRUE,reported,osHOls
rs117005905,6,114218608,T,C,0.115491,2.886,0.0125338066133,0.0043429683344768,0.003896,Savage_2018,TRUE,reported,osHOls
rs111922189,6,124654845,A,G,0.9807977,2.058,0.0214543089148398,0.0104248342637705,0.03955,Savage_2018,TRUE,reported,osHOls
rs62367470,5,45192276,T,C,0.1838,2.147,0.00761441410559663,0.00354653661182889,0.03176,Savage_2018,TRUE,reported,osHOls
rs9537509,13,57509685,T,C,0.744256,-4.752,-0.0149484683555745,0.00314572145529766,2.017e-6,Savage_2018,TRUE,reported,osHOls
rs10887592,10,88143472,A,G,0.256452,3.083,0.00971692909539762,0.00315177719604205,0.002048,Savage_2018,TRUE,reported,osHOls
rs4869579,5,38231257,T,C,0.515645,2.055,0.0057564219048089,0.00280117854248608,0.03984,Savage_2018,TRUE,reported,osHOls
rs1125854,7,131927170,T,C,0.361334,-2.612,-0.00742492159695168,0.00284261929439192,0.009014,Savage_2018,TRUE,reported,osHOls
rs9635366,15,65804986,A,G,0.211041,4.144,0.0140082463022793,0.0033803683161871,3.417e-5,Savage_2018,TRUE,reported,osHOls
rs3863241,8,73890335,T,C,0.536187,-1.094,-0.00298746590802699,0.00273077322488756,0.2738,Savage_2018,TRUE,reported,osHOls
rs6020560,20,49119419,T,C,0.51389,-3.251,-0.00887628114002451,0.00273032332821424,0.001151,Savage_2018,TRUE,reported,osHOls
rs590013,1,29155738,T,C,0.650293,1.189,0.00342176717011584,0.00287785296056841,0.2343,Savage_2018,TRUE,reported,osHOls
rs3796432,4,96030402,T,G,0.365938,2.058,0.00586237381955285,0.00284857814361169,0.03954,Savage_2018,TRUE,reported,osHOls
rs2063569,1,211563175,C,G,0.373745,-1.614,-0.00457503220539597,0.00283459244448325,0.1064,Savage_2018,TRUE,reported,osHOls
rs903981,5,178390237,T,G,0.431414,-1.883,-0.00518139270800263,0.00275166898991111,0.05972,Savage_2018,TRUE,reported,osHOls
rs1865880,3,161515597,T,C,0.354774,-2.123,-0.00609750224190878,0.00287211598771021,0.03375,Savage_2018,TRUE,reported,osHOls
rs56306348,14,36876908,A,G,0.624761,0.423,0.0012084340941563,0.0028568181894948,0.6726,Savage_2018,TRUE,reported,osHOls
rs10168798,2,61963230,T,C,0.372744,1.067,0.00305183673169423,0.00286020312248757,0.2862,Savage_2018,TRUE,reported,osHOls
rs7172133,15,96025311,A,C,0.688605,-0.23,-6.7944399542749e-4,0.00295410432794562,0.8178,Savage_2018,TRUE,reported,osHOls
rs4467547,4,21945933,T,G,0.384416,3.62,0.0102564892608382,0.00283328432619839,2.95e-4,Savage_2018,TRUE,reported,osHOls
rs356903,18,26284807,T,C,0.266615,-2.875,-0.00885885542232793,0.00308134101646189,0.004035,Savage_2018,TRUE,reported,osHOls
rs35414043,15,66839394,A,G,0.0773483,-2.848,-0.0146847728453055,0.00515617024062695,0.004403,Savage_2018,TRUE,reported,osHOls
rs78462816,4,38300662,A,G,0.887558,-1.448,-0.00648049136394758,0.00447547746128976,0.1476,Savage_2018,TRUE,reported,osHOls
rs1483148,2,142319770,T,G,0.719048,-0.406,-0.00123243179217203,0.00303554628613801,0.6849,Savage_2018,TRUE,reported,osHOls
rs7027019,9,84191267,T,C,0.677271,-2.42,-0.00707495898609288,0.00292353677111276,0.0155,Savage_2018,TRUE,reported,osHOls
rs35375125,1,169248652,T,C,0.62183600000000006,-0.974,-0.00275950736729477,0.00283316978161681,0.3301,Savage_2018,TRUE,reported,osHOls
rs9871964,3,178374095,T,C,0.181013,-1.566,-0.00559260955231436,0.00357127046763369,0.1174,Savage_2018,TRUE,reported,osHOls
rs1438993,12,90596815,T,C,0.281152,-0.331,-0.00100360706037194,0.00303204549961312,0.7406,Savage_2018,TRUE,reported,osHOls
rs382196,3,9145554,T,G,0.360841,-1.822,-0.00519152272985271,0.00284935385831653,0.06845,Savage_2018,TRUE,reported,osHOls
rs28588750,7,133629138,A,G,0.654881,5.031,0.014578415372783,0.00289771722774459,4.885e-7,Savage_2018,TRUE,reported,osHOls
rs12113634,7,111996952,T,C,0.65,2.619,0.00749848294178318,0.00286310917975685,0.008811,Savage_2018,TRUE,reported,osHOls
rs112780312,1,153797015,A,G,0.283508,-5.899,-0.0182837525085779,0.00309946643644311,3.662e-9,Savage_2018,TRUE,reported,osHOls
rs77187837,13,54086522,T,C,0.122713,2.094,0.00879773292424943,0.00420140063240183,0.03628,Savage_2018,TRUE,reported,osHOls
rs9896379,17,55740154,T,C,0.9196335,3.013,0.0154860673084949,0.00513975018536173,0.002588,Savage_2018,TRUE,reported,osHOls
rs11839131,13,113748379,A,C,0.193471,2.1,0.00739907987202713,0.00352337136763196,0.03575,Savage_2018,TRUE,reported,osHOls
rs1128687,17,78973474,T,C,0.59247,-0.898,-0.00253162175974998,0.00281917790618038,0.3692,Savage_2018,TRUE,reported,osHOls
rs75795256,3,82998151,T,C,0.9097937,-1.953,-0.00946433091564226,0.00484604757585369,0.05077,Savage_2018,TRUE,reported,osHOls
rs2294605,16,1400693,T,C,0.418679,-1.802,-0.00503443250055057,0.00279380271950642,0.07148,Savage_2018,TRUE,reported,osHOls
rs4883624,12,133212737,T,C,0.465953,-2.049,-0.00568645287954631,0.00277523322574246,0.04043,Savage_2018,TRUE,reported,osHOls
rs117006647,13,97865758,T,C,0.0384971,2.246,0.0163673848319337,0.00728734854493931,0.0247,Savage_2018,TRUE,reported,osHOls
rs1866710,11,12875312,A,G,0.285987,-3.428,-0.0103597041885438,0.00302208406900345,6.082e-4,Savage_2018,TRUE,reported,osHOls
rs6898748,5,25062052,T,C,0.56024,-0.377,-0.00103844434489024,0.00275449428352848,0.7063,Savage_2018,TRUE,reported,osHOls
rs1291865,10,11082192,T,G,0.53785,-1.909,-0.00528181178899852,0.00276679507019304,0.05625,Savage_2018,TRUE,reported,osHOls
rs6428152,1,193129154,A,G,0.290037,-4.817,-0.01445919070209,0.00300170037411044,1.456e-6,Savage_2018,TRUE,reported,osHOls
rs846195,20,59165120,A,G,0.726517,2.913,0.00898242700590556,0.00308356574181447,0.003578,Savage_2018,TRUE,reported,osHOls
rs7668960,4,172448875,T,C,0.17028,0.642,0.00235875631855252,0.00367407526254286,0.521,Savage_2018,TRUE,reported,osHOls
rs72695265,1,112155679,T,C,0.225778,-3.672,-0.0120639846712416,0.00328539887561047,2.403e-4,Savage_2018,TRUE,reported,osHOls
rs795227,6,4391433,C,G,0.324577,-2.052,-0.00599965876616759,0.00292381031489648,0.04015,Savage_2018,TRUE,reported,osHOls
rs60814418,17,43850645,T,C,0.214444,-5.077,-0.0170586604675153,0.00335998827408219,3.83e-7,Savage_2018,TRUE,reported,osHOls
rs80049472,10,68771787,A,G,0.103942,-0.776,-0.00349254227107142,0.00450069880292709,0.438,Savage_2018,TRUE,reported,osHOls
rs4818226,21,42633065,A,G,0.31446,3.307,0.00975237212420088,0.00294900880683426,9.434e-4,Savage_2018,TRUE,reported,osHOls
rs1689510,12,56396768,C,G,0.31449,4.844,0.0143438726483675,0.00296116280932442,1.27e-6,Savage_2018,TRUE,reported,osHOls
rs10732635,1,114519351,T,G,0.551293,0.443,0.00121651344593578,0.00274608001339904,0.6577,Savage_2018,TRUE,reported,osHOls
rs7430651,3,116582186,T,C,0.274207,-1.773,-0.00546002572657678,0.0030795407369299402,0.07629,Savage_2018,TRUE,reported,osHOls
rs1278537,1,50882159,T,G,0.478318,0.63,0.00172086705791338,0.00273153501256091,0.5285,Savage_2018,TRUE,reported,osHOls
rs72625841,3,21430442,T,G,0.714937,0.59,0.00180036706480236,0.00305146960135993,0.5552,Savage_2018,TRUE,reported,osHOls
rs7254263,19,30741257,T,C,0.29498,-4.709,-0.014218212835394,0.00301936989496581,2.486e-6,Savage_2018,TRUE,reported,osHOls
rs11772108,7,54711985,A,T,0.7172,-3.477,-0.0105937388880757,0.00304680439691566,5.07e-4,Savage_2018,TRUE,reported,osHOls
rs12897763,14,29638938,A,G,0.189159,3.718,0.0130167745100835,0.00350101519905418,2.008e-4,Savage_2018,TRUE,reported,osHOls
rs62365564,5,102827105,A,G,0.27838,-1.175,-0.00361472707987672,0.00307636347223551,0.2399,Savage_2018,TRUE,reported,osHOls
rs13317948,3,107594466,T,C,0.162103,1.379,0.00518209634674747,0.00375786537110041,0.1678,Savage_2018,TRUE,reported,osHOls
rs67033024,14,73512560,A,G,0.847598,2.554,0.00975028902233987,0.00381765427656221,0.01064,Savage_2018,TRUE,reported,osHOls
rs10785364,12,43031381,C,G,0.270881,0.476,0.00146854400071705,0.00308517647209463,0.6342,Savage_2018,TRUE,reported,osHOls
rs2631535,17,50396092,A,G,0.336141,3.982,0.0115256975189249,0.0028944494020404,6.823e-5,Savage_2018,TRUE,reported,osHOls
rs12150824,18,5922014,A,G,0.255205,3.792,0.0119690849152436,0.00315640424980053,1.492e-4,Savage_2018,TRUE,reported,osHOls
rs35413307,13,112191778,T,G,0.403203,1.131,0.00320138147126569,0.00283057601349751,0.2582,Savage_2018,TRUE,reported,osHOls
rs28510636,21,21159423,A,T,0.0985217,0.539,0.00250143722416155,0.0046408853880548304,0.5901,Savage_2018,TRUE,reported,osHOls
rs854943,22,20264301,T,G,0.476917,0.332,0.00101231826510999,0.0030491514009337,0.7398,Savage_2018,TRUE,reported,osHOls
rs6052670,20,4574349,A,G,0.215353,-2.348,-0.00785897880711784,0.00334709489229891,0.01886,Savage_2018,TRUE,reported,osHOls
rs2447091,17,2296014,T,C,0.627472,0.628,0.00180034799472243,0.00286679616994017,0.5299,Savage_2018,TRUE,reported,osHOls
rs6954262,7,49584146,C,G,0.617893,-0.162,-4.5719158202082e-4,0.0028221702593878,0.8714,Savage_2018,TRUE,reported,osHOls
rs1329125,1,234740880,T,C,0.308208,-3.899,-0.0116227875676914,0.00298096629076465,9.652e-5,Savage_2018,TRUE,reported,osHOls
rs2630767,5,176870700,T,C,0.474376,6.293,0.0172865486174736,0.00274694877124958,3.122e-10,Savage_2018,TRUE,reported,osHOls
rs12632133,3,131800709,A,G,0.0779027,3.581,0.0184184056967994,0.00514336936520509,3.424e-4,Savage_2018,TRUE,reported,osHOls
rs80352808,1,22955229,A,G,0.286803,-2.345,-0.00719464008973343,0.00306807679732769,0.01902,Savage_2018,TRUE,reported,osHOls
rs4667878,2,167015812,A,T,0.186126,2.078,0.0073101054590042,0.0035178563325333,0.03769,Savage_2018,TRUE,reported,osHOls
rs6466819,7,122097058,A,G,0.370696,-0.131,-3.7094566254844e-4,0.00283164627899574,0.8955,Savage_2018,TRUE,reported,osHOls
rs17503473,5,120102553,T,C,0.705266,1.913,0.00575069230388044,0.00300611202502898,0.05573,Savage_2018,TRUE,reported,osHOls
rs9922788,16,12243932,A,G,0.408331,4.667,0.0130214170605134,0.00279010436265554,3.058e-6,Savage_2018,TRUE,reported,osHOls
rs76006448,14,77482269,A,G,0.0330613,0.759,0.00588555609544991,0.00775435585698276,0.4477,Savage_2018,TRUE,reported,osHOls
rs10865834,3,31599298,A,G,0.253896,1.297,0.00409302475693422,0.00315576311251675,0.1947,Savage_2018,TRUE,reported,osHOls
rs12937411,17,34950239,T,C,0.400847,5.669,0.015860647550784798,0.00279778577364347,1.433e-8,Savage_2018,TRUE,reported,osHOls
rs2884364,2,161977647,A,G,0.374299,-6.173,-0.0174638292760676,0.0028290667869865,6.685e-10,Savage_2018,TRUE,reported,osHOls
rs34407918,6,122882488,A,G,0.727395,1.018,0.00315143756403087,0.00309571469944093,0.3087,Savage_2018,TRUE,reported,osHOls
rs303752,18,21074255,A,G,0.402402,0.381,0.00211559336616432,0.00555273849386959,0.703,Savage_2018,TRUE,reported,osHOls
rs9496630,6,143752193,A,T,0.27701,-3.988,-0.0122104768287992,0.00306180462106298,6.652e-5,Savage_2018,TRUE,reported,osHOls
rs12155540,8,93206092,T,C,0.329889,2.764,0.00808986088566225,0.00292686718005147,0.005704,Savage_2018,TRUE,reported,osHOls
rs6776819,3,3961273,A,G,0.470003,3.638,0.00993502449270729,0.00273090282922135,2.75e-4,Savage_2018,TRUE,reported,osHOls
rs62114178,19,58778451,A,G,0.360333,1.485,0.00432627138413719,0.00291331406339205,0.1376,Savage_2018,TRUE,reported,osHOls
rs10458465,1,217102286,T,C,0.48862,-0.243,-0.00127023233529858,0.00522729356089952,0.8078,Savage_2018,TRUE,reported,osHOls
rs66671632,8,143680772,T,C,0.153311,-2.767,-0.0106687152993219,0.00385569761450013,0.005655,Savage_2018,TRUE,reported,osHOls
rs11664320,18,50872623,T,C,0.591346,6.919,0.0192909783983995,0.00278811654840287,4.546e-12,Savage_2018,TRUE,reported,osHOls
rs7356921,6,152223003,T,C,0.24595,-3.153,-0.0100904281566499,0.00320026265672371,0.001618,Savage_2018,TRUE,reported,osHOls
rs2026037,9,23762529,T,C,0.848753,5.624,0.0215818087386239,0.00383744821099288,1.868e-8,Savage_2018,TRUE,reported,osHOls
rs71622934,4,184831547,A,C,0.9732676,-1.175,-0.0104590263338239,0.00890129900750968,0.2399,Savage_2018,TRUE,reported,osHOls
rs171697,5,103956516,C,G,0.687604,1.83,0.0054228634945429,0.00296331338499612,0.06722,Savage_2018,TRUE,reported,osHOls
rs6506372,18,6316027,A,G,0.145596,0.06,2.3209358889952e-4,0.00386822648165879,0.952,Savage_2018,TRUE,reported,osHOls
rs35583726,9,8533697,A,G,0.836372,1.41,0.00523689591890391,0.00371411058078291,0.1587,Savage_2018,TRUE,reported,osHOls
rs1861786,12,14000467,A,G,0.376948,-1.509,-0.00425596523400379,0.00282038782902836,0.1314,Savage_2018,TRUE,reported,osHOls
rs2048318,16,62047919,T,C,0.247798,2.382,0.00758392116559818,0.00318384599731242,0.01724,Savage_2018,TRUE,reported,osHOls
rs11181124,12,42115447,T,C,0.797351,0.075,2.5588258320436e-4,0.00341176777605817,0.9402,Savage_2018,TRUE,reported,osHOls
rs10763979,10,34602764,A,G,0.61546,2.64,0.00746656621975225,0.00282824478020918,0.00828,Savage_2018,TRUE,reported,osHOls
rs2586235,17,55551488,T,C,0.830982,3.203,0.0116879114317704,0.00364905133680001,0.001361,Savage_2018,TRUE,reported,osHOls
rs116522430,4,136116837,T,C,0.9751001,-1.054,-0.00940224858130758,0.00892053945095596,0.2919,Savage_2018,TRUE,reported,osHOls
rs1058790,1,8413839,A,G,0.806021,-2.213,-0.00768810400398627,0.0034740641680914,0.0269,Savage_2018,TRUE,reported,osHOls
rs1786313,8,101737075,T,C,0.308885,2.146,0.00640443676622747,0.00298436009609854,0.03189,Savage_2018,TRUE,reported,osHOls
rs7306755,12,123767929,A,G,0.198168,4.794,0.016497812440325402,0.00344134594082716,1.639e-6,Savage_2018,TRUE,reported,osHOls
rs2841425,1,213361627,A,C,0.180413,-1.435,-0.00516161786189379,0.00359694624522216,0.1513,Savage_2018,TRUE,reported,osHOls
rs7936656,11,76203671,A,G,0.313813,-0.613,-0.00181163260823324,0.00295535498896123,0.5396,Savage_2018,TRUE,reported,osHOls
rs9914251,17,5394882,A,G,0.750616,2.506,0.00796958981401146,0.00318020343735493,0.0122,Savage_2018,TRUE,reported,osHOls
rs6499084,16,66466538,A,G,0.353911,1.46,0.00424416027674073,0.00290695909365803,0.1442,Savage_2018,TRUE,reported,osHOls
rs6911986,6,52857694,T,C,0.268833,0.764,0.00237594503051044,0.00310987569438539,0.4446,Savage_2018,TRUE,reported,osHOls
rs9461242,6,26314619,T,C,0.350955,-2.258,-0.006480172086849,0.00286987249196147,0.02395,Savage_2018,TRUE,reported,osHOls
rs77882218,18,53415063,T,C,0.9696027,-1.27,-0.0102589518934763,0.008077914876753,0.2041,Savage_2018,TRUE,reported,osHOls
rs1485272,3,3727589,T,C,0.644888,-0.97,-0.00277942416120875,0.0028653857332049,0.332,Savage_2018,TRUE,reported,osHOls
rs17563464,5,26913774,A,C,0.202525,-4.437,-0.0158194616532807,0.00356535083463616,9.12e-6,Savage_2018,TRUE,reported,osHOls
rs60053512,17,60095315,A,G,0.167447,1.579,0.00580244901791711,0.00367476188595131,0.1143,Savage_2018,TRUE,reported,osHOls
rs1971218,2,221835288,A,G,0.51911,2.728,0.00753029001191238,0.00276037023897081,0.006377,Savage_2018,TRUE,reported,osHOls
rs10014934,4,137526995,T,C,0.611318,4.474,0.0126300605140848,0.00282299072733233,7.675e-6,Savage_2018,TRUE,reported,osHOls
rs11757278,6,13180454,T,C,0.692624,-2.408,-0.00711883152296722,0.00295632538329204,0.01606,Savage_2018,TRUE,reported,osHOls
rs4650228,1,74239827,A,G,0.462196,-0.128,-3.5326085784664e-4,0.00275985045192693,0.8982,Savage_2018,TRUE,reported,osHOls
rs12768641,10,134966154,A,G,0.767447,0.063,2.0458588158925e-4,0.0032473949458612,0.9498,Savage_2018,TRUE,reported,osHOls
rs11749500,5,157194474,A,C,0.24016,-0.056,-3.9710667231055e-4,0.00709119057697417,0.9553,Savage_2018,TRUE,reported,osHOls
rs56315928,19,7999321,C,G,0.9277795,2.589,0.0139277815198778,0.00537959888755417,0.00963,Savage_2018,TRUE,reported,osHOls
rs28561815,15,47292863,T,G,0.301432,0.591,0.00178727914354846,0.00302416098739164,0.5543,Savage_2018,TRUE,reported,osHOls
rs7236339,18,77579773,A,G,0.203419,-4.024,-0.0137264303226448,0.00341114073624373,5.71e-5,Savage_2018,TRUE,reported,osHOls
rs2570492,2,104447905,A,G,0.395719,3.76,0.0106297409589741,0.0028270587656846,1.701e-4,Savage_2018,TRUE,reported,osHOls
rs7026972,9,111750523,T,C,0.649461,-1.711,-0.00491638019763154,0.00287339579055029,0.08712,Savage_2018,TRUE,reported,osHOls
rs80257979,12,49402562,T,G,0.9701571,-5.467,-0.0447062513893693,0.00817747418865361,4.569e-8,Savage_2018,TRUE,reported,osHOls
rs9937449,16,78171376,T,C,0.550693,3.467,0.00951177000430761,0.0027435160093186102,5.265e-4,Savage_2018,TRUE,reported,osHOls
rs34984805,17,9987091,T,C,0.530382,0.129,3.5546708560112e-4,0.00275555880310952,0.897,Savage_2018,TRUE,reported,osHOls
rs72890842,2,172843278,T,G,0.765152,1.175,0.003799770016237,0.00323384682232936,0.2401,Savage_2018,TRUE,reported,osHOls
rs799443,7,44769013,A,T,0.671127,-6.225,-0.0183041680437979,0.00294042860141332,4.825e-10,Savage_2018,TRUE,reported,osHOls
rs17812330,6,140335268,T,G,0.257453,-3.311,-0.0103241593465992,0.0031181393375413,9.282e-4,Savage_2018,TRUE,reported,osHOls
rs9985296,3,36889621,T,C,0.384232,-2.975,-0.0083451311944125,0.00280508611576891,0.002928,Savage_2018,TRUE,reported,osHOls
rs9555651,13,110587023,T,C,0.155266,1.575,0.00595595747375448,0.00378156030079649,0.1152,Savage_2018,TRUE,reported,osHOls
rs7131691,12,64540960,A,G,0.484247,-3.521,-0.0098037673039098,0.00278437015163584,4.3e-4,Savage_2018,TRUE,reported,osHOls
rs4663617,2,236744626,A,T,0.230413,1.062,0.00359575753258633,0.00338583571806622,0.2884,Savage_2018,TRUE,reported,osHOls
rs3012384,6,170468361,T,C,0.381367,3.44,0.00980503716721695,0.00285030150209795,5.809e-4,Savage_2018,TRUE,reported,osHOls
rs1632822,9,118225902,C,G,0.369125,2.091,0.00596287007998845,0.00285168344332303,0.03652,Savage_2018,TRUE,reported,osHOls
rs10180845,2,41475868,T,C,0.656098,-2.467,-0.007162538866936,0.00290333962988893,0.01361,Savage_2018,TRUE,reported,osHOls
rs2504846,6,40373846,T,C,0.031675,-2.26,-0.0179536260774549,0.00794408233515704,0.02384,Savage_2018,TRUE,reported,osHOls
rs115003386,3,155310977,C,G,0.0509855,2.3,0.014947442520805,0.00649888805252394,0.02143,Savage_2018,TRUE,reported,osHOls
rs76198459,8,39994064,T,G,0.9303973,0.818,0.00443407898059233,0.00542063445060187,0.4132,Savage_2018,TRUE,reported,osHOls
rs474000,18,2731752,A,G,0.430474,3.373,0.00933824997152284,0.00276852949051967,7.429e-4,Savage_2018,TRUE,reported,osHOls
rs9859719,3,75039122,A,G,0.211395,0.108,3.6043583908173e-4,0.00333736888038646,0.9136,Savage_2018,TRUE,reported,osHOls
rs116173579,1,181801435,T,C,0.0347552,-2.063,-0.0156568768061694,0.0075893731488945,0.03912,Savage_2018,TRUE,reported,osHOls
rs2430813,8,22863247,T,C,0.764875,1.535,0.00494811158693213,0.00322352546379944,0.1248,Savage_2018,TRUE,reported,osHOls
rs9930253,16,5815334,A,T,0.280551,-4.917,-0.0150665196982664,0.00306416914750182,8.799e-7,Savage_2018,TRUE,reported,osHOls
rs62172117,2,144168667,A,G,0.343286,6.119,0.0177356768525223,0.002898460018389,9.422e-10,Savage_2018,TRUE,reported,osHOls
rs422247,6,14913987,T,C,0.739452,3.586,0.011319663692212,0.00315662679648968,3.359e-4,Savage_2018,TRUE,reported,osHOls
rs7328289,13,86937896,T,C,0.794041,0.043,1.467560379416e-4,0.00341293111492093,0.9659,Savage_2018,TRUE,reported,osHOls
rs565960,1,175850823,T,C,0.702325,1.656,0.00500591566511856,0.00302289593304261,0.09767,Savage_2018,TRUE,reported,osHOls
rs113389222,3,34215436,T,C,0.11409,-2.237,-0.00966363756080442,0.00431990950415933,0.02531,Savage_2018,TRUE,reported,osHOls
rs1738050,1,44707295,C,G,0.630459,-2.626,-0.00742548402310684,0.00282767860742835,0.00863,Savage_2018,TRUE,reported,osHOls
rs6580068,5,153673621,T,C,0.224638,-1.875,-0.00614681531884496,0.00327830150338398,0.0608,Savage_2018,TRUE,reported,osHOls
rs7449561,6,66215549,A,G,0.234278,3.982,0.0128565563990093,0.00322866810623036,6.821e-5,Savage_2018,TRUE,reported,osHOls
rs7304399,12,14645350,A,G,0.4585,4.119,0.0113652413932734,0.00275922345066119,3.8e-5,Savage_2018,TRUE,reported,osHOls
rs13394203,2,142785189,A,G,0.9388051,0.475,0.00271595482284497,0.00571779962704204,0.6346,Savage_2018,TRUE,reported,osHOls
rs9540731,13,66949370,T,C,0.500693,0.573,0.00156243698843683,0.00272676612292641,0.5665,Savage_2018,TRUE,reported,osHOls
rs1490834,5,107050463,A,G,0.549892,-3.182,-0.00880538080804312,0.00276724726839821,0.001462,Savage_2018,TRUE,reported,osHOls
rs792213,10,90174202,A,C,0.41178,0.742,0.00205726168745721,0.00277258987527925,0.4583,Savage_2018,TRUE,reported,osHOls
rs72698179,1,154522394,A,C,0.0260548,1.44,0.0131162034502942,0.00910847461825989,0.1498,Savage_2018,TRUE,reported,osHOls
rs11571404,12,1041450,T,C,0.175716,2.399,0.00869443432927163,0.00362419105013407,0.01644,Savage_2018,TRUE,reported,osHOls
rs61964892,13,42300560,T,C,0.781999,-1.462,-0.00485906754992011,0.00332357561554043,0.1437,Savage_2018,TRUE,reported,osHOls
rs6801153,3,24113697,T,C,0.247351,-6.885,-0.0218722938905288,0.00317680376042539,5.762e-12,Savage_2018,TRUE,reported,osHOls
rs141503359,7,1924215,T,C,0.0142593,-1.932,-0.0238608812412141,0.0123503526093241,0.0534,Savage_2018,TRUE,reported,osHOls
rs2209625,10,747115,T,G,0.634771,-2.15,-0.00613838466205793,0.00285506263351532,0.03154,Savage_2018,TRUE,reported,osHOls
rs2174752,13,69332015,T,G,0.435186,-3.052,-0.00840385341268334,0.0027535561640509,0.002274,Savage_2018,TRUE,reported,osHOls
rs35319653,4,140903155,T,C,0.326178,1.902,0.0055747188789067,0.00293097732855242,0.05723,Savage_2018,TRUE,reported,osHOls
rs73055556,3,28027538,A,G,0.135587,1.574,0.00635086021433239,0.00403485401164701,0.1155,Savage_2018,TRUE,reported,osHOls
rs2901785,1,174104743,A,G,0.468817,5.35,0.014621196902535,0.00273293400047383,8.809e-8,Savage_2018,TRUE,reported,osHOls
rs3869097,6,30984470,T,C,0.333061,-1.317,-0.00401456650093644,0.0030482661358667,0.1878,Savage_2018,TRUE,reported,osHOls
rs4805761,19,32951800,A,G,0.150277,-0.783,-0.00298999579794742,0.00381864086583323,0.4339,Savage_2018,TRUE,reported,osHOls
rs6545559,2,56450431,T,C,0.316554,-1.122,-0.00329117567951681,0.00293331165732336,0.2619,Savage_2018,TRUE,reported,osHOls
rs2210174,14,83600010,T,C,0.622498,1.49,0.00420080864606423,0.00281933466178807,0.1363,Savage_2018,TRUE,reported,osHOls
rs1980099,8,9686297,A,G,0.79595,2.421,0.00836593767087727,0.00345557111560399,0.01547,Savage_2018,TRUE,reported,osHOls
rs4076457,15,78007213,T,C,0.237912,1.284,0.0041616605629047,0.00324116866269836,0.199,Savage_2018,TRUE,reported,osHOls
rs4679353,3,126942635,A,G,0.614844,1.256,0.00354424270872261,0.00282184929038424,0.2092,Savage_2018,TRUE,reported,osHOls
rs6502670,17,1328381,T,G,0.617416,-1.205,-0.00343619716544536,0.00285161590493391,0.2283,Savage_2018,TRUE,reported,osHOls
rs11634241,15,99259016,A,G,0.357453,-2.007,-0.00572228121111149,0.00285116154016517,0.04476,Savage_2018,TRUE,reported,osHOls
rs72778512,5,81514511,C,G,0.9133354,-1.892,-0.00924796783495764,0.00488793225949135,0.05849,Savage_2018,TRUE,reported,osHOls
rs4409028,4,118276666,A,C,0.63611,0.152,4.3678577920304e-4,0.00287359065265162,0.879,Savage_2018,TRUE,reported,osHOls
rs1461224,5,153186237,T,G,0.544349,0.365,0.00100054545973563,0.00274122043763188,0.7148,Savage_2018,TRUE,reported,osHOls
rs12506222,4,67899250,T,C,0.467354,-4.67,-0.0127964799896315,0.00274014560805813,3.011e-6,Savage_2018,TRUE,reported,osHOls
rs1835388,4,65603569,T,C,0.482738,1.104,0.00302636391693068,0.00274127166388649,0.2694,Savage_2018,TRUE,reported,osHOls
rs5765717,22,44917646,T,G,0.478164,-4.226,-0.0115779802093518,0.002739701895256,2.381e-5,Savage_2018,TRUE,reported,osHOls
rs9452262,6,93850136,T,G,0.913628,-1.717,-0.0083859946804899,0.00488409707658119,0.08591,Savage_2018,TRUE,reported,osHOls
rs165633,22,29880773,A,G,0.7836,0.296,0.0019668483502354,0.00664475793998447,0.7671,Savage_2018,TRUE,reported,osHOls
rs224663,11,32027444,A,G,0.177364,1.748,0.00626401708994396,0.00358353380431577,0.08047,Savage_2018,TRUE,reported,osHOls
rs1483814,8,77807279,T,G,0.191407,0.779,0.0027027069113423,0.00346945688233928,0.436,Savage_2018,TRUE,reported,osHOls
rs6093705,20,41257630,A,C,0.682984,4.457,0.0131293472034286,0.00294578128863105,8.319e-6,Savage_2018,TRUE,reported,osHOls
rs10240905,7,32263069,T,C,0.373529,-4.588,-0.0130600232746714,0.00284656130659795,4.474e-6,Savage_2018,TRUE,reported,osHOls
rs837080,8,130925116,T,C,0.535048,-2.847,-0.0077823570069856,0.00273352898032512,0.004409,Savage_2018,TRUE,reported,osHOls
rs6761772,2,84551902,A,G,0.15967,-3.324,-0.0123774017777267,0.00372364674420177,8.858e-4,Savage_2018,TRUE,reported,osHOls
rs485169,18,40985522,T,G,0.788435,0.564,0.00188687161600945,0.00334551704966215,0.5729,Savage_2018,TRUE,reported,osHOls
rs4788080,16,28558081,T,C,0.356498,-8.896,-0.0254856462835371,0.00286484333223214,5.805e-19,Savage_2018,TRUE,reported,osHOls
rs115844726,1,179785909,A,G,0.0131814,-0.964,-0.0122034816500139,0.0126592133298899,0.3352,Savage_2018,TRUE,reported,osHOls
rs9388490,6,126704795,T,C,0.471712,5.261,0.0144177154979772,0.00274048954532926,1.433e-7,Savage_2018,TRUE,reported,osHOls
rs10860124,12,78609117,T,C,0.739775,-0.702,-0.00222932905380643,0.00317568241282968,0.4824,Savage_2018,TRUE,reported,osHOls
rs10202640,2,28434477,A,G,0.195966,0.402,0.00139300554661215,0.00346518792689589,0.6878,Savage_2018,TRUE,reported,osHOls
rs10867548,9,83093792,A,G,0.861488,0.856,0.00340490845244669,0.00397769679024146,0.3922,Savage_2018,TRUE,reported,osHOls
rs35578235,12,42669549,T,C,0.117801,-2.32,-0.00996258486882119,0.0042942176158712,0.02034,Savage_2018,TRUE,reported,osHOls
rs7240432,18,9590896,T,G,0.360687,2.29,0.00654045125476226,0.00285609225098789,0.02202,Savage_2018,TRUE,reported,osHOls
rs6440854,3,152948430,A,G,0.871759,2.014,0.00831560544996538,0.00412890042202849,0.04404,Savage_2018,TRUE,reported,osHOls
rs72717150,14,57314430,A,G,0.0694641,0.502,0.0027160639643177,0.00541048598469662,0.6159,Savage_2018,TRUE,reported,osHOls
rs1880692,11,80338069,A,G,0.541839,2.141,0.00588259535243585,0.00274759241122646,0.03225,Savage_2018,TRUE,reported,osHOls
rs181164682,11,62462217,A,T,0.0149985,3.622,0.0417096156292816,0.011515631040663,2.918e-4,Savage_2018,TRUE,reported,osHOls
rs2275154,1,243433654,A,G,0.675192,3.029,0.00884006908588576,0.00291847774377212,0.002452,Savage_2018,TRUE,reported,osHOls
rs11995853,8,68194809,A,G,0.0284416,-2.079,-0.0175690217669961,0.00845070792063303,0.03764,Savage_2018,TRUE,reported,osHOls
rs2239736,4,2438929,T,C,0.510286,3.935,0.0107504225017204,0.00273200063576122,8.317e-5,Savage_2018,TRUE,reported,osHOls
rs11883202,19,7117506,A,G,0.221913,-1.993,-0.0137161218426275,0.00688214844085673,0.04622,Savage_2018,TRUE,reported,osHOls
rs1295330,17,19318031,A,G,0.310764,-0.561,-0.00168989783241495,0.00301229560145267,0.5751,Savage_2018,TRUE,reported,osHOls
rs17088142,13,71948305,T,G,0.452787,-2.869,-0.00793883953962644,0.00276711033099562,0.004116,Savage_2018,TRUE,reported,osHOls
rs17649841,7,13688583,A,C,0.227348,-1.111,-0.0036192939158772,0.00325769029331881,0.2667,Savage_2018,TRUE,reported,osHOls
rs74677779,3,78381089,C,G,0.9560825,-3.544,-0.0238994073179214,0.00674362508970695,3.944e-4,Savage_2018,TRUE,reported,osHOls
rs9652254,13,84759044,A,G,0.602541,1.2,0.00340556868473252,0.00283797390394377,0.2303,Savage_2018,TRUE,reported,osHOls
rs6704768,2,233592501,A,G,0.541839,-3.141,-0.00858700189585421,0.00273384332882974,0.001685,Savage_2018,TRUE,reported,osHOls
rs4557236,4,173955750,A,G,0.296612,-1.109,-0.00334177228820802,0.00301332036808658,0.2675,Savage_2018,TRUE,reported,osHOls
rs11028323,11,25009896,A,C,0.514675,-3.541,-0.00971732805214711,0.00274423271735304,3.983e-4,Savage_2018,TRUE,reported,osHOls
rs17224289,8,74703133,T,C,0.117632,-0.568,-0.00240486453643049,0.00423391643737762,0.5701,Savage_2018,TRUE,reported,osHOls
rs6960056,7,92673154,A,G,0.450616,2.699,0.00755414837299726,0.00279886934901714,0.006958,Savage_2018,TRUE,reported,osHOls
rs10487992,7,90559340,T,G,0.792147,0.762,0.00256421825304484,0.00336511581764414,0.4462,Savage_2018,TRUE,reported,osHOls
rs7979979,12,106917159,T,C,0.226548,-1.647,-0.00536873393340984,0.00325970487760161,0.09965,Savage_2018,TRUE,reported,osHOls
rs4726070,7,151328218,A,G,0.593086,2.784,0.00772435845631957,0.00277455404321824,0.005368,Savage_2018,TRUE,reported,osHOls
rs10186870,2,6712550,T,G,0.605759,1.375,0.00774077878711839,0.00562965729972246,0.1691,Savage_2018,TRUE,reported,osHOls
rs17565975,11,111586950,A,G,0.529504,-0.353,-9.7522830483906e-4,0.00276268641597468,0.7239,Savage_2018,TRUE,reported,osHOls
rs2900223,9,102596321,A,G,0.7255,-0.702,-0.00214983541415029,0.00306244360990069,0.4826,Savage_2018,TRUE,reported,osHOls
rs2214631,7,88507921,A,T,0.311287,1.833,0.00539995668177833,0.00294596654761502,0.0668,Savage_2018,TRUE,reported,osHOls
rs11773992,8,12667804,C,G,0.16178,-0.724,-0.00270611071448157,0.00373772198132813,0.4689,Savage_2018,TRUE,reported,osHOls
rs1167796,7,75173180,A,G,0.423837,2.946,0.00822302405724615,0.00279125052859679,0.00322,Savage_2018,TRUE,reported,osHOls
rs17096452,14,98578983,A,T,0.791284,5.222,0.0175107754291695,0.00335326990217724,1.77e-7,Savage_2018,TRUE,reported,osHOls
rs1879310,10,43734775,T,C,0.820973,1.336,0.00476519560778359,0.00356676317947874,0.1814,Savage_2018,TRUE,reported,osHOls
rs34316,5,88015545,A,C,0.434694,7.606,0.0210490490361087,0.00276742690456334,2.818e-14,Savage_2018,TRUE,reported,osHOls
rs63303162,4,176641242,A,G,0.538851,3.345,0.00915670636031515,0.00273743089994474,8.222e-4,Savage_2018,TRUE,reported,osHOls
rs378342,15,70186171,T,C,0.269772,-3.182,-0.00983439682336803,0.00309063382255438,0.001463,Savage_2018,TRUE,reported,osHOls
rs76076331,2,10977585,T,C,0.122605,3.234,0.0136230300757833,0.00421243972658728,0.00122,Savage_2018,TRUE,reported,osHOls
rs10256396,7,151124989,A,C,0.35539,0.45,0.00128894683289519,0.00286432629532266,0.6529,Savage_2018,TRUE,reported,osHOls
rs12151015,19,48101797,C,G,0.888343,-1.692,-0.00768007306737599,0.00453905027622694,0.09059,Savage_2018,TRUE,reported,osHOls
rs2916490,2,80192352,A,G,0.304697,-1.463,-0.00841575258324413,0.00575239411021472,0.1434,Savage_2018,TRUE,reported,osHOls
rs62086577,17,74537095,A,G,0.210625,1.35,0.00458466511762225,0.00339604823527574,0.1772,Savage_2018,TRUE,reported,osHOls
rs10895719,11,104563483,T,C,0.777826,-3.406,-0.0112451137112339,0.0033015601031221,6.582e-4,Savage_2018,TRUE,reported,osHOls
rs77899607,10,68691900,T,C,0.108131,2.673,0.0260079544690613,0.00972987447402218,0.007509,Savage_2018,TRUE,reported,osHOls
rs1884368,1,61839973,T,C,0.232338,-0.134,-9.1221166069581e-4,0.00680754970668521,0.8931,Savage_2018,TRUE,reported,osHOls
rs13244634,7,5273464,T,C,0.238512,-0.358,-0.00115599586719715,0.00322903873518758,0.72,Savage_2018,TRUE,reported,osHOls
rs34982116,8,9623170,A,C,0.10214,-1.001,-0.00457873454772495,0.00457416038733761,0.3166,Savage_2018,TRUE,reported,osHOls
rs6704241,1,154814785,A,G,0.67915,2.25,0.00660018769820466,0.00293341675475763,0.02447,Savage_2018,TRUE,reported,osHOls
rs2304282,8,142229543,A,G,0.407407,2.058,0.00571513796996983,0.00277703497083082,0.03961,Savage_2018,TRUE,reported,osHOls
rs7039819,9,82430418,A,G,0.58146,1.747,0.00488256985990759,0.00279483105890532,0.08067,Savage_2018,TRUE,reported,osHOls
rs45470193,20,3585121,A,G,0.0299969,-0.165,-0.00134442329722418,0.00814801998317686,0.8692,Savage_2018,TRUE,reported,osHOls
rs10496632,2,125014321,C,G,0.288112,1.411,0.00424691438807349,0.00300986136645889,0.1582,Savage_2018,TRUE,reported,osHOls
rs11138947,9,72110562,T,C,0.711718,4.421,0.0133144940698474,0.00301164760684175,9.812e-6,Savage_2018,TRUE,reported,osHOls
rs4989480,22,32025318,A,G,0.856683,-2.755,-0.0107983215285988,0.00391953594504493,0.005862,Savage_2018,TRUE,reported,osHOls
rs72838750,17,16242993,T,G,0.502418,-2.35,-0.00649383898743084,0.00276333573933227,0.01879,Savage_2018,TRUE,reported,osHOls
rs2726599,8,59718696,T,C,0.37935,-0.772,-0.00432364275734724,0.00560057351987984,0.4404,Savage_2018,TRUE,reported,osHOls
rs4911257,20,31359574,T,C,0.606729,3.448,0.00964959239455357,0.00279860568287517,5.652e-4,Savage_2018,TRUE,reported,osHOls
rs12962980,18,36915043,C,G,0.187743,3.18,0.0111671466820921,0.00351168134656986,0.001472,Savage_2018,TRUE,reported,osHOls
rs35115233,8,20190774,A,G,0.611595,-0.822,-0.0047664650066337,0.00579861922948139,0.4109,Savage_2018,TRUE,reported,osHOls
rs10765789,11,95839543,A,G,0.369233,3.131,0.00885472845752171,0.00282808318668851,0.001745,Savage_2018,TRUE,reported,osHOls
rs4869852,6,155622481,T,C,0.670604,-4.031,-0.0118240988355377,0.0029332916982232,5.546e-5,Savage_2018,TRUE,reported,osHOls
rs2352430,10,87800136,T,C,0.77048,-3.398,-0.0110968737598556,0.003265707404313,6.781e-4,Savage_2018,TRUE,reported,osHOls
rs61160187,5,60111579,A,G,0.608362,-4.173,-0.011788488980804,0.00282494344136209,3.013e-5,Savage_2018,TRUE,reported,osHOls
rs1407350,9,10246520,T,G,0.646705,2.635,0.00759217426511345,0.00288128055602028,0.008408,Savage_2018,TRUE,reported,osHOls
rs73050466,7,1141575,A,G,0.0345704,-1.547,-0.0122534654343737,0.00792079213598817,0.1218,Savage_2018,TRUE,reported,osHOls
rs1007429,21,35034653,T,C,0.0566985,1.034,0.00620259165996218,0.00599863796901565,0.3012,Savage_2018,TRUE,reported,osHOls
rs9943186,1,210684455,A,G,0.443317,-0.717,-0.00196735026048497,0.00274386368268475,0.4732,Savage_2018,TRUE,reported,osHOls
rs35414759,10,10906047,T,C,0.830274,-1.83,-0.0066988983700753,0.00366060020222694,0.06728,Savage_2018,TRUE,reported,osHOls
rs117494884,9,23395514,T,C,0.0545119,-2.112,-0.012856345387493,0.00608728474786599,0.03469,Savage_2018,TRUE,reported,osHOls
rs2425269,20,35375477,A,G,0.144934,2.553,0.00991644328032459,0.00388423160216396,0.01068,Savage_2018,TRUE,reported,osHOls
rs17669337,5,92187932,T,C,0.405174,-5.241,-0.0145581503669102,0.00277774286718378,1.601e-7,Savage_2018,TRUE,reported,osHOls
rs1452366,4,82252467,T,G,0.352618,-2.912,-0.00831410031070852,0.00285511686494111,0.003597,Savage_2018,TRUE,reported,osHOls
rs11783586,8,92351651,A,G,0.459917,-1.2,-0.00653025038009106,0.00544187531674255,0.2302,Savage_2018,TRUE,reported,osHOls
rs12893007,14,29899685,A,G,0.683523,0.139,4.0902379096304e-4,0.00294261720117299,0.8893,Savage_2018,TRUE,reported,osHOls
rs72672601,14,42671683,A,G,0.578873,-0.952,-0.00264335858295794,0.00277663716697263,0.3409,Savage_2018,TRUE,reported,osHOls
rs4270952,8,60794591,T,C,0.377194,0.805,0.00228999104380348,0.00284470937118445,0.4208,Savage_2018,TRUE,reported,osHOls
rs1378893,15,51964788,A,G,0.22627,5.446,0.0177360083274233,0.00325670369581773,5.145e-8,Savage_2018,TRUE,reported,osHOls
rs60307735,3,8249587,T,C,0.329489,3.941,0.011511733067182,0.00292101828652169,8.115e-5,Savage_2018,TRUE,reported,osHOls
rs112013330,4,176914293,T,C,0.0384971,3.147,0.0237018269336793,0.0075315624193451796,0.001649,Savage_2018,TRUE,reported,osHOls
rs13135092,4,103198082,A,G,0.9274869,8.458,0.0450982899501874,0.00533202766022552,2.731e-17,Savage_2018,TRUE,reported,osHOls
rs838069,2,120016626,A,G,0.595457,1.529,0.00429054817018907,0.00280611391117663,0.1263,Savage_2018,TRUE,reported,osHOls
rs4850810,2,193754771,T,G,0.519957,1.18,0.00327921934174189,0.00277899944215414,0.2378,Savage_2018,TRUE,reported,osHOls
rs34305371,1,72733610,A,G,0.0857869,7.022,0.035737613122624,0.00508937811487098,2.181e-12,Savage_2018,TRUE,reported,osHOls
rs72835464,10,120170977,T,G,0.9113643,2.543,0.0123884463182692,0.00487158722700321,0.011,Savage_2018,TRUE,reported,osHOls
rs1966503,16,65801698,A,G,0.0829227,2.249,0.0111579592260124,0.00496129801067694,0.02452,Savage_2018,TRUE,reported,osHOls
rs74779721,7,50060948,A,G,0.9644133,-0.025,-1.8679313892156e-4,0.00747172555686268,0.9798,Savage_2018,TRUE,reported,osHOls
rs3942629,3,121724038,A,G,0.255898,0.351,0.00111117952416881,0.00316575363011056,0.7253,Savage_2018,TRUE,reported,osHOls
rs12126231,1,184698816,A,G,0.615984,4.15,0.0117046864775796,0.00282040638013967,3.332e-5,Savage_2018,TRUE,reported,osHOls
rs35951883,14,101355400,A,G,0.790345,-1.46,-0.00512919119570258,0.00351314465459081,0.1444,Savage_2018,TRUE,reported,osHOls
rs28438078,1,34024672,A,G,0.142393,0.214,8.4325575080516e-4,0.00394044743366901,0.8306,Savage_2018,TRUE,reported,osHOls
rs55975662,3,180872919,A,G,0.84612,3.921,0.0149067996033055,0.00380178515769077,8.833e-5,Savage_2018,TRUE,reported,osHOls
rs1871745,8,106457633,A,G,0.765938,-1.472,-0.00475019395277063,0.00322703393530613,0.1411,Savage_2018,TRUE,reported,osHOls
rs11264531,1,156688152,T,C,0.362766,-1.151,-0.00336301081674813,0.00292181652193582,0.2497,Savage_2018,TRUE,reported,osHOls
rs79708660,10,75785466,A,G,0.207191,-1.686,-0.0129561516213259,0.00768455019058474,0.09183,Savage_2018,TRUE,reported,osHOls
rs1516036,12,61786763,A,G,0.546905,0.9,0.00248564326120062,0.00276182584577847,0.368,Savage_2018,TRUE,reported,osHOls
rs2216053,16,52296798,T,G,0.736742,-1.373,-0.00425966943051348,0.00310245406446721,0.1698,Savage_2018,TRUE,reported,osHOls
rs77128898,11,61313525,T,C,0.0309516,-5.446,-0.0442253499111443,0.00812070325213813,5.142e-8,Savage_2018,TRUE,reported,osHOls
rs13122283,4,62993563,A,G,0.403203,2.756,0.00774228002053545,0.00280924529047005,0.005854,Savage_2018,TRUE,reported,osHOls
rs4127499,11,122176383,A,G,0.324962,-0.314,-9.169542947836e-4,0.0029202366075911,0.7535,Savage_2018,TRUE,reported,osHOls
rs860526,15,50555011,T,C,0.56121,-2.252,-0.0061796355446843,0.00274406551717776,0.0243,Savage_2018,TRUE,reported,osHOls
rs12431579,14,36594397,A,G,0.639837,-1.578,-0.00448195582062081,0.00284027618543778,0.1145,Savage_2018,TRUE,reported,osHOls
rs58694847,14,84916511,C,G,0.275593,-3.115,-0.00963569045698873,0.00309331956885674,0.00184,Savage_2018,TRUE,reported,osHOls
rs6782698,3,175673379,A,G,0.758007,-0.193,-6.1470107543142e-4,0.00318497966544777,0.8469,Savage_2018,TRUE,reported,osHOls
rs6715321,2,100109001,T,C,0.439205,-2.77,-0.00763332241643023,0.00275571206369322,0.005602,Savage_2018,TRUE,reported,osHOls
rs56355837,18,73009786,A,C,0.685864,0.408,0.00121485790089698,0.00297759289435535,0.6832,Savage_2018,TRUE,reported,osHOls
rs72993796,2,240321051,T,C,0.891946,0.169,7.8048324779976e-4,0.00461824406982111,0.866,Savage_2018,TRUE,reported,osHOls
rs10063055,5,140990108,T,C,0.229689,-0.487,-0.00158733644181637,0.00325941774500282,0.626,Savage_2018,TRUE,reported,osHOls
rs62199988,2,186110190,C,G,0.622174,-4.112,-0.011907312928204,0.0028957473074426,3.931e-5,Savage_2018,TRUE,reported,osHOls
rs669952,2,4563477,A,G,0.181583,3.837,0.0138134007438624,0.00360005231792088,1.243e-4,Savage_2018,TRUE,reported,osHOls
rs708912,20,8403550,T,C,0.780074,3.251,0.0107866034571622,0.00331793400712462,0.001152,Savage_2018,TRUE,reported,osHOls
rs77926719,12,74905602,A,G,0.106606,0.226,0.00100526299801182,0.00444806636288414,0.8208,Savage_2018,TRUE,reported,osHOls
rs72725852,1,87720852,T,C,0.316184,0.824,0.00243401777893521,0.00295390507152332,0.4099,Savage_2018,TRUE,reported,osHOls
rs72829857,6,16966052,A,G,0.759871,-5.142,-0.0165823669869662,0.00322488661745745,2.723e-7,Savage_2018,TRUE,reported,osHOls
rs10853981,19,4965064,A,G,0.325146,-2.862,-0.00836262412693974,0.00292195112751214,0.004215,Savage_2018,TRUE,reported,osHOls
rs10740572,10,55838740,A,T,0.777795,-0.727,-0.00240161733726435,0.00330346263722744,0.4674,Savage_2018,TRUE,reported,osHOls
rs2624841,3,50198415,T,C,0.329935,-6.465,-0.0188884985071549,0.00292165483482674,1.01e-10,Savage_2018,TRUE,reported,osHOls
rs11643516,16,26456439,T,C,0.43166,-2.324,-0.00639058508141869,0.00274982146360529,0.02015,Savage_2018,TRUE,reported,osHOls
rs633742,11,62545346,T,C,0.801463,0.781,0.00267678077716913,0.00342737615514614,0.435,Savage_2018,TRUE,reported,osHOls
rs7933521,11,13303929,T,C,0.839452,4.063,0.0151994760689382,0.00374094906939163,4.839e-5,Savage_2018,TRUE,reported,osHOls
rs1128956,4,183724005,T,G,0.81891,-0.885,-0.00319291429979629,0.00360781276813141,0.3761,Savage_2018,TRUE,reported,osHOls
rs7520927,1,237746815,A,G,0.478226,-0.787,-0.00216459182501447,0.00275043433928141,0.4311,Savage_2018,TRUE,reported,osHOls
rs11157931,14,23403193,A,C,0.396628,-2.024,-0.005668366432706,0.00280057630074407,0.04293,Savage_2018,TRUE,reported,osHOls
rs117520198,11,2212843,A,G,0.1747,2.625,0.00957801842355583,0.00364876892325936,0.008663,Savage_2018,TRUE,reported,osHOls
rs10835389,11,28676505,T,C,0.642008,-2.836,-0.00811174945113992,0.00286027836782085,0.004565,Savage_2018,TRUE,reported,osHOls
rs6028084,20,59838105,T,C,0.610764,4.216,0.0120390575670208,0.00285556393904668,2.482e-5,Savage_2018,TRUE,reported,osHOls
rs7515450,1,78582845,A,T,0.410718,2.838,0.00794869040866139,0.00280080705026828,0.004537,Savage_2018,TRUE,reported,osHOls
rs2006853,8,127600255,A,G,0.576424,-0.191,-0.00103930138013084,0.0054413684823604,0.8486,Savage_2018,TRUE,reported,osHOls
rs116068530,1,21939010,A,G,0.0196027,-0.075,-7.6975870518007e-4,0.010263449402401,0.9401,Savage_2018,TRUE,reported,osHOls
rs213014,1,21643745,T,C,0.548352,0.198,5.4668352800192e-4,0.00276102791920166,0.8429,Savage_2018,TRUE,reported,osHOls
rs62244884,3,71583383,A,G,0.408223,6.415,0.0180032877383166,0.00280643612444529,1.41e-10,Savage_2018,TRUE,reported,osHOls
rs13161488,5,145572664,T,C,0.659578,-3.876,-0.0112415687773762,0.00290030154215072,1.062e-4,Savage_2018,TRUE,reported,osHOls
rs3731507,3,48222353,T,C,0.0521096,4.059,0.0258073459473262,0.00635805517302938,4.92e-5,Savage_2018,TRUE,reported,osHOls
rs13030436,2,23301140,T,C,0.408777,1.531,0.00427922196196694,0.00279505026908357,0.1256,Savage_2018,TRUE,reported,osHOls
rs61827266,1,203794753,A,G,0.124761,0.715,0.00297105107896778,0.00415531619436053,0.4744,Savage_2018,TRUE,reported,osHOls
rs35226705,19,46301456,A,C,0.543686,0.962,0.00265810886933355,0.00276310693277916,0.3362,Savage_2018,TRUE,reported,osHOls
rs2238483,16,22860975,A,G,0.814721,1.742,0.00620771548506309,0.00356355653562749,0.08159,Savage_2018,TRUE,reported,osHOls
rs329120,5,133861756,T,C,0.425331,0.294,8.1299869425798e-4,0.0027653016811496,0.7688,Savage_2018,TRUE,reported,osHOls
rs4279337,5,124284656,A,T,0.258238,3.153,0.00982383240037619,0.00311570961001465,0.001615,Savage_2018,TRUE,reported,osHOls
rs112255786,6,50888500,C,G,0.9295658,-4.545,-0.0244967538533105,0.00538982483021133,5.485e-6,Savage_2018,TRUE,reported,osHOls
rs35512022,2,65394309,A,G,0.281429,-1.021,-0.00314385587757847,0.00307919282818655,0.3072,Savage_2018,TRUE,reported,osHOls
rs62156740,2,98875977,A,T,0.9850631,-2.453,-0.0290411996470698,0.0118390540754463,0.01417,Savage_2018,TRUE,reported,osHOls
rs9787076,1,44141149,A,C,0.681321,-5.038,-0.0147672682166102,0.00293117670039901,4.705e-7,Savage_2018,TRUE,reported,osHOls
rs912609,13,31788335,T,G,0.240437,1.965,0.00630436638809643,0.0032083289506852,0.04943,Savage_2018,TRUE,reported,osHOls
rs9359939,6,92133241,A,C,0.237558,-1.757,-0.0110514263579769,0.00628994101193904,0.079,Savage_2018,TRUE,reported,osHOls
rs3747631,1,204587569,C,G,0.201217,4.126,0.0141030178077324,0.00341808478132148,3.695e-5,Savage_2018,TRUE,reported,osHOls
rs9411336,9,134901901,T,C,0.337296,-4.79,-0.0138181604566986,0.00288479341475962,1.667e-6,Savage_2018,TRUE,reported,osHOls
rs4882141,11,48627525,T,C,0.649091,-2.153,-0.00620420788244492,0.00288165716787967,0.03133,Savage_2018,TRUE,reported,osHOls
rs975303,6,19028788,A,G,0.839082,-3.682,-0.0136947795580665,0.00371938608312506,2.311e-4,Savage_2018,TRUE,reported,osHOls
rs117520996,19,4410003,T,G,0.0416384,4.232,0.0305520284867682,0.00721928839479399,2.318e-5,Savage_2018,TRUE,reported,osHOls
rs1888765,10,23943839,C,G,0.767,2.144,0.00694367813506776,0.00323865584658011,0.03204,Savage_2018,TRUE,reported,osHOls
rs76878669,11,66092567,C,G,0.766677,-0.786,-0.00256818579173024,0.00326741194876621,0.4319,Savage_2018,TRUE,reported,osHOls
rs872602,3,185826028,A,G,0.249107,-0.515,-0.00163885351479504,0.00318223983455347,0.6068,Savage_2018,TRUE,reported,osHOls
rs67040074,2,229017414,T,C,0.352833,-0.521,-0.00150195714798491,0.00288283521686163,0.6027,Savage_2018,TRUE,reported,osHOls
rs17248751,16,61579618,A,G,0.798676,-4.211,-0.0143570403993878,0.00340941353583183,2.546e-5,Savage_2018,TRUE,reported,osHOls
rs2764684,1,58537919,T,C,0.847028,3.901,0.0148429366678048,0.00380490558005764,9.588e-5,Savage_2018,TRUE,reported,osHOls
rs28458909,9,140257189,T,C,0.126255,-4.535,-0.0197816449765977,0.00436199448216046,5.755e-6,Savage_2018,TRUE,reported,osHOls
rs12132113,1,241125747,A,T,0.647274,-2.691,-0.00780588153341382,0.00290073635578366,0.007133,Savage_2018,TRUE,reported,osHOls
rs6088618,20,33409350,A,G,0.438405,2.52,0.00693148090166837,0.00275058765939221,0.01173,Savage_2018,TRUE,reported,osHOls
rs10283803,9,38019145,T,C,0.531306,-2.404,-0.00656347168719378,0.00273022948718543,0.01621,Savage_2018,TRUE,reported,osHOls
rs7151326,14,86387845,T,G,0.412242,-1.247,-0.00350150424782141,0.00280794246016152,0.2123,Savage_2018,TRUE,reported,osHOls
rs8110747,19,36103517,T,C,0.389051,-3.26,-0.00916601226574103,0.00281166020421504,0.001112,Savage_2018,TRUE,reported,osHOls
rs2297293,21,47125046,C,G,0.325824,-0.408,-0.00119440155904248,0.0029274548015747,0.6836,Savage_2018,TRUE,reported,osHOls
rs56378598,16,90004868,T,C,0.290607,3.162,0.00968982481461256,0.00306446072568392,0.001569,Savage_2018,TRUE,reported,osHOls
rs13278836,8,120215797,A,G,0.110748,2.482,0.0108686186098764,0.00437897607166657,0.01308,Savage_2018,TRUE,reported,osHOls
rs9899056,17,48186942,A,G,0.397151,2.849,0.00805156245304933,0.00282610124712156,0.004381,Savage_2018,TRUE,reported,osHOls
rs273028,18,30685176,A,T,0.0857561,-0.477,-0.00234172839141909,0.00490928383945301,0.6333,Savage_2018,TRUE,reported,osHOls
rs7650602,3,141147414,T,C,0.567601,-1.024,-0.00288678543523374,0.00281912640159544,0.3058,Savage_2018,TRUE,reported,osHOls
rs78280128,4,106264781,A,G,0.9202341,-2.249,-0.0114286263872557,0.00508164801567616,0.02454,Savage_2018,TRUE,reported,osHOls
rs12981405,19,19651577,T,C,0.158577,-2.262,-0.00851251246355804,0.00376326810944211,0.02372,Savage_2018,TRUE,reported,osHOls
rs55897719,2,212590841,A,C,0.286973,-4.921,-0.0149774537839687,0.00304357930989,8.596e-7,Savage_2018,TRUE,reported,osHOls
rs3108680,1,107572997,T,C,0.668032,0.913,0.0026449247628884,0.00289696030984491,0.3614,Savage_2018,TRUE,reported,osHOls
rs2535692,22,18157282,A,G,0.282307,0.072,2.1952236497788e-4,0.00304892173580396,0.9428,Savage_2018,TRUE,reported,osHOls
rs717997,12,84133974,A,G,0.421312,3.045,0.00845692423045301,0.00277731501821117,0.002323,Savage_2018,TRUE,reported,osHOls
rs10189857,2,60713235,A,G,0.562889,6.908,0.0189954509400107,0.00274977575854237,4.907e-12,Savage_2018,TRUE,reported,osHOls
rs35733856,5,30830597,A,G,0.559732,-2.589,-0.00717705282449548,0.00277213318829489,0.009636,Savage_2018,TRUE,reported,osHOls
rs2903624,20,41616510,A,G,0.468217,-0.413,-0.0011383026011463,0.0027561806323155,0.6795,Savage_2018,TRUE,reported,osHOls
rs62543169,9,73069133,T,C,0.404327,-2.041,-0.00569682090714655,0.00279119103730845,0.04121,Savage_2018,TRUE,reported,osHOls
rs11245450,10,126658075,A,G,0.420157,1.23,0.00347764529296573,0.0028273538967201,0.2187,Savage_2018,TRUE,reported,osHOls
rs7626224,3,104907697,T,G,0.76215,2.048,0.00657792761759466,0.00321187871952864,0.04055,Savage_2018,TRUE,reported,osHOls
rs2302580,4,8608634,T,C,0.414844,-0.523,-0.00149220111409018,0.00285315700590857,0.6007,Savage_2018,TRUE,reported,osHOls
rs16934385,11,40147696,T,C,0.9279489,0.032,1.7022742533879e-4,0.00531960704183722,0.9748,Savage_2018,TRUE,reported,osHOls
rs6956241,7,75900223,T,G,0.144995,2.846,0.0111638041524348,0.00392262970921813,0.00443,Savage_2018,TRUE,reported,osHOls
rs192436652,19,54960747,T,C,0.0273021,-2.684,-0.0239634618219644,0.00892826446421921,0.00728,Savage_2018,TRUE,reported,osHOls
rs12435895,14,66459694,A,G,0.773961,-2.979,-0.00974642839590123,0.00327171144541834,0.002893,Savage_2018,TRUE,reported,osHOls
rs853199,17,35850225,T,C,0.332476,3.726,0.0108409931537345,0.00290955264458789,1.944e-4,Savage_2018,TRUE,reported,osHOls
rs7834862,8,38086009,A,G,0.765152,1.342,0.0043438533858279,0.00323685051104911,0.1797,Savage_2018,TRUE,reported,osHOls
rs7395835,11,1408731,T,C,0.67490000000000006,-2.773,-0.00817519348562056,0.00294814045640842,0.005559,Savage_2018,TRUE,reported,osHOls
rs4358081,2,29100642,A,C,0.533554,-3.343,-0.00914249250362813,0.00273481678241942,8.277e-4,Savage_2018,TRUE,reported,osHOls
rs12273435,11,133825855,A,G,0.187866,-5.021,-0.0180945378218992,0.00360377172314263,5.133e-7,Savage_2018,TRUE,reported,osHOls
rs57249366,6,6063605,A,G,0.772159,-0.724,-0.00236641979958669,0.00326853563478824,0.4692,Savage_2018,TRUE,reported,osHOls
rs28360553,22,35847034,T,C,0.240668,3.346,0.0112474549449616,0.00336146292437584,8.207e-4,Savage_2018,TRUE,reported,osHOls
rs10748559,10,93077075,T,C,0.624053,-3.878,-0.0111886679475581,0.00288516450426975,1.053e-4,Savage_2018,TRUE,reported,osHOls
rs11218422,11,98982974,T,C,0.565907,0.964,0.00265999001285322,0.0027593257394743,0.3348,Savage_2018,TRUE,reported,osHOls
rs4716528,7,157801995,A,G,0.70117,0.183,5.5517444784915e-4,0.00303374015218116,0.8547,Savage_2018,TRUE,reported,osHOls
rs17126938,10,111761351,T,C,0.858285,-1.999,-0.0078501998118636,0.00392706343765063,0.04557,Savage_2018,TRUE,reported,osHOls
rs28366987,8,76721432,T,C,0.860872,2.223,0.00884385955025606,0.00397834437708325,0.02623,Savage_2018,TRUE,reported,osHOls
rs4557790,9,23349982,A,C,0.567154,5.934,0.0164789730232784,0.00277704297662258,2.953e-9,Savage_2018,TRUE,reported,osHOls
rs75624576,13,91973215,T,G,0.0962735,3.357,0.0158057423261943,0.00470829381179454,7.876e-4,Savage_2018,TRUE,reported,osHOls
rs61747226,15,98512431,T,C,0.0409455,0.478,0.00334561898673037,0.00699920290110956,0.6329,Savage_2018,TRUE,reported,osHOls
rs6929638,6,144965158,A,G,0.512257,1.852,0.00505115448437789,0.00272740522914573,0.064,Savage_2018,TRUE,reported,osHOls
rs56059718,15,38836777,A,C,0.196951,-2.486,-0.00860566570487304,0.00346165153052013,0.01292,Savage_2018,TRUE,reported,osHOls
rs11774212,8,145686505,T,C,0.496458,5.178,0.0143403620922449,0.00276947896721609,2.241e-7,Savage_2018,TRUE,reported,osHOls
rs10401329,19,1871699,A,G,0.136865,2.607,0.0104516659185235,0.00400907783602744,0.009135,Savage_2018,TRUE,reported,osHOls
rs837129,15,37244629,A,G,0.415707,0.023,6.38483695318362e-5,0.00277601606660157,0.982,Savage_2018,TRUE,reported,osHOls
rs4798783,18,9174885,A,G,0.705405,2.79,0.00839001502889296,0.00300717384548135,0.005273,Savage_2018,TRUE,reported,osHOls
rs17257579,13,38176607,T,C,0.878703,-1.136,-0.00478185679466074,0.00420938098121544,0.256,Savage_2018,TRUE,reported,osHOls
rs863006,1,159177748,A,G,0.558223,-3.407,-0.00950602690751579,0.00279014584899201,6.577e-4,Savage_2018,TRUE,reported,osHOls
rs72799731,5,123183906,T,G,0.89421,0.064,2.8673463510819e-4,0.00448022867356558,0.949,Savage_2018,TRUE,reported,osHOls
rs489408,1,38243785,A,G,0.436326,2.287,0.0063354719869034,0.00277021075072296,0.02219,Savage_2018,TRUE,reported,osHOls
rs12709690,18,35165852,T,C,0.372621,-1.806,-0.00512307222489388,0.00283669558410514,0.07087,Savage_2018,TRUE,reported,osHOls
rs11196397,10,115375528,A,C,0.26158,-0.38,-0.00118928638249337,0.00312970100656149,0.7037,Savage_2018,TRUE,reported,osHOls
rs72801843,16,53508802,A,T,0.292331,7.469,0.0225863322539656,0.00302401020939424,8.111e-14,Savage_2018,TRUE,reported,osHOls
rs75907840,3,181420180,T,G,0.818109,-0.21,-7.8956283405791e-4,0.00375982301932338,0.8333,Savage_2018,TRUE,reported,osHOls
rs952062,5,13739867,A,T,0.127333,1.178,0.0107953482578451,0.00916413264672755,0.2389,Savage_2018,TRUE,reported,osHOls
rs7097348,10,53663315,T,C,0.724669,-1.323,-0.00406962341947441,0.00307605700640545,0.1859,Savage_2018,TRUE,reported,osHOls
rs2668196,3,165502709,A,T,0.207961,-2.564,-0.00863199434703532,0.00336661245984217,0.01034,Savage_2018,TRUE,reported,osHOls
rs73134986,7,72940370,A,G,0.0393748,-1.133,-0.00816603167798608,0.00720744190466556,0.257,Savage_2018,TRUE,reported,osHOls
rs28807201,21,20044236,T,C,0.684416,0.24,7.116309878875e-4,0.00296512911619792,0.8106,Savage_2018,TRUE,reported,osHOls
rs7184863,16,64935433,T,G,0.802371,-0.642,-0.00221223022196686,0.00344584146723809,0.5207,Savage_2018,TRUE,reported,osHOls
rs738988,22,34289025,A,G,0.737681,-3.936,-0.0122109403670765,0.00310237306074097,8.278e-5,Savage_2018,TRUE,reported,osHOls
rs79585412,21,46487730,T,C,0.9457037,-2.159,-0.013188006104719,0.00610838633845252,0.03086,Savage_2018,TRUE,reported,osHOls
rs6713695,2,215393529,A,G,0.457699,-1.906,-0.00525069106219986,0.00275482217324232,0.05665,Savage_2018,TRUE,reported,osHOls
rs62439683,7,21406125,A,C,0.244071,-3.377,-0.0108008955128837,0.00319837000677634,7.33e-4,Savage_2018,TRUE,reported,osHOls
rs149285517,4,147914507,T,C,0.122698,-0.753,-0.00315000475525052,0.00418327324734465,0.4517,Savage_2018,TRUE,reported,osHOls
rs59903549,6,156448341,T,C,0.084709,-3.897,-0.0193378832776104,0.00496224872404681,9.737e-5,Savage_2018,TRUE,reported,osHOls
rs34743418,3,143657807,T,C,0.463998,-4.381,-0.0120648920869231,0.00275391282513652,1.181e-5,Savage_2018,TRUE,reported,osHOls
rs16983844,20,62225508,A,G,0.188266,2.653,0.00927748313513563,0.00349697818889394,0.007981,Savage_2018,TRUE,reported,osHOls
rs1258276,12,30753417,A,C,0.334863,-1.318,-0.00383591424918415,0.00291040534839465,0.1876,Savage_2018,TRUE,reported,osHOls
rs1043595,7,128410012,A,G,0.261241,6.071,0.018956738554546,0.00312250676240257,1.269e-9,Savage_2018,TRUE,reported,osHOls
rs57985238,16,83608565,C,G,0.612873,-4.911,-0.0147726714453602,0.00300807807887604,9.05e-7,Savage_2018,TRUE,reported,osHOls
rs7578247,2,128562813,A,G,0.608978,-0.565,-0.00158207295568365,0.0028001291251038,0.572,Savage_2018,TRUE,reported,osHOls
rs73219806,8,26279173,A,C,0.172267,1.494,0.0106251325523068,0.00711186917825086,0.1351,Savage_2018,TRUE,reported,osHOls
rs10929474,2,7377513,A,T,0.224669,3.656,0.0120315977663347,0.00329091842624035,2.558e-4,Savage_2018,TRUE,reported,osHOls
rs7924036,10,65191645,T,G,0.504835,5.598,0.0153351903276719,0.00273940520322828,2.172e-8,Savage_2018,TRUE,reported,osHOls
rs6907381,6,11972512,A,G,0.130644,-1.807,-0.00730920204469021,0.004044937490144,0.07076,Savage_2018,TRUE,reported,osHOls
rs12764593,10,107491895,C,G,0.0666923,3.826,0.0212316905848901,0.00554931797827761,1.304e-4,Savage_2018,TRUE,reported,osHOls
rs2013717,5,96134175,T,G,0.80271,2.864,0.00981560338884639,0.00342723582012793,0.004189,Savage_2018,TRUE,reported,osHOls
rs1193240,1,7525982,A,C,0.423252,2.831,0.00786435346575699,0.00277794188122818,0.004644,Savage_2018,TRUE,reported,osHOls
rs336433,8,577101,A,G,0.421805,0.969,0.00269801286407288,0.0027843270011072,0.3323,Savage_2018,TRUE,reported,osHOls
rs3095075,4,3253183,A,G,0.550108,-2.74,-0.00763971716829578,0.0027882179446335,0.006139,Savage_2018,TRUE,reported,osHOls
rs2177083,2,202961665,A,G,0.50214,-1.294,-0.00356973422354469,0.00275868178017364,0.1956,Savage_2018,TRUE,reported,osHOls
rs13133213,4,15646794,A,G,0.502233,1.739,0.00473911764019671,0.00272519703289058,0.082,Savage_2018,TRUE,reported,osHOls
rs3098650,2,164381648,C,G,0.602464,3.628,0.0101745876468865,0.00280446186518372,2.853e-4,Savage_2018,TRUE,reported,osHOls
rs10507085,12,97786700,T,C,0.0680628,-1.218,-0.00662278357254823,0.0054374249364107,0.2234,Savage_2018,TRUE,reported,osHOls
rs2765873,1,65275071,A,G,0.455051,-4.42,-0.0121749943140236,0.00275452360045783,9.863e-6,Savage_2018,TRUE,reported,osHOls
rs28439552,1,77042631,C,G,0.206129,5.176,0.0176557394429381,0.00341107794492622,2.27e-7,Savage_2018,TRUE,reported,osHOls
rs884308,1,3277746,T,C,0.440468,4.834,0.0136447647128014,0.00282266543500237,1.339e-6,Savage_2018,TRUE,reported,osHOls
rs72790254,2,29391266,T,C,0.243563,5.246,0.0168349074578191,0.00320909406363307,1.556e-7,Savage_2018,TRUE,reported,osHOls
rs10192369,2,161380888,A,G,0.512673,-5.85,-0.0160525855471536,0.00274403171746215,4.906e-9,Savage_2018,TRUE,reported,osHOls
rs2558096,2,137531830,T,G,0.419957,-5.636,-0.015631792598654,0.00277356149727716,1.737e-8,Savage_2018,TRUE,reported,osHOls
rs11096472,2,17630709,A,G,0.658054,4.526,0.0130958423447042,0.00289346936471591,6.02e-6,Savage_2018,TRUE,reported,osHOls
rs907681,2,220384552,A,G,0.225408,5,0.0169009551104864,0.00338019102209729,5.743e-7,Savage_2018,TRUE,reported,osHOls
rs4485754,3,54234722,A,G,0.788497,5.652,0.0188778729394742,0.0033400341364958,1.585e-8,Savage_2018,TRUE,reported,osHOls
rs7652296,3,89587262,A,G,0.609824,5.906,0.0165331147131428,0.00279937600967538,3.509e-9,Savage_2018,TRUE,reported,osHOls
rs6535809,4,152592933,A,G,0.513351,7.186,0.019647497546139,0.0027341354781713,6.649e-13,Savage_2018,TRUE,reported,osHOls
rs17488534,4,166255940,A,G,0.391346,-4.684,-0.0132007920832318,0.00281827328847818,2.814e-6,Savage_2018,TRUE,reported,osHOls
rs7445309,5,27851009,A,G,0.65,5.059,0.0148066933023928,0.00292680239225002,4.225e-7,Savage_2018,TRUE,reported,osHOls
rs36033,5,60960727,T,C,0.581983,5.728,0.01596853525467,0.00278780294250524,1.017e-8,Savage_2018,TRUE,reported,osHOls
rs6860963,5,169239708,T,C,0.189898,5.829,0.0202624643090985,0.00347614759119892,5.569e-9,Savage_2018,TRUE,reported,osHOls
rs72816293,5,163773703,C,G,0.9516323,4.644,0.0304699843733666,0.0065611508125251,3.423e-6,Savage_2018,TRUE,reported,osHOls
rs10806984,6,24181831,A,C,0.645966,4.793,0.0139412616153074,0.00290867131552417,1.642e-6,Savage_2018,TRUE,reported,osHOls
rs3823036,6,99284532,T,C,0.681029,-6.481,-0.0189850836324976,0.00292934479748458,9.114e-11,Savage_2018,TRUE,reported,osHOls
rs12190777,6,98366735,A,G,0.722051,5.508,0.0170296198851204,0.00309179736476406,3.629e-8,Savage_2018,TRUE,reported,osHOls
rs287879,6,157143339,A,G,0.730782,-6.136,-0.0188666454127011,0.00307474664483395,8.469e-10,Savage_2018,TRUE,reported,osHOls
rs1009950,7,157536448,T,G,0.385356,-5.445,-0.0155517754245754,0.00285615710276866,5.167e-8,Savage_2018,TRUE,reported,osHOls
rs10906900,10,15472860,A,G,0.40134,-4.554,-0.012752836868157,0.00280035943525626,5.263e-6,Savage_2018,TRUE,reported,osHOls
rs7068573,10,127172816,T,G,0.530952,4.913,0.0134363550838829,0.00273485753793667,8.949e-7,Savage_2018,TRUE,reported,osHOls
rs2799399,10,130113462,T,G,0.433415,-4.454,-0.0123417391989148,0.0027709338120599,8.434e-6,Savage_2018,TRUE,reported,osHOls
rs1149577,11,76545414,T,C,0.781521,4.8,0.0158609699093324,0.00330436873111091,1.585e-6,Savage_2018,TRUE,reported,osHOls
rs148250616,12,1664093,A,G,0.015137,4.427,0.0530608655336513,0.0119857387697428,9.568e-6,Savage_2018,TRUE,reported,osHOls
rs8025964,15,82521770,A,G,0.465383,6.196,0.0170306124889385,0.00274864630228188,5.777e-10,Savage_2018,TRUE,reported,osHOls
rs1369429,15,88430934,T,C,0.347906,6.088,0.0176325609160892,0.00289628135941018,1.146e-9,Savage_2018,TRUE,reported,osHOls
rs4969374,17,79051466,A,G,0.256852,5.055,0.0160070654125381,0.00316658069486412,4.305e-7,Savage_2018,TRUE,reported,osHOls
rs6565590,17,79505759,A,G,0.065984,4.726,0.0262575627481273,0.00555598026832994,2.288e-6,Savage_2018,TRUE,reported,osHOls
rs7251275,19,44140605,T,C,0.273591,-5.112,-0.0159549541868039,0.00312107867503989,3.188e-7,Savage_2018,TRUE,reported,osHOls
rs6019535,20,47541517,A,G,0.305297,8.436,0.0251054480871655,0.00297598957884845,3.284e-17,Savage_2018,TRUE,reported,osHOls
rs6010786,20,61544714,T,C,0.474484,4.51,0.0123891439920625,0.00274703857917129,6.48e-6,Savage_2018,TRUE,reported,osHOls
