chr.exposure,SNP,other_allele.exposure,effect_allele.exposure,pos.exposure,eaf.exposure,pval.exposure,beta.exposure,se.exposure,samplesize.exposure,id.exposure,exposure,mr_keep.exposure,pval_origin.exposure
1,rs12072199,C,T,20877812,0.1879,2.19887116767e-10,-0.0234374037572,0.00369281000257,248482,anderson.2020,exposure,TRUE,reported
1,rs6689263,G,A,20882523,0.1183,3.15850516664e-10,-0.0282039347706,0.00448336794687,248482,anderson.2020,exposure,TRUE,reported
1,rs17414302,G,A,20976535,0.09046,7.46750694356e-10,0.0327005837285,0.00531211361639,248482,anderson.2020,exposure,TRUE,reported
1,rs945213,G,T,32047632,0.3459,8.67066064728e-9,0.0182968446522,0.00317936512156,248482,anderson.2020,exposure,TRUE,reported
1,rs4949448,G,T,32062066,0.4801,1.74127382594e-9,0.017660321187,0.00293347706189,248482,anderson.2020,exposure,TRUE,reported
1,rs4949454,G,A,32099041,0.4334,2.43865763512e-13,0.021438974479,0.00292792573161,248482,anderson.2020,exposure,TRUE,reported
1,rs41263967,C,T,32126135,0.1362,8.42952258367e-10,-0.0284081548157,0.00462928301224,248482,anderson.2020,exposure,TRUE,reported
1,rs2292989,G,A,32135773,0.336,1.46014857594e-14,0.0234297007062,0.00304638779969,248482,anderson.2020,exposure,TRUE,reported
1,rs4949459,G,T,32142354,0.4543,6.65869958287e-10,0.0180402153629,0.00292196944001,248482,anderson.2020,exposure,TRUE,reported
1,rs1140227,C,T,41493811,0.1074,3.71516478949e-8,-0.0266032288185,0.0048335383522,248482,anderson.2020,exposure,TRUE,reported
1,rs12025777,G,T,41748897,0.07952,5.29932929774e-11,-0.0357291119549,0.00544462354041,248482,anderson.2020,exposure,TRUE,reported
1,rs12035012,C,A,41750648,0.2137,1.44627575933e-18,-0.0318854163583,0.00362591105946,248482,anderson.2020,exposure,TRUE,reported
1,rs61774743,C,T,41832861,0.3569,1.20711728461e-9,-0.0200744157317,0.00330209573711,248482,anderson.2020,exposure,TRUE,reported
1,rs56233836,C,T,41837173,0.172,1.10494439806e-11,-0.029028072397,0.00427378416617,248482,anderson.2020,exposure,TRUE,reported
1,rs11209976,C,T,41851415,0.498,1.77151717591e-11,0.020646729532,0.00307073351131,248482,anderson.2020,exposure,TRUE,reported
1,rs11210871,G,C,44029353,0.331,4.08665590387e-10,-0.0196876977392,0.00314968821184,248482,anderson.2020,exposure,TRUE,reported
1,rs58097944,G,A,44054994,0.4334,6.14882902065e-9,0.0178880754421,0.00307743425389,248482,anderson.2020,exposure,TRUE,reported
1,rs673253,C,T,44062154,0.4105,2.9157209656e-11,0.0196060098215,0.00294793271422,248482,anderson.2020,exposure,TRUE,reported
1,rs6429637,G,A,44198531,0.2992,2.31521526884e-9,-0.0188487848848,0.00315514225481,248482,anderson.2020,exposure,TRUE,reported
1,rs4660261,G,A,44229597,0.3101,4.81154200228e-8,0.0178379239698,0.00326813368275,248482,anderson.2020,exposure,TRUE,reported
1,rs2486012,G,A,44373409,0.1103,1.23291349428e-13,0.0374916880533,0.00505742562854,248482,anderson.2020,exposure,TRUE,reported
1,rs6674176,G,A,44379957,0.1998,1.08940810668e-11,0.0253219379705,0.00372701190686,248482,anderson.2020,exposure,TRUE,reported
1,rs6668586,G,A,59561367,0.4791,4.59667726639e-9,0.0179811032302,0.00306784469588,248482,anderson.2020,exposure,TRUE,reported
1,rs2420178,G,A,69171869,0.09841,1.89111192378e-8,0.0271576954781,0.00483088751948,248482,anderson.2020,exposure,TRUE,reported
1,rs9436866,C,A,69427576,0.1014,4.71450131184e-10,-0.0307298268719,0.00493388348816,248482,anderson.2020,exposure,TRUE,reported
1,rs573688,C,T,71426569,0.1431,3.10417991752e-8,0.0222645295873,0.00402216652115,248482,anderson.2020,exposure,TRUE,reported
1,rs2163503,C,A,71801039,0.1998,8.01353518242e-9,-0.0207566740251,0.00359848304514,248482,anderson.2020,exposure,TRUE,reported
1,rs12125471,C,T,71907540,0.1034,2.12529361464e-8,0.0270907382044,0.00483635367715,248482,anderson.2020,exposure,TRUE,reported
1,rs12143094,G,C,72105376,0.04374,2.25284684866e-8,0.0348164243924,0.00622681439348,248482,anderson.2020,exposure,TRUE,reported
1,rs11576565,G,A,72114787,0.4781,1.10573666064e-8,0.0171029457746,0.00299334477529,248482,anderson.2020,exposure,TRUE,reported
1,rs12130762,G,A,72153088,0.08449,6.99722261347e-11,0.0341234605798,0.00523308434414,248482,anderson.2020,exposure,TRUE,reported
1,rs12139692,C,T,72461382,0.1103,8.13812840167e-12,0.0328294032631,0.00480236242648,248482,anderson.2020,exposure,TRUE,reported
1,rs1026997,C,T,72516287,0.4881,1.17349179878e-9,0.0177433201096,0.0029164747626,248482,anderson.2020,exposure,TRUE,reported
1,rs2016698,G,A,72562478,0.2734,2.47331198876e-11,-0.022306057719,0.0033417608979,248482,anderson.2020,exposure,TRUE,reported
1,rs12128707,G,A,72588119,0.2853,3.36005633765e-18,-0.0296532017774,0.00340896283014,248482,anderson.2020,exposure,TRUE,reported
1,rs12133604,G,T,72610879,0.4761,9.14889006187e-17,0.0256051122839,0.00307926188226,248482,anderson.2020,exposure,TRUE,reported
1,rs17589603,G,A,72632885,0.09443,1.13467582224e-8,0.0288685747556,0.00505644658996,248482,anderson.2020,exposure,TRUE,reported
1,rs1157072,G,A,72634912,0.04374,3.551806485e-14,-0.0510379004682,0.00673640085814,248482,anderson.2020,exposure,TRUE,reported
1,rs34305371,G,A,72733610,0.08748,3.88974048559e-20,0.0474075161276,0.00515800079139,248482,anderson.2020,exposure,TRUE,reported
1,rs12137231,C,T,72735458,0.4801,1.6407997314e-13,0.0215088807159,0.00291637335987,248482,anderson.2020,exposure,TRUE,reported
1,rs17526367,C,T,72756049,0.2425,1.73061750941e-18,-0.0304841552999,0.00347453694856,248482,anderson.2020,exposure,TRUE,reported
1,rs11209951,C,T,72837490,0.3648,3.7431527072e-17,0.0250618736443,0.00297623029057,248482,anderson.2020,exposure,TRUE,reported
1,rs2999987,C,T,72844514,0.1849,2.77621743365e-16,0.0308086671387,0.00376511158462,248482,anderson.2020,exposure,TRUE,reported
1,rs3945119,C,A,91135864,0.4702,1.64400679235e-8,-0.0165830173691,0.00293722301284,248482,anderson.2020,exposure,TRUE,reported
1,rs10922907,T,A,91193049,0.497,2.12005465986e-12,-0.0216741177958,0.00308469065377,248482,anderson.2020,exposure,TRUE,reported
1,rs1931247,C,A,96167510,0.4085,1.15203717773e-8,-0.017770785110900002,0.00311403430616,248482,anderson.2020,exposure,TRUE,reported
1,rs1931259,G,A,96170953,0.2147,6.28787426186e-9,-0.0214918877853,0.00369981059147,248482,anderson.2020,exposure,TRUE,reported
1,rs10874938,T,A,96175936,0.4722,9.10086073484e-18,0.0257167843356,0.0029956245193,248482,anderson.2020,exposure,TRUE,reported
1,rs10783018,G,A,96247835,0.1998,4.10871282137e-8,-0.020272553234,0.00369524811417,248482,anderson.2020,exposure,TRUE,reported
1,rs78164635,C,T,98288581,0.08052,1.26548556395e-8,-0.032896134592,0.00578072298125,248482,anderson.2020,exposure,TRUE,reported
1,rs9324380,G,C,98461132,0.1143,2.19959038476e-9,0.0267893115928,0.00447806820117,248482,anderson.2020,exposure,TRUE,reported
1,rs61787263,C,T,98618714,0.2386,4.84249572786e-10,0.0309161810474,0.00496715263945,248482,anderson.2020,exposure,TRUE,reported
1,rs12026245,G,A,103591465,0.4781,3.36436902752e-8,-0.0161036483025,0.00291662310934,248482,anderson.2020,exposure,TRUE,reported
1,rs600806,G,A,109840629,0.2714,4.07780889449e-11,-0.021996793691,0.00333223029032,248482,anderson.2020,exposure,TRUE,reported
1,rs10858096,C,A,109967104,0.4602,1.47225370224e-12,-0.0212038613232,0.00299613208421,248482,anderson.2020,exposure,TRUE,reported
1,rs3738772,C,A,110048436,0.2803,4.67355649309e-9,0.0188868733396,0.00322389769001,248482,anderson.2020,exposure,TRUE,reported
1,rs78382112,G,A,181535715,0.05368,1.89758816576e-10,0.0449680713295,0.00706000763719,248482,anderson.2020,exposure,TRUE,reported
1,rs11588857,G,A,204587047,0.2237,1.54435626729e-10,0.0230159955045,0.00359572804751,248482,anderson.2020,exposure,TRUE,reported
1,rs11579557,G,A,211619703,0.2068,1.15627304154e-9,-0.0214851517115,0.00353014650707,248482,anderson.2020,exposure,TRUE,reported
1,rs6669919,C,T,211674383,0.4324,1.90008085267e-8,0.0165822805494,0.00295013174898,248482,anderson.2020,exposure,TRUE,reported
1,rs17043393,G,A,216871412,0.1441,1.11560366334e-8,0.0229024829039,0.00400943590023,248482,anderson.2020,exposure,TRUE,reported
2,rs6719830,C,T,24061034,0.4294,3.43201997943e-9,-0.0173168562642,0.00293035496673,248482,anderson.2020,exposure,TRUE,reported
2,rs2176263,G,C,24092773,0.4135,4.16886089673e-8,0.0163237953363,0.00297686902097,248482,anderson.2020,exposure,TRUE,reported
2,rs6723226,G,A,32849207,0.337,4.37058713838e-8,0.0171459760308,0.00313158021837,248482,anderson.2020,exposure,TRUE,reported
2,rs12465938,C,T,57178443,0.4274,2.12321529386e-8,0.016830253990200002,0.00300451749744,248482,anderson.2020,exposure,TRUE,reported
2,rs1424636,G,A,57405979,0.3867,5.63725026824e-9,-0.0174279977588,0.00299081270382,248482,anderson.2020,exposure,TRUE,reported
2,rs1424638,C,T,57407649,0.4791,1.88000335434e-11,0.0196448655843,0.00292549755985,248482,anderson.2020,exposure,TRUE,reported
2,rs11125721,G,A,57826028,0.3946,5.44703070092e-9,0.0175764731722,0.00301333051239,248482,anderson.2020,exposure,TRUE,reported
2,rs13012916,G,T,57923006,0.3728,1.64916839271e-8,-0.0171654024505,0.00304066685801,248482,anderson.2020,exposure,TRUE,reported
2,rs17049820,C,T,59139507,0.1004,4.66701741691e-8,-0.0255094625579,0.0046690257195,248482,anderson.2020,exposure,TRUE,reported
2,rs243072,G,C,60618796,0.4205,6.52680425485e-10,0.0182408900421,0.00295296095989,248482,anderson.2020,exposure,TRUE,reported
2,rs6718203,G,C,60659307,0.1272,5.66721641957e-9,-0.0268136255167,0.00460217613793,248482,anderson.2020,exposure,TRUE,reported
2,rs13019832,G,A,60710571,0.4245,5.1677494361e-11,0.0194714139243,0.00296548147034,248482,anderson.2020,exposure,TRUE,reported
2,rs10189857,G,A,60713235,0.4205,5.89646241738e-16,0.023793396779,0.00294056484267,248482,anderson.2020,exposure,TRUE,reported
2,rs7565301,G,A,60723266,0.2535,1.08456301751e-8,-0.0189499646995,0.00331470133469,248482,anderson.2020,exposure,TRUE,reported
2,rs12465425,G,T,68470425,0.3439,1.43519156987e-9,-0.0190383945966,0.00314607132742,248482,anderson.2020,exposure,TRUE,reported
2,rs6731373,G,A,68503044,0.2992,4.56425784855e-9,-0.0183435681985,0.00312905933712,248482,anderson.2020,exposure,TRUE,reported
2,rs6731420,C,T,71533300,0.4453,2.27018299857e-8,-0.0164387179324,0.00294071601572,248482,anderson.2020,exposure,TRUE,reported
2,rs10865397,G,A,73358292,0.499,1.49085440887e-8,-0.0172611080117,0.00304825865394,248482,anderson.2020,exposure,TRUE,reported
2,rs6732160,G,A,73387228,0.4056,2.47178700746e-10,0.0198951593238,0.00314362322997,248482,anderson.2020,exposure,TRUE,reported
2,rs1045902,C,T,73483057,0.4831,6.46817794755e-11,0.0195449337208,0.00299195415608,248482,anderson.2020,exposure,TRUE,reported
2,rs10165862,C,T,73610743,0.2883,4.61704151514e-9,-0.0184225376254,0.0031435536471,248482,anderson.2020,exposure,TRUE,reported
2,rs62156361,G,A,99679099,0.0169,1.05147122791e-8,0.0591120687765,0.0103302862115,248482,anderson.2020,exposure,TRUE,reported
2,rs55779933,C,T,100289102,0.03777,2.51904759623e-9,0.0479800916531,0.00805005921889,248482,anderson.2020,exposure,TRUE,reported
2,rs7579187,G,A,100341568,0.4414,3.29329652123e-10,0.0193311113004,0.00307609514119,248482,anderson.2020,exposure,TRUE,reported
2,rs2043007,C,T,100348673,0.4563,8.66730258059e-10,0.0188925556875,0.00308087818867,248482,anderson.2020,exposure,TRUE,reported
2,rs79785879,C,T,100516638,0.02087,3.93065828438e-10,-0.060496356427,0.00966896414586,248482,anderson.2020,exposure,TRUE,reported
2,rs34321437,C,T,100577421,0.03579,1.52290226947e-14,0.0603402722472,0.00785108893989,248482,anderson.2020,exposure,TRUE,reported
2,rs13032879,C,T,100602759,0.17,1.2180207783e-12,0.0292832808352,0.00412248275031,248482,anderson.2020,exposure,TRUE,reported
2,rs6750720,G,C,100670745,0.33,3.9095078025e-10,-0.019654081644,0.0031408345712,248482,anderson.2020,exposure,TRUE,reported
2,rs6714788,C,T,100686173,0.4811,8.54020666554e-12,0.0199189053316,0.0029167350644,248482,anderson.2020,exposure,TRUE,reported
2,rs4851250,C,T,100729293,0.1799,6.33910985422e-17,-0.0320217214942,0.00383092638283,248482,anderson.2020,exposure,TRUE,reported
2,rs4851254,G,C,100762937,0.2654,5.30813124584e-17,-0.0287435187828,0.00343015379873,248482,anderson.2020,exposure,TRUE,reported
2,rs12712073,C,T,100805128,0.4125,4.66126891098e-9,-0.0180509009862,0.00308097129787,248482,anderson.2020,exposure,TRUE,reported
2,rs9653442,C,T,100825367,0.4533,6.91126673131e-16,0.0235842732058,0.00292171089078,248482,anderson.2020,exposure,TRUE,reported
2,rs13010010,C,T,100852734,0.3857,5.87609816433e-20,0.0276335333736,0.00302118540767,248482,anderson.2020,exposure,TRUE,reported
2,rs4438499,G,A,100876789,0.4851,2.65282157217e-19,0.0261955108179,0.00291636361725,248482,anderson.2020,exposure,TRUE,reported
2,rs7582180,G,A,100912463,0.325,1.05410997807e-11,-0.0207824552351,0.0030567317689,248482,anderson.2020,exposure,TRUE,reported
2,rs71413877,G,A,100924822,0.03777,5.20598236728e-13,0.0567203452252,0.00785620899398,248482,anderson.2020,exposure,TRUE,reported
2,rs11895772,G,C,100938917,0.4573,7.12454404143e-16,0.024872731978600002,0.00308274726641,248482,anderson.2020,exposure,TRUE,reported
2,rs9646954,G,A,101044795,0.3559,4.70085167771e-10,0.0200858006041,0.00322467717777,248482,anderson.2020,exposure,TRUE,reported
2,rs13416322,C,T,101052583,0.2038,3.77797734332e-8,0.0206646242693,0.00375657065946,248482,anderson.2020,exposure,TRUE,reported
2,rs76353274,G,A,101147456,0.02187,3.03012863155e-8,0.0529549959825,0.00955920374454,248482,anderson.2020,exposure,TRUE,reported
2,rs3112255,C,A,101317260,0.4821,5.05586889258e-10,-0.0186099710786,0.00299322690109,248482,anderson.2020,exposure,TRUE,reported
2,rs1028045,G,A,101321075,0.496,7.08773159535e-11,0.0190220723223,0.00291803778198,248482,anderson.2020,exposure,TRUE,reported
2,rs17033621,C,T,107613912,0.4702,8.85000908288e-10,0.0179264068095,0.00292490767025,248482,anderson.2020,exposure,TRUE,reported
2,rs10211032,G,A,117323073,0.494,3.21854874878e-8,0.0169581147239,0.00306705907669,248482,anderson.2020,exposure,TRUE,reported
2,rs62172064,C,T,144154888,0.2565,8.75152294584e-11,-0.0322160992822,0.00496619338052,248482,anderson.2020,exposure,TRUE,reported
2,rs10200533,G,A,144183002,0.4841,4.11988281098e-12,0.0212838361609,0.00306992862648,248482,anderson.2020,exposure,TRUE,reported
2,rs35825582,G,A,144248762,0.4811,1.77859916867e-10,0.0195862800114,0.00307027041332,248482,anderson.2020,exposure,TRUE,reported
2,rs13428598,C,T,144250487,0.3718,3.66733430864e-13,0.0229939009749,0.00316402088321,248482,anderson.2020,exposure,TRUE,reported
2,rs12465778,C,T,144255201,0.4493,3.21334465848e-10,-0.0184069585754,0.00292725965006,248482,anderson.2020,exposure,TRUE,reported
2,rs4233567,C,T,144272376,0.3459,1.05147122791e-8,0.0183787105688,0.00321182026451,248482,anderson.2020,exposure,TRUE,reported
2,rs10198948,C,T,155443386,0.492,1.23936118565e-9,-0.0270813848654,0.00445779211293,248482,anderson.2020,exposure,TRUE,reported
2,rs3106666,G,A,155547853,0.4612,1.38906072614e-9,-0.0179576708174,0.0029649060008,248482,anderson.2020,exposure,TRUE,reported
2,rs12993989,C,T,156013297,0.4851,2.08704127259e-9,0.0174868352288,0.00291890758187,248482,anderson.2020,exposure,TRUE,reported
2,rs72904190,G,A,156883940,0.1024,8.36792704309e-9,0.02845947987,0.00494013194312,248482,anderson.2020,exposure,TRUE,reported
2,rs72906064,G,T,156911600,0.1183,2.17218700227e-9,-0.0284256937259,0.00474998321358,248482,anderson.2020,exposure,TRUE,reported
2,rs13425585,G,C,157487273,0.4841,7.96502873395e-13,-0.0219671821729,0.00306729008294,248482,anderson.2020,exposure,TRUE,reported
2,rs7579670,C,T,157490425,0.3211,3.17448448145e-8,0.0178664368211,0.00322992641196,248482,anderson.2020,exposure,TRUE,reported
2,rs67450615,G,T,157493292,0.2068,7.02406845135e-10,0.0232908928494,0.00377758850987,248482,anderson.2020,exposure,TRUE,reported
2,rs13023735,G,A,157524035,0.3479,3.80468218549e-8,0.0180963527577,0.00329043382199,248482,anderson.2020,exposure,TRUE,reported
2,rs62175972,C,T,161362830,0.0169,4.38150161728e-8,-0.0467503903677,0.00853928690443,248482,anderson.2020,exposure,TRUE,reported
2,rs10192369,G,A,161380888,0.4791,3.67245284663e-9,-0.017210522198,0.00291787384988,248482,anderson.2020,exposure,TRUE,reported
2,rs114952970,C,T,161812352,0.0338,3.98996657079e-8,0.0512996065499,0.00934198655364,248482,anderson.2020,exposure,TRUE,reported
2,rs6715073,C,T,161877176,0.3489,5.04065564622e-9,-0.0182717554642,0.00312560799113,248482,anderson.2020,exposure,TRUE,reported
2,rs10930011,T,A,161902067,0.3877,2.84281778075e-8,-0.0168607274904,0.00303750298761,248482,anderson.2020,exposure,TRUE,reported
2,rs7586673,C,A,161923520,0.332,2.89914478523e-10,-0.019124921823,0.00303373813421,248482,anderson.2020,exposure,TRUE,reported
2,rs7309,G,A,162092640,0.4602,2.89544046283e-17,-0.0246505498338,0.00291698077054,248482,anderson.2020,exposure,TRUE,reported
2,rs116175783,G,C,162274847,0.03877,4.60793843912e-8,0.042676507514,0.00780789963317,248482,anderson.2020,exposure,TRUE,reported
2,rs4664442,G,A,162828001,0.4165,4.60562471844e-17,-0.0245768509088,0.00292708667591,248482,anderson.2020,exposure,TRUE,reported
2,rs4140685,G,T,162852079,0.3459,6.10503005633e-13,0.0226475656288,0.00314631861296,248482,anderson.2020,exposure,TRUE,reported
2,rs6741949,G,C,162910223,0.4115,9.11051492003e-9,-0.0173356738461,0.00301673170478,248482,anderson.2020,exposure,TRUE,reported
2,rs4664446,G,A,162910403,0.4851,1.23906482251e-8,0.0170339434964,0.00299142235354,248482,anderson.2020,exposure,TRUE,reported
2,rs13411363,G,A,166667204,0.3837,2.16939072326e-8,0.0170401686837,0.0030440180138,248482,anderson.2020,exposure,TRUE,reported
2,rs2887218,C,T,183376487,0.4861,2.11102911309e-8,0.0163886716264,0.00292516585964,248482,anderson.2020,exposure,TRUE,reported
2,rs12693854,G,A,199514275,0.4463,8.14030252795e-10,0.0181255543163,0.00295100300511,248482,anderson.2020,exposure,TRUE,reported
2,rs17443541,C,T,200402624,0.1968,2.88013534589e-8,0.0218865458391,0.00394453723532,248482,anderson.2020,exposure,TRUE,reported
2,rs12477602,G,A,203338245,0.1173,1.8603213126e-8,-0.0244115083629,0.00434019953555,248482,anderson.2020,exposure,TRUE,reported
2,rs4132462,C,T,212635589,0.2614,8.85494364348e-9,-0.0187529517656,0.00326063450638,248482,anderson.2020,exposure,TRUE,reported
3,rs748832,G,A,16851202,0.3539,2.04892709065e-10,0.0192651526735,0.00303024212619,248482,anderson.2020,exposure,TRUE,reported
3,rs73139274,G,C,16858522,0.1322,2.92143258326e-10,0.0277917520021,0.00440936539133,248482,anderson.2020,exposure,TRUE,reported
3,rs3762767,C,A,23847211,0.2624,1.25062140011e-9,-0.0206892901346,0.00340642091463,248482,anderson.2020,exposure,TRUE,reported
3,rs11129127,T,A,23943406,0.4095,4.0513221612e-8,-0.0169712548217,0.00309209183792,248482,anderson.2020,exposure,TRUE,reported
3,rs34476593,T,A,23943599,0.2028,1.98865817102e-11,-0.0256302340552,0.00382149905284,248482,anderson.2020,exposure,TRUE,reported
3,rs2001209,G,A,23962646,0.2694,1.56873804644e-15,0.0257889033735,0.00323517452676,248482,anderson.2020,exposure,TRUE,reported
3,rs7631394,G,A,23990586,0.2535,2.26777748042e-8,-0.0196802424629,0.00352047517506,248482,anderson.2020,exposure,TRUE,reported
3,rs7431278,C,T,24070055,0.3002,1.51328440748e-15,0.0248319695703,0.00311339246035,248482,anderson.2020,exposure,TRUE,reported
3,rs6801153,C,T,24113697,0.2366,1.80755610352e-12,-0.0236961982432,0.0033618410322,248482,anderson.2020,exposure,TRUE,reported
3,rs73078367,C,T,48708347,0.1272,9.1040671627e-12,0.0327373062291,0.00480019170803,248482,anderson.2020,exposure,TRUE,reported
3,rs6774721,G,A,49381898,0.1471,5.96547591445e-11,0.0288755540246,0.00441211887189,248482,anderson.2020,exposure,TRUE,reported
3,rs13090388,C,T,49391082,0.336,4.60694853303e-24,0.0337539490584,0.00333609861017,248482,anderson.2020,exposure,TRUE,reported
3,rs80033912,C,A,49468689,0.2734,2.52653140747e-11,0.0229162606249,0.00343478484368,248482,anderson.2020,exposure,TRUE,reported
3,rs13096760,C,T,49476806,0.4304,8.9212747886e-13,0.0220737709338,0.00308888213124,248482,anderson.2020,exposure,TRUE,reported
3,rs56116382,C,A,49606188,0.2028,6.0338472238e-13,-0.0288912881771,0.00401283766426,248482,anderson.2020,exposure,TRUE,reported
3,rs13096480,G,A,49658084,0.166,2.36494257715e-11,-0.0256482005303,0.00383868382792,248482,anderson.2020,exposure,TRUE,reported
3,rs56176327,G,C,49706736,0.09841,2.32640219848e-9,-0.0301952703717,0.00505512213933,248482,anderson.2020,exposure,TRUE,reported
3,rs7618501,G,A,49772647,0.4742,1.09605124706e-31,-0.0359244656081,0.00306711283846,248482,anderson.2020,exposure,TRUE,reported
3,rs6446298,C,T,49860854,0.337,4.32039043167e-10,0.0192061119925,0.00307692138376,248482,anderson.2020,exposure,TRUE,reported
3,rs10865959,G,C,49891002,0.3082,2.01302165593e-11,-0.0214976499272,0.00320617563636,248482,anderson.2020,exposure,TRUE,reported
3,rs2280405,G,C,49895052,0.4801,6.44758271392e-12,0.0205773287982,0.00299550919975,248482,anderson.2020,exposure,TRUE,reported
3,rs55692411,G,A,49911155,0.4155,6.31911085836e-26,-0.0327372823844,0.00310911099888,248482,anderson.2020,exposure,TRUE,reported
3,rs62262097,G,A,49970310,0.1133,3.24244077786e-8,-0.0265335708101,0.00480001081702,248482,anderson.2020,exposure,TRUE,reported
3,rs35849525,C,T,50067350,0.2565,1.18445997026e-16,0.029065153148,0.003508309296,248482,anderson.2020,exposure,TRUE,reported
3,rs2526388,C,T,50174886,0.2604,1.28218036316e-8,-0.0192317992449,0.00338086669176,248482,anderson.2020,exposure,TRUE,reported
3,rs2003485,C,T,50176589,0.334,5.72019561413e-13,-0.0233018348365,0.00323322676175,248482,anderson.2020,exposure,TRUE,reported
3,rs2188151,G,T,50201924,0.3966,9.60086366425e-15,-0.022884054864,0.00295490350924,248482,anderson.2020,exposure,TRUE,reported
3,rs3774749,C,T,50207227,0.4732,1.91722922602e-22,0.0299654762164,0.0030746172841,248482,anderson.2020,exposure,TRUE,reported
3,rs9832454,C,T,50217558,0.0994,1.52861365287e-9,0.0325812348308,0.00539306828558,248482,anderson.2020,exposure,TRUE,reported
3,rs7613681,C,T,50438793,0.4235,2.51866514961e-8,0.0173351849983,0.00311113792271,248482,anderson.2020,exposure,TRUE,reported
3,rs12489828,G,T,52567014,0.4473,7.83226271196e-11,0.0196873615976,0.00302706111514,248482,anderson.2020,exposure,TRUE,reported
3,rs2878628,G,A,52584715,0.4284,1.43251202592e-8,-0.0168298335172,0.00296850914627,248482,anderson.2020,exposure,TRUE,reported
3,rs11235,C,T,52745087,0.4314,2.13759875063e-8,0.016822125447,0.0030036938631,248482,anderson.2020,exposure,TRUE,reported
3,rs36051354,C,T,52986012,0.338,1.2768578185e-8,0.0186844538179,0.00328423555747,248482,anderson.2020,exposure,TRUE,reported
3,rs6779258,C,T,71549639,0.4384,2.07999572331e-10,-0.0189601899548,0.0029833594623,248482,anderson.2020,exposure,TRUE,reported
3,rs862687,G,A,71675423,0.4304,4.80965439918e-12,0.0215855964886,0.003123330246,248482,anderson.2020,exposure,TRUE,reported
3,rs9830359,C,T,85397118,0.1203,3.96332724455e-8,-0.0263451032182,0.00479657866027,248482,anderson.2020,exposure,TRUE,reported
3,rs10511071,C,T,85800077,0.1213,1.04647134663e-8,-0.0267859188696,0.00468038209637,248482,anderson.2020,exposure,TRUE,reported
3,rs75064307,C,T,108112520,0.1879,1.07893162232e-8,0.0222455007529,0.00389054968996,248482,anderson.2020,exposure,TRUE,reported
3,rs78715178,T,A,108226462,0.05964,7.10817041244e-9,0.0418154005632,0.00722406375856,248482,anderson.2020,exposure,TRUE,reported
3,rs13089785,C,A,123653909,0.4304,2.17493345531e-8,-0.0172769175543,0.00308655429814,248482,anderson.2020,exposure,TRUE,reported
3,rs7621362,C,T,127145164,0.1809,5.22917400872e-9,-0.0231192747948,0.00395897646945,248482,anderson.2020,exposure,TRUE,reported
3,rs6439699,G,A,137015487,0.162,6.92542030071e-9,0.0223982407268,0.0038666167909,248482,anderson.2020,exposure,TRUE,reported
3,rs9862291,G,A,137037058,0.4861,5.31986507688e-10,-0.01908692754,0.00307389293447,248482,anderson.2020,exposure,TRUE,reported
3,rs6780666,C,T,137068013,0.3966,5.17502802136e-9,-0.0182391335329,0.00312236727503,248482,anderson.2020,exposure,TRUE,reported
3,rs13064915,C,T,137121243,0.3191,2.97513364052e-9,0.0183016874186,0.00308474586401,248482,anderson.2020,exposure,TRUE,reported
4,rs79839061,G,A,705884,0.08151,1.16804664013e-8,0.0328761367659,0.00576336967431,248482,anderson.2020,exposure,TRUE,reported
4,rs2295499,C,T,2717690,0.4066,7.04038605157e-10,-0.0180980595776,0.00293552908459,248482,anderson.2020,exposure,TRUE,reported
4,rs34811474,G,A,25408838,0.2167,2.08654273058e-10,0.0234387850708,0.00368834052006,248482,anderson.2020,exposure,TRUE,reported
4,rs35631117,G,T,67804304,0.4662,9.88895520554e-11,0.019951261248,0.00308430588941,248482,anderson.2020,exposure,TRUE,reported
4,rs1346081,G,A,68034719,0.4742,1.75644223734e-12,0.0207044201296,0.0029357273977,248482,anderson.2020,exposure,TRUE,reported
4,rs7671900,G,A,88266289,0.4026,3.81845627481e-8,0.0170605019585,0.00310244604539,248482,anderson.2020,exposure,TRUE,reported
4,rs11945232,G,A,88342369,0.3648,1.79050771626e-8,-0.0169432394451,0.0030088617708,248482,anderson.2020,exposure,TRUE,reported
4,rs1972863,G,A,94579511,0.2833,4.05025813154e-8,-0.0181282438807,0.00330286249303,248482,anderson.2020,exposure,TRUE,reported
4,rs17199964,G,A,102707791,0.06561,2.33996299681e-9,-0.0338353412915,0.00566542133695,248482,anderson.2020,exposure,TRUE,reported
4,rs34592089,G,A,102926923,0.05268,9.61976645897e-13,-0.0463485288882,0.0064951746527,248482,anderson.2020,exposure,TRUE,reported
4,rs6855246,G,A,103112470,0.09046,8.98095036158e-13,0.0395850684265,0.00554002669803,248482,anderson.2020,exposure,TRUE,reported
4,rs238449,C,A,103112813,0.332,2.98270360355e-9,-0.0194797118388,0.0032835324767,248482,anderson.2020,exposure,TRUE,reported
4,rs7667281,C,T,103133044,0.3857,5.68882968788e-9,0.0174456518064,0.00299462384143,248482,anderson.2020,exposure,TRUE,reported
4,rs13107325,C,T,103188709,0.07952,3.2975775323e-18,-0.0504409709376,0.00579732671415,248482,anderson.2020,exposure,TRUE,reported
4,rs17032400,C,T,103190229,0.4712,5.83478298702e-10,-0.0181378157315,0.00292789545676,248482,anderson.2020,exposure,TRUE,reported
4,rs13105581,C,T,103228830,0.0825,2.25317415533e-10,-0.0361143579712,0.00569356702697,248482,anderson.2020,exposure,TRUE,reported
4,rs230489,C,T,103388441,0.1143,7.0184840175e-9,0.0280725288613,0.00484804723626,248482,anderson.2020,exposure,TRUE,reported
4,rs1541374,G,T,106048360,0.3141,8.72750967041e-10,-0.0227799454406,0.00371547619344,248482,anderson.2020,exposure,TRUE,reported
4,rs4698932,G,A,106049147,0.4891,3.4704984348e-11,0.0193228891911,0.00291662536548,248482,anderson.2020,exposure,TRUE,reported
4,rs10010325,C,A,106106353,0.4871,3.24690063713e-8,0.0161285133491,0.00291782879286,248482,anderson.2020,exposure,TRUE,reported
4,rs6839705,C,A,106144735,0.3559,9.94299575566e-11,0.0198001125668,0.00306132933778,248482,anderson.2020,exposure,TRUE,reported
4,rs2101975,G,A,106216667,0.4294,3.64880220399e-19,0.0269548520082,0.00301268502836,248482,anderson.2020,exposure,TRUE,reported
4,rs2466920,G,T,106220558,0.3966,3.49767382936e-16,0.0253824518849,0.00311257931253,248482,anderson.2020,exposure,TRUE,reported
4,rs2647261,G,A,106233359,0.3688,1.04787337901e-10,-0.0206174009255,0.00319160834348,248482,anderson.2020,exposure,TRUE,reported
4,rs2726453,G,T,106319836,0.4592,7.66007648585e-10,0.0186570720813,0.00303277477324,248482,anderson.2020,exposure,TRUE,reported
4,rs4863517,C,T,140773858,0.3121,5.92898910576e-9,0.0189910730576,0.00326377283733,248482,anderson.2020,exposure,TRUE,reported
4,rs72712511,C,A,140804901,0.2823,1.32107938915e-9,-0.0199133767253,0.00328342842662,248482,anderson.2020,exposure,TRUE,reported
4,rs6840360,G,A,152604031,0.4831,7.18128688354e-12,-0.020500739072,0.00299106183344,248482,anderson.2020,exposure,TRUE,reported
4,rs522743,G,A,152827979,0.4583,3.33216216408e-8,0.0170682053371,0.00309037379233,248482,anderson.2020,exposure,TRUE,reported
4,rs4130344,G,T,159726345,0.4354,1.85628161491e-9,-0.0177046330362,0.0029459072941,248482,anderson.2020,exposure,TRUE,reported
5,rs4699954,G,A,59634544,0.1392,2.43133474626e-8,-0.0211228296714,0.00378672991955,248482,anderson.2020,exposure,TRUE,reported
5,rs26949,C,T,59825300,0.4175,6.31927407918e-9,-0.0171857930561,0.00295894486628,248482,anderson.2020,exposure,TRUE,reported
5,rs4700393,G,A,60098267,0.4602,1.96880904932e-11,-0.0205999050476,0.00307080044801,248482,anderson.2020,exposure,TRUE,reported
5,rs72759215,C,T,60352583,0.4175,2.21454253447e-12,0.0216989827391,0.00309090828705,248482,anderson.2020,exposure,TRUE,reported
5,rs2055375,G,T,60531220,0.499,1.96894186548e-10,-0.0185743367996,0.00291877497821,248482,anderson.2020,exposure,TRUE,reported
5,rs6890684,G,A,60615886,0.496,2.29006949451e-10,0.0194803239753,0.00307235953182,248482,anderson.2020,exposure,TRUE,reported
5,rs10223052,G,A,60800336,0.338,1.54255901012e-8,0.0181240463974,0.00320396157233,248482,anderson.2020,exposure,TRUE,reported
5,rs13179617,G,T,60823170,0.3857,4.15348646852e-8,-0.0173012069948,0.00315473767113,248482,anderson.2020,exposure,TRUE,reported
5,rs1812587,G,T,62991802,0.4871,2.41610672718e-10,-0.0194911470058,0.00307807575953,248482,anderson.2020,exposure,TRUE,reported
5,rs12519613,C,T,67625070,0.1581,2.04684272655e-8,-0.0231701333161,0.00413162538169,248482,anderson.2020,exposure,TRUE,reported
5,rs35267052,G,T,87949118,0.1083,3.45959348675e-12,-0.0353311110844,0.00507801288478,248482,anderson.2020,exposure,TRUE,reported
5,rs6882046,G,A,87968864,0.2873,3.14375364271e-16,-0.0266764657597,0.00326610057787,248482,anderson.2020,exposure,TRUE,reported
5,rs3814424,C,T,87968953,0.172,5.39379406229e-13,0.0283778786041,0.00393318335979,248482,anderson.2020,exposure,TRUE,reported
5,rs141729694,C,T,87999371,0.09046,4.74723357944e-14,0.04430367254,0.00587684126834,248482,anderson.2020,exposure,TRUE,reported
5,rs254781,C,T,88000636,0.4404,2.90620036358e-21,-0.02934611135,0.00310014254711,248482,anderson.2020,exposure,TRUE,reported
5,rs409645,G,A,88005254,0.3598,1.47436023199e-10,-0.0205145136792,0.00320138849875,248482,anderson.2020,exposure,TRUE,reported
5,rs41352752,C,T,88029208,0.02584,1.01572081369e-9,-0.0522220969989,0.00855129861143,248482,anderson.2020,exposure,TRUE,reported
5,rs1422189,G,A,88042019,0.1511,5.93509170502e-9,0.0258438223245,0.00444160570774,248482,anderson.2020,exposure,TRUE,reported
5,rs62380364,C,A,88107337,0.4543,2.40323592258e-16,-0.0252751960464,0.00308232905469,248482,anderson.2020,exposure,TRUE,reported
5,rs3850651,G,T,88181109,0.4046,1.16845249955e-9,-0.0184352943545,0.0030298713409,248482,anderson.2020,exposure,TRUE,reported
5,rs10942580,C,T,89216233,0.15310000000000001,3.04171680812e-8,0.0221521346897,0.00399928887603,248482,anderson.2020,exposure,TRUE,reported
5,rs166820,G,A,89353210,0.162,1.89013217201e-8,0.0224140781145,0.00398701599591,248482,anderson.2020,exposure,TRUE,reported
5,rs116234738,C,T,102537357,0.03777,1.02085023375e-8,-0.0401756753236,0.007014855429,248482,anderson.2020,exposure,TRUE,reported
5,rs74944275,C,T,102726073,0.03579,4.17320032633e-11,0.049698433115,0.00753258311681,248482,anderson.2020,exposure,TRUE,reported
5,rs12189452,G,A,107173193,0.167,5.18665563552e-9,-0.0224844942581,0.00384937925303,248482,anderson.2020,exposure,TRUE,reported
5,rs17489649,G,A,109156184,0.3419,2.18617424764e-9,0.0185990086996,0.00310846969162,248482,anderson.2020,exposure,TRUE,reported
5,rs418939,C,T,113875957,0.3459,3.88998375986e-8,0.0176041066868,0.0032032073549,248482,anderson.2020,exposure,TRUE,reported
5,rs11748023,C,T,139558584,0.4473,5.65592538523e-11,0.020173357142,0.00307869891353,248482,anderson.2020,exposure,TRUE,reported
5,rs2074613,C,T,139714564,0.4284,1.15675228109e-8,0.0167691875866,0.0029388792209,248482,anderson.2020,exposure,TRUE,reported
5,rs2591576,C,T,165408059,0.4145,2.46701461414e-10,0.0185366556993,0.0029288287912,248482,anderson.2020,exposure,TRUE,reported
5,rs830383,G,A,165473194,0.3638,2.10217740943e-8,0.0168307061673,0.00300367299778,248482,anderson.2020,exposure,TRUE,reported
5,rs31771,C,T,165495491,0.3131,5.3719114189e-10,0.0191142663513,0.00307905458164,248482,anderson.2020,exposure,TRUE,reported
5,rs2731664,C,A,176859848,0.495,2.86262810436e-11,-0.0199179156738,0.00299361335265,248482,anderson.2020,exposure,TRUE,reported
6,rs9503598,G,A,3446263,0.4245,1.26275995552e-11,0.0207617414297,0.00306543965938,248482,anderson.2020,exposure,TRUE,reported
6,rs620729,C,A,11508671,0.329,1.16069733969e-9,-0.0189175875862,0.00310859194136,248482,anderson.2020,exposure,TRUE,reported
6,rs72829841,G,T,16952899,0.2396,2.70501512366e-9,-0.021630813352,0.00363630708416,248482,anderson.2020,exposure,TRUE,reported
6,rs10807603,G,A,16972975,0.4891,5.31172704731e-9,0.0175410532584,0.00300509735119,248482,anderson.2020,exposure,TRUE,reported
6,rs72828517,C,T,19036035,0.1441,2.75256544282e-8,-0.0223962065303,0.00403064063111,248482,anderson.2020,exposure,TRUE,reported
6,rs67258057,G,A,21949064,0.05467,1.22346484597e-8,-0.0344556627868,0.00604864798894,248482,anderson.2020,exposure,TRUE,reported
6,rs116418977,C,T,25365888,0.04374,1.39679935165e-8,0.0337160985654,0.0059424395174,248482,anderson.2020,exposure,TRUE,reported
6,rs35789010,G,A,25514179,0.0497,4.96745944137e-9,0.0325107349688,0.00555904540507,248482,anderson.2020,exposure,TRUE,reported
6,rs1892250,C,T,25769024,0.08151,4.01267276077e-9,0.0275023488421,0.00467435263324,248482,anderson.2020,exposure,TRUE,reported
6,rs10498730,G,A,25812069,0.05467,3.71020031126e-8,0.035125486981,0.00638167351503,248482,anderson.2020,exposure,TRUE,reported
6,rs2032447,G,A,26044369,0.3469,1.94225077527e-8,-0.0177254120225,0.00315563426308,248482,anderson.2020,exposure,TRUE,reported
6,rs13216785,C,T,26079185,0.09642,7.59008476406e-10,0.0284271275239,0.00461983985377,248482,anderson.2020,exposure,TRUE,reported
6,rs2071303,C,T,26091336,0.3658,4.89180162614e-8,-0.0167080051409,0.00306276727682,248482,anderson.2020,exposure,TRUE,reported
6,rs198813,C,T,26128226,0.4761,2.41326563175e-10,-0.0194367390899,0.00306939559811,248482,anderson.2020,exposure,TRUE,reported
6,rs7749823,C,A,26158079,0.1143,3.61459608655e-10,-0.025860916429,0.00412466475591,248482,anderson.2020,exposure,TRUE,reported
6,rs1883215,G,C,26314233,0.08648,6.20286200475e-9,0.0271720537137,0.00467581207231,248482,anderson.2020,exposure,TRUE,reported
6,rs4711107,C,T,26342749,0.2763,2.45644501945e-8,-0.0186945831668,0.00335248814766,248482,anderson.2020,exposure,TRUE,reported
6,rs9379850,G,C,26343057,0.1501,2.61335202598e-10,-0.0256698264087,0.00406159475112,248482,anderson.2020,exposure,TRUE,reported
6,rs1796518,C,T,26388672,0.3767,1.72058858441e-8,0.0170317660909,0.00302089990853,248482,anderson.2020,exposure,TRUE,reported
6,rs1614887,G,A,26393021,0.4215,2.57128466334e-12,0.021585971397,0.00308399074569,248482,anderson.2020,exposure,TRUE,reported
6,rs3799378,G,A,26404374,0.2256,3.81978692705e-10,-0.0220953538507,0.00352892184368,248482,anderson.2020,exposure,TRUE,reported
6,rs3799379,C,T,26404694,0.4483,3.74886073817e-8,0.0167892014357,0.00305131069521,248482,anderson.2020,exposure,TRUE,reported
6,rs2273558,C,A,26466035,0.3072,7.00195822265e-9,-0.0185398703328,0.00320156486466,248482,anderson.2020,exposure,TRUE,reported
6,rs34313099,C,T,26489607,0.17,1.57892884803e-11,0.0265039495452,0.0039320720805,248482,anderson.2020,exposure,TRUE,reported
6,rs9467773,G,A,26498426,0.4423,7.73368427562e-13,0.0220043967377,0.00307075474423,248482,anderson.2020,exposure,TRUE,reported
6,rs13220261,C,T,26499185,0.08151,9.73155695934e-15,0.0363201368493,0.00469087834285,248482,anderson.2020,exposure,TRUE,reported
6,rs13214027,G,C,26573631,0.1342,3.63310799064e-12,-0.0296440421584,0.00426486040327,248482,anderson.2020,exposure,TRUE,reported
6,rs9348729,C,T,26664268,0.1889,1.89700020637e-9,-0.0222969401254,0.00371220342804,248482,anderson.2020,exposure,TRUE,reported
6,rs9393777,C,T,26942027,0.1282,9.94857908583e-10,-0.0255845510603,0.00418716456255,248482,anderson.2020,exposure,TRUE,reported
6,rs6940638,G,A,27046250,0.2018,3.81798686713e-9,-0.0208351189785,0.00353623572441,248482,anderson.2020,exposure,TRUE,reported
6,rs61240102,G,C,27124904,0.1412,6.83330303967e-10,0.0244841783071,0.00396832635621,248482,anderson.2020,exposure,TRUE,reported
6,rs16897515,C,A,27278020,0.168,6.67751072797e-9,0.0221362765256,0.00381736271315,248482,anderson.2020,exposure,TRUE,reported
6,rs6940116,G,A,27708732,0.159,1.67397153599e-9,-0.0241123398948,0.00400095511072,248482,anderson.2020,exposure,TRUE,reported
6,rs13212651,G,A,27806985,0.07157,6.09235754241e-13,-0.0350014375131,0.00486239186246,248482,anderson.2020,exposure,TRUE,reported
6,rs144447022,G,T,29244219,0.06958,1.01677832599e-13,0.03613497238,0.00485769727832,248482,anderson.2020,exposure,TRUE,reported
6,rs9443645,C,T,79822924,0.499,5.97201454701e-10,-0.0180574670954,0.00291664966904,248482,anderson.2020,exposure,TRUE,reported
6,rs9361491,C,T,79826148,0.4384,6.46156974086e-10,0.0181127024871,0.00293145625351,248482,anderson.2020,exposure,TRUE,reported
6,rs6569077,C,T,98212409,0.4394,2.73410774121e-9,0.0177642336702,0.00298718471061,248482,anderson.2020,exposure,TRUE,reported
6,rs112375785,G,A,98224217,0.164,2.03725770089e-10,0.0275956061031,0.00433995143183,248482,anderson.2020,exposure,TRUE,reported
6,rs1933717,C,T,98271019,0.4215,1.40779627413e-10,-0.0188028290827,0.00293105097007,248482,anderson.2020,exposure,TRUE,reported
6,rs1933720,C,T,98297832,0.3996,1.63583607841e-14,-0.023376068422,0.00304517451113,248482,anderson.2020,exposure,TRUE,reported
6,rs1933721,G,C,98313223,0.4871,1.52354017332e-24,-0.0299447010523,0.00292841840426,248482,anderson.2020,exposure,TRUE,reported
6,rs1338547,T,A,98338459,0.3926,4.36199668357e-11,0.0195475619218,0.00296569291208,248482,anderson.2020,exposure,TRUE,reported
6,rs9387925,G,A,98391101,0.4761,1.42474173178e-21,0.0278321021297,0.00291733150707,248482,anderson.2020,exposure,TRUE,reported
6,rs4587178,C,T,98421991,0.3549,7.59950687933e-14,0.0235296670492,0.00314690800307,248482,anderson.2020,exposure,TRUE,reported
6,rs901630,C,T,98539519,0.4046,1.31452171458e-28,0.0332405182781,0.00299577001411,248482,anderson.2020,exposure,TRUE,reported
6,rs79690157,G,A,98540145,0.1511,7.07632438435e-13,0.0324474187592,0.00452042831315,248482,anderson.2020,exposure,TRUE,reported
6,rs6931604,C,T,98578215,0.3698,3.68438051596e-17,0.0262706870354,0.00311909664113,248482,anderson.2020,exposure,TRUE,reported
6,rs12206087,G,A,98582900,0.4911,7.37909155429e-39,0.0380855854109,0.0029209852897,248482,anderson.2020,exposure,TRUE,reported
6,rs17814604,G,A,98585502,0.3022,2.88848054773e-14,-0.0254793423849,0.00335112448804,248482,anderson.2020,exposure,TRUE,reported
6,rs1487439,G,A,98611300,0.3052,3.48836830479e-8,-0.0179527306279,0.00325527179925,248482,anderson.2020,exposure,TRUE,reported
6,rs12526299,C,T,98621599,0.1451,8.09559727801e-9,-0.0234785486795,0.00407157357451,248482,anderson.2020,exposure,TRUE,reported
6,rs62422687,G,A,98664414,0.2008,9.88313233937e-18,0.0334156625525,0.00389673524883,248482,anderson.2020,exposure,TRUE,reported
6,rs12196849,C,A,98790797,0.3797,1.46443881329e-9,0.0188587976406,0.00311806777922,248482,anderson.2020,exposure,TRUE,reported
6,rs6568547,C,T,108856378,0.2296,1.50431861682e-8,-0.0207722889515,0.00366932191086,248482,anderson.2020,exposure,TRUE,reported
6,rs9480861,C,T,108858460,0.4324,2.07421976335e-10,-0.0193096358972,0.00303813996595,248482,anderson.2020,exposure,TRUE,reported
6,rs9384679,C,T,108864419,0.4334,1.85619936646e-19,-0.0271085306531,0.00300489807173,248482,anderson.2020,exposure,TRUE,reported
6,rs6927268,G,T,108865663,0.2425,7.56318966961e-10,0.0220163127187,0.00357765794141,248482,anderson.2020,exposure,TRUE,reported
6,rs9285397,C,T,108951655,0.1869,6.41918100826e-9,0.0227955492422,0.00392657474648,248482,anderson.2020,exposure,TRUE,reported
6,rs4946935,G,A,109000742,0.3479,2.50033859945e-14,-0.0242486882217,0.00318146332213,248482,anderson.2020,exposure,TRUE,reported
6,rs557544,C,T,109020332,0.3569,4.86286802583e-8,0.0179573356303,0.00329114787845,248482,anderson.2020,exposure,TRUE,reported
6,rs9388490,C,T,126704795,0.4414,3.99146450346e-11,0.0198815286383,0.00301034862233,248482,anderson.2020,exposure,TRUE,reported
7,rs4725065,G,A,8109522,0.4672,1.02091744965e-9,-0.0184658782921,0.00302416642933,248482,anderson.2020,exposure,TRUE,reported
7,rs62439688,G,T,21412762,0.2087,9.3433039797e-9,0.0213612870981,0.00372002777357,248482,anderson.2020,exposure,TRUE,reported
7,rs6979354,C,T,21417963,0.4533,2.48531046065e-11,0.0195456557382,0.00292852529147,248482,anderson.2020,exposure,TRUE,reported
7,rs9648380,G,A,32211433,0.3787,4.19871544594e-8,0.016390888035,0.0029897923252,248482,anderson.2020,exposure,TRUE,reported
7,rs10236197,C,T,32291761,0.3439,9.41400448014e-10,0.0184344859036,0.00301264286355,248482,anderson.2020,exposure,TRUE,reported
7,rs1376303,C,T,32955265,0.1769,1.48754976474e-8,0.0219726333358,0.00388003873575,248482,anderson.2020,exposure,TRUE,reported
7,rs952623,G,C,39037916,0.3171,1.27894464011e-8,-0.0182078861355,0.0032006243952,248482,anderson.2020,exposure,TRUE,reported
7,rs12538108,G,T,44774644,0.4652,3.16923292122e-9,-0.0182449877398,0.00308057936829,248482,anderson.2020,exposure,TRUE,reported
7,rs3735478,G,T,44800176,0.3042,3.97825646824e-10,0.0207865836194,0.00332325940567,248482,anderson.2020,exposure,TRUE,reported
7,rs1050327,G,A,44808017,0.4632,2.2388834222e-9,-0.0183502999008,0.00306889281321,248482,anderson.2020,exposure,TRUE,reported
7,rs2944839,C,T,71770703,0.4264,1.17033819123e-13,-0.0216613198654,0.00291927683998,248482,anderson.2020,exposure,TRUE,reported
7,rs79527984,G,A,71852173,0.4533,2.8895337392100002e-08,-0.0170275752672,0.00306913673715,248482,anderson.2020,exposure,TRUE,reported
7,rs1297620,G,A,101884396,0.1223,2.83026819087e-9,-0.0292303803013,0.00491998564476,248482,anderson.2020,exposure,TRUE,reported
7,rs9655780,G,A,104667334,0.1769,3.33243291153e-9,-0.0233710186903,0.00395159657874,248482,anderson.2020,exposure,TRUE,reported
7,rs141322890,T,A,127130001,0.3907,4.41204630467e-11,-0.0206025154432,0.00312655047321,248482,anderson.2020,exposure,TRUE,reported
7,rs10282411,C,T,127169897,0.4483,9.5906721066300008e-12,-0.0210240521674,0.00308609238063,248482,anderson.2020,exposure,TRUE,reported
7,rs4731366,C,T,127170015,0.2276,2.53089449095e-11,-0.0234017529252,0.00350768555559,248482,anderson.2020,exposure,TRUE,reported
7,rs4728071,C,T,127186449,0.1978,3.91548396102e-8,0.0208587546365,0.00379621291975,248482,anderson.2020,exposure,TRUE,reported
7,rs1043595,G,A,128410012,0.2773,3.16158194007e-10,0.0206070503138,0.0032758269085,248482,anderson.2020,exposure,TRUE,reported
7,rs2344701,G,A,132902015,0.3608,4.75178690773e-8,0.0167356680058,0.00306494038482,248482,anderson.2020,exposure,TRUE,reported
7,rs7802313,C,T,132927792,0.4652,5.5399624919e-9,-0.0180176318001,0.00309045858266,248482,anderson.2020,exposure,TRUE,reported
7,rs10215367,C,T,132945754,0.4056,2.33568349967e-10,0.0190465525618,0.00300538731205,248482,anderson.2020,exposure,TRUE,reported
7,rs12707087,C,T,132954533,0.1968,1.981095456e-9,-0.0229291181173,0.0038219340474,248482,anderson.2020,exposure,TRUE,reported
7,rs1882538,G,A,132961738,0.3718,1.0422683844e-11,0.0211911997851,0.00311610489194,248482,anderson.2020,exposure,TRUE,reported
7,rs10254118,T,A,133158353,0.341,2.50163883881e-11,0.020703770837,0.00310249216005,248482,anderson.2020,exposure,TRUE,reported
7,rs12707116,C,T,133424909,0.4751,1.53158529113e-16,-0.0240881676605,0.00291835719239,248482,anderson.2020,exposure,TRUE,reported
7,rs4422723,T,A,133606158,0.4543,9.42655544656e-13,-0.0208839456913,0.00292548361488,248482,anderson.2020,exposure,TRUE,reported
7,rs1030268,G,A,133606631,0.3042,2.63485319481e-9,-0.0195034074959,0.00327630489624,248482,anderson.2020,exposure,TRUE,reported
7,rs2346268,G,A,133642742,0.333,3.30486005498e-12,0.0213176788519,0.00306107721589,248482,anderson.2020,exposure,TRUE,reported
7,rs2971970,G,T,133643778,0.2018,1.02639115447e-11,-0.0243003017179,0.00357212801763,248482,anderson.2020,exposure,TRUE,reported
7,rs3823572,G,A,133680601,0.4851,3.93964444734e-15,0.0229967704032,0.00292697674877,248482,anderson.2020,exposure,TRUE,reported
7,rs10949662,C,T,157534105,0.329,2.21049533783e-8,-0.0176044406645,0.00314664846833,248482,anderson.2020,exposure,TRUE,reported
8,rs12155874,G,A,13955788,0.4821,4.45948576895e-9,-0.0175471085092,0.00299123233391,248482,anderson.2020,exposure,TRUE,reported
8,rs1421334,C,A,30865733,0.4195,1.39545621981e-9,-0.0181779932842,0.00300164878579,248482,anderson.2020,exposure,TRUE,reported
8,rs10954779,C,T,31019597,0.4344,1.53843514235e-8,-0.0174275845802,0.00308059102418,248482,anderson.2020,exposure,TRUE,reported
8,rs6991838,G,A,66470962,0.4553,9.68224560652e-9,0.0173003559633,0.00301599423556,248482,anderson.2020,exposure,TRUE,reported
8,rs57994514,C,A,71102751,0.1382,4.52103171326e-8,-0.0243136093086,0.00444556145087,248482,anderson.2020,exposure,TRUE,reported
8,rs13259522,C,T,71351952,0.167,1.14215958471e-8,0.023313462844,0.00408424700984,248482,anderson.2020,exposure,TRUE,reported
8,rs13259607,C,T,71352047,0.1054,1.3674032813e-9,0.0298409508185,0.00492484221297,248482,anderson.2020,exposure,TRUE,reported
8,rs1481045,C,T,71367006,0.175,7.28158705212e-10,-0.0237472903681,0.00385517618944,248482,anderson.2020,exposure,TRUE,reported
8,rs6472530,T,A,71371142,0.3429,3.19271517653e-8,-0.017809174347,0.00322015908568,248482,anderson.2020,exposure,TRUE,reported
8,rs117893056,C,T,85286774,0.174,3.52657721262e-8,-0.0221963036677,0.00402613490655,248482,anderson.2020,exposure,TRUE,reported
8,rs7015263,C,A,87526192,0.4811,2.15186797116e-8,-0.0171792118246,0.00306808566325,248482,anderson.2020,exposure,TRUE,reported
8,rs2916247,G,A,93013666,0.2376,2.56062429693e-8,-0.0201468294991,0.00361761131338,248482,anderson.2020,exposure,TRUE,reported
8,rs2920939,G,A,93182601,0.3827,1.98728669231e-8,0.0172290812427,0.00306943896955,248482,anderson.2020,exposure,TRUE,reported
8,rs13266268,C,T,142611971,0.3529,1.9373887889e-9,-0.0189794193623,0.00316167085013,248482,anderson.2020,exposure,TRUE,reported
8,rs1566085,G,T,142624527,0.4274,9.09965694225e-12,0.0209913707841,0.00307788230492,248482,anderson.2020,exposure,TRUE,reported
8,rs13262595,G,A,143316970,0.4443,2.69471799566e-9,-0.0179887954372,0.00302373832483,248482,anderson.2020,exposure,TRUE,reported
8,rs2721173,C,T,145744429,0.4612,1.0164389008e-14,-0.0226037779545,0.00292144810591,248482,anderson.2020,exposure,TRUE,reported
9,rs10757416,C,T,23344737,0.3042,4.25541028193e-10,-0.0211956323129,0.00339436467365,248482,anderson.2020,exposure,TRUE,reported
9,rs10757417,G,A,23347853,0.4036,1.15294648414e-11,0.020964368083,0.00308936115864,248482,anderson.2020,exposure,TRUE,reported
9,rs10965796,C,A,23357493,0.1958,3.35255928812e-8,0.0224011795691,0.00405675085279,248482,anderson.2020,exposure,TRUE,reported
9,rs11793831,G,T,23362311,0.4324,9.28338984736e-23,0.0306135613436,0.00311764010672,248482,anderson.2020,exposure,TRUE,reported
9,rs10733389,G,A,23378220,0.3757,1.30662997737e-13,-0.0233714566994,0.00315596180608,248482,anderson.2020,exposure,TRUE,reported
9,rs10965816,G,C,23388823,0.2952,1.36665103649e-14,0.0256810690406,0.00333544686823,248482,anderson.2020,exposure,TRUE,reported
9,rs4291350,C,T,23402640,0.4026,2.25512125788e-10,-0.0187772920523,0.00296037418298,248482,anderson.2020,exposure,TRUE,reported
9,rs4977858,C,A,23422484,0.4394,1.47181326599e-8,-0.0174081767267,0.00307303413391,248482,anderson.2020,exposure,TRUE,reported
9,rs2026037,C,T,23762529,0.1322,4.30332157334e-9,0.0230477427495,0.00392496342138,248482,anderson.2020,exposure,TRUE,reported
9,rs7033137,G,C,72055158,0.2545,2.01136277285e-10,0.0321582723644,0.00505595785618,248482,anderson.2020,exposure,TRUE,reported
9,rs11138902,G,A,72103314,0.4473,1.8510974803e-9,0.0175630170681,0.00292212310139,248482,anderson.2020,exposure,TRUE,reported
9,rs7859472,T,A,72105405,0.1978,4.24032192309e-8,0.0306025792815,0.00558386313081,248482,anderson.2020,exposure,TRUE,reported
9,rs11142387,C,A,72998332,0.4771,2.58513833499e-8,0.0163001144215,0.0029277592341,248482,anderson.2020,exposure,TRUE,reported
9,rs17425572,G,A,88006338,0.4394,2.75877741774e-10,0.0184278994749,0.00291961292134,248482,anderson.2020,exposure,TRUE,reported
9,rs13287066,G,A,96178967,0.4304,1.6319672312e-8,0.0165558362296,0.00293175212113,248482,anderson.2020,exposure,TRUE,reported
9,rs10992756,C,T,96253439,0.3628,1.6919351309e-10,-0.0197268469733,0.00308860311043,248482,anderson.2020,exposure,TRUE,reported
9,rs10992853,G,T,96436925,0.3688,2.15738830442e-8,-0.0168566783919,0.0030107223208,248482,anderson.2020,exposure,TRUE,reported
9,rs6477493,C,T,99253082,0.166,2.19582632227e-9,0.022816594717,0.00381381596943,248482,anderson.2020,exposure,TRUE,reported
9,rs4446794,G,A,124609265,0.3966,2.63426188942e-9,0.0266815932947,0.00448211398784,248482,anderson.2020,exposure,TRUE,reported
10,rs1360123,G,A,25773094,0.5,9.09116202002e-9,-0.0176334239562,0.00306835372198,248482,anderson.2020,exposure,TRUE,reported
10,rs7904321,G,A,64840665,0.4076,8.8718757299e-9,0.0170971283621,0.00297289822012,248482,anderson.2020,exposure,TRUE,reported
10,rs10761739,G,C,65062008,0.4344,3.20764622429e-15,0.0233157728605,0.00295789694836,248482,anderson.2020,exposure,TRUE,reported
10,rs10995505,G,A,65091159,0.2256,1.29797904007e-8,-0.0197481007048,0.00347290750413,248482,anderson.2020,exposure,TRUE,reported
10,rs4745706,C,T,65159580,0.1521,6.04199474409e-13,0.0298922876658,0.00415197698209,248482,anderson.2020,exposure,TRUE,reported
10,rs1896995,C,T,65365385,0.4821,2.85094857977e-8,0.0170297265182,0.00306822455448,248482,anderson.2020,exposure,TRUE,reported
10,rs1891275,C,T,93442240,0.4722,5.54078557835e-10,-0.018192529918,0.0029328746831,248482,anderson.2020,exposure,TRUE,reported
10,rs7077446,G,T,103501765,0.4672,1.27519654718e-17,0.0262255800426,0.00306878478629,248482,anderson.2020,exposure,TRUE,reported
10,rs2735421,G,T,103541016,0.2962,4.48995839728e-11,0.0219160078351,0.00332719309631,248482,anderson.2020,exposure,TRUE,reported
10,rs1044258,C,T,103605714,0.3449,9.85190479177e-17,0.0255381415795,0.00307445576741,248482,anderson.2020,exposure,TRUE,reported
10,rs11191191,G,A,103800979,0.171,4.30597775086e-9,-0.0236014507035,0.00401932827255,248482,anderson.2020,exposure,TRUE,reported
10,rs117883100,G,C,103813134,0.05765,5.41333763714e-9,-0.0388437863202,0.00665824157408,248482,anderson.2020,exposure,TRUE,reported
10,rs67497633,G,A,103815495,0.172,4.42084145207e-8,-0.022641204252,0.00413677109426,248482,anderson.2020,exposure,TRUE,reported
10,rs2485630,G,A,103842365,0.2565,6.33431362794e-9,0.0199828168388,0.00344075517522,248482,anderson.2020,exposure,TRUE,reported
10,rs61874768,G,T,103880118,0.1561,1.03282614894e-9,-0.0246483380296,0.00403789591902,248482,anderson.2020,exposure,TRUE,reported
10,rs10786662,G,C,103989812,0.4642,6.43910642892e-19,-0.027531673619,0.00309895321129,248482,anderson.2020,exposure,TRUE,reported
10,rs72845660,G,C,104071973,0.2137,9.07035180818e-10,-0.0227911145914,0.00372101953741,248482,anderson.2020,exposure,TRUE,reported
10,rs12772375,G,T,104082688,0.3966,4.25236278247e-9,-0.0182563373927,0.00310795626378,248482,anderson.2020,exposure,TRUE,reported
10,rs11191270,C,T,104124605,0.1909,1.56170431062e-13,-0.0283936819311,0.00384644722463,248482,anderson.2020,exposure,TRUE,reported
10,rs1947988,C,T,106947006,0.2197,1.83454971699e-8,-0.0193059860904,0.00343100373871,248482,anderson.2020,exposure,TRUE,reported
10,rs12761761,C,T,133775375,0.2097,4.00551690241e-9,0.0209103947003,0.00355379296038,248482,anderson.2020,exposure,TRUE,reported
11,rs11022505,G,A,12822366,0.4433,4.86095023437e-10,-0.0182447904836,0.0029315828021,248482,anderson.2020,exposure,TRUE,reported
11,rs1866706,C,T,12867214,0.2763,6.87525120903e-9,-0.0187803730835,0.00324137997139,248482,anderson.2020,exposure,TRUE,reported
11,rs10897167,G,A,61291922,0.03479,4.97328714951e-8,0.0374096210386,0.00686130182361,248482,anderson.2020,exposure,TRUE,reported
11,rs11018904,G,A,89922230,0.2247,7.51517454659e-9,0.0217202783151,0.00375849234904,248482,anderson.2020,exposure,TRUE,reported
11,rs2155076,C,T,90389865,0.2724,4.42477711891e-10,-0.0207166909249,0.00332091097138,248482,anderson.2020,exposure,TRUE,reported
11,rs4589258,T,A,90471234,0.3648,1.64689794424e-8,0.0169729996824,0.00300645855239,248482,anderson.2020,exposure,TRUE,reported
11,rs10734135,C,A,90472975,0.494,3.7161069752e-8,0.0160513421422,0.00291639064664,248482,anderson.2020,exposure,TRUE,reported
11,rs7926906,C,A,90524290,0.4891,2.93310006768e-8,0.0245942521572,0.00443508562564,248482,anderson.2020,exposure,TRUE,reported
11,rs644799,G,A,95564259,0.3738,1.26791823914e-9,-0.0184984988909,0.00304682078092,248482,anderson.2020,exposure,TRUE,reported
12,rs1479119,G,A,13505496,0.4394,1.15356639856e-9,-0.0179205464966,0.00294427768635,248482,anderson.2020,exposure,TRUE,reported
12,rs10845988,C,T,14521182,0.4682,2.62123576475e-10,-0.018609566658,0.00294470575466,248482,anderson.2020,exposure,TRUE,reported
12,rs1318878,C,A,15543479,0.2266,9.83381159749e-9,-0.0216686720052,0.00377926314802,248482,anderson.2020,exposure,TRUE,reported
12,rs1650007,C,T,46298435,0.4881,1.68726694391e-8,0.017317136999,0.00306968220865,248482,anderson.2020,exposure,TRUE,reported
12,rs1054442,C,A,49389320,0.3608,3.18484319936e-15,-0.0242620512552,0.003077596259,248482,anderson.2020,exposure,TRUE,reported
12,rs2117029,T,A,49408440,0.3499,1.29326790127e-13,-0.0221164213377,0.00298593834015,248482,anderson.2020,exposure,TRUE,reported
12,rs11168951,C,T,49661715,0.09742,1.18728196725e-8,0.0287513495116,0.00504273186261,248482,anderson.2020,exposure,TRUE,reported
12,rs17123764,C,T,49947952,0.06859,6.71831497863e-9,0.0320925902415,0.00553528725851,248482,anderson.2020,exposure,TRUE,reported
12,rs10876864,G,A,56401085,0.4085,1.82088759643e-12,-0.0207699335927,0.00294711192162,248482,anderson.2020,exposure,TRUE,reported
12,rs4237845,C,T,58302436,0.4344,1.21888063166e-9,-0.0182312834244,0.00299968129473,248482,anderson.2020,exposure,TRUE,reported
12,rs1918202,G,A,79584218,0.4195,1.89664517119e-11,-0.0208857230531,0.0031108804474,248482,anderson.2020,exposure,TRUE,reported
12,rs11833313,G,A,110510470,0.1044,9.55201638967e-9,-0.0311440303723,0.00542720987179,248482,anderson.2020,exposure,TRUE,reported
12,rs12313068,C,T,110597304,0.164,2.31876356747e-9,0.0237800665992,0.00398076744246,248482,anderson.2020,exposure,TRUE,reported
12,rs1106241,C,T,123627016,0.2306,1.30557791197e-13,0.0259369034784,0.0035023360487,248482,anderson.2020,exposure,TRUE,reported
12,rs1716162,T,A,123642538,0.3221,1.88686368845e-10,-0.0233725254881,0.00366899638599,248482,anderson.2020,exposure,TRUE,reported
12,rs2851437,C,A,123653592,0.2684,1.63518414248e-9,-0.0210339038895,0.00348795768617,248482,anderson.2020,exposure,TRUE,reported
12,rs2030401,G,A,123751339,0.4026,1.85103819607e-8,-0.0177824727329,0.00316111691287,248482,anderson.2020,exposure,TRUE,reported
12,rs1109559,G,A,123757861,0.334,2.80965964057e-10,-0.0197687886751,0.00313345998756,248482,anderson.2020,exposure,TRUE,reported
13,rs12552,G,A,53625781,0.4573,3.19721805674e-8,0.0162742151664,0.00294274756651,248482,anderson.2020,exposure,TRUE,reported
13,rs12427622,C,T,57158632,0.2097,3.47800915424e-8,0.0202962409368,0.00367985889258,248482,anderson.2020,exposure,TRUE,reported
13,rs6561938,C,T,58266222,0.2475,1.86266487592e-9,0.0193084961287,0.00321307465695,248482,anderson.2020,exposure,TRUE,reported
13,rs7984442,G,A,58276365,0.1968,1.21765655456e-10,0.0231728527542,0.0035998817246,248482,anderson.2020,exposure,TRUE,reported
13,rs7338138,G,A,58278527,0.1302,4.25845213089e-8,-0.0212591464797,0.00387955915623,248482,anderson.2020,exposure,TRUE,reported
13,rs7982404,C,T,58405859,0.4722,1.87527771311e-8,0.0249890011109,0.00444396616904,248482,anderson.2020,exposure,TRUE,reported
13,rs9527727,C,A,58472642,0.2575,3.25201996597e-12,-0.0233391958376,0.00335026207175,248482,anderson.2020,exposure,TRUE,reported
13,rs2321388,C,T,58691608,0.4304,9.05000176702e-9,0.0171916483631,0.00299108182412,248482,anderson.2020,exposure,TRUE,reported
13,rs920990,C,T,58701434,0.4135,3.31482646917e-10,0.0183848164057,0.00292598582236,248482,anderson.2020,exposure,TRUE,reported
13,rs9569823,C,T,58711142,0.4622,1.37242760024e-8,0.0178641793478,0.00314687833498,248482,anderson.2020,exposure,TRUE,reported
13,rs337939,C,T,71257303,0.3787,3.20089686972e-8,0.0163143451497,0.00295011158665,248482,anderson.2020,exposure,TRUE,reported
13,rs942353,C,T,106631574,0.4304,2.13925449646e-8,0.0167483344616,0.00299058969724,248482,anderson.2020,exposure,TRUE,reported
13,rs2265097,G,T,106640634,0.2584,2.68185892839e-12,0.0233768546253,0.00334267305859,248482,anderson.2020,exposure,TRUE,reported
14,rs55894132,G,C,23408837,0.4215,5.31604531067e-10,-0.0277411790815,0.00446755319827,248482,anderson.2020,exposure,TRUE,reported
14,rs1998358,G,A,29569237,0.1511,3.73484130677e-10,0.0259847781473,0.00414779236099,248482,anderson.2020,exposure,TRUE,reported
14,rs10483349,G,A,29629456,0.1859,1.08416941093e-9,-0.0230952361175,0.00378827879238,248482,anderson.2020,exposure,TRUE,reported
14,rs974471,G,A,29685328,0.2416,2.06025714701e-8,-0.019369798831,0.00345465837636,248482,anderson.2020,exposure,TRUE,reported
14,rs17641673,G,A,29694034,0.1163,2.22951329316e-8,0.0273916374747,0.00489733039052,248482,anderson.2020,exposure,TRUE,reported
14,rs117787553,G,A,29710453,0.05368,1.86379739316e-8,0.038705407005,0.00688195147003,248482,anderson.2020,exposure,TRUE,reported
14,rs971681,C,T,30074687,0.3986,3.68485812233e-9,-0.0176183722019,0.00298730266785,248482,anderson.2020,exposure,TRUE,reported
14,rs2068012,C,T,30190316,0.2197,7.40326875117e-9,0.0198434131691,0.00343221928393,248482,anderson.2020,exposure,TRUE,reported
14,rs12885221,G,C,33279010,0.2803,2.10413272207e-9,-0.0197368402363,0.0032952086379,248482,anderson.2020,exposure,TRUE,reported
14,rs2239647,C,A,33292743,0.4573,2.42999078659e-12,-0.0205849850087,0.00293765780324,248482,anderson.2020,exposure,TRUE,reported
14,rs10147849,C,T,33304431,0.4384,1.00545143328e-9,0.0178543907842,0.00292285615492,248482,anderson.2020,exposure,TRUE,reported
14,rs7159131,G,A,37030245,0.3877,3.06808756582e-8,-0.0173375214423,0.00313092584869,248482,anderson.2020,exposure,TRUE,reported
14,rs7157510,C,T,63369465,0.3718,4.73402173627e-8,0.017288324131,0.00316576733833,248482,anderson.2020,exposure,TRUE,reported
14,rs1710990,G,A,69575054,0.2654,5.16786277591e-9,-0.018934965405,0.00324135906174,248482,anderson.2020,exposure,TRUE,reported
14,rs6573878,C,T,69702328,0.2445,5.33255737534e-9,0.021243361737,0.00363977607205,248482,anderson.2020,exposure,TRUE,reported
14,rs55985762,T,A,89715495,0.2217,3.26925996987e-9,0.0218651138643,0.00369500879433,248482,anderson.2020,exposure,TRUE,reported
14,rs4904523,G,A,89723630,0.4831,1.37883225657e-11,-0.0197190313933,0.00291696729606,248482,anderson.2020,exposure,TRUE,reported
14,rs10145335,G,A,98547748,0.2604,1.15449129237e-9,-0.0206344943667,0.00339024051396,248482,anderson.2020,exposure,TRUE,reported
14,rs911555,G,C,103999347,0.3718,1.77329397943e-9,-0.0185796391751,0.00308769389222,248482,anderson.2020,exposure,TRUE,reported
14,rs10149470,G,A,104017953,0.4811,4.83501192594e-11,-0.0196753409728,0.00299202425822,248482,anderson.2020,exposure,TRUE,reported
15,rs2289328,G,A,40705417,0.1491,3.16666772041e-12,-0.0276511353342,0.00396709501574,248482,anderson.2020,exposure,TRUE,reported
15,rs12441495,G,C,41222487,0.1233,9.00697784995e-11,-0.0291384735873,0.00449477528948,248482,anderson.2020,exposure,TRUE,reported
15,rs72730918,G,T,51926808,0.1044,2.01181876375e-8,0.0274541718008,0.00489293542092,248482,anderson.2020,exposure,TRUE,reported
15,rs1456297,C,A,51964210,0.2167,1.49857016055e-8,-0.019475047028,0.00343977141571,248482,anderson.2020,exposure,TRUE,reported
15,rs8025619,C,T,52064376,0.01988,9.49822115823e-9,0.0476601623658,0.00830395389348,248482,anderson.2020,exposure,TRUE,reported
15,rs12916360,G,T,65856805,0.1183,1.94268653632e-8,0.0251315940713,0.00447417903296,248482,anderson.2020,exposure,TRUE,reported
15,rs12900061,G,A,66009248,0.165,4.83377723038e-10,0.0365775442484,0.0058764695888,248482,anderson.2020,exposure,TRUE,reported
15,rs72741274,G,T,66062575,0.07058,4.43744278705e-9,-0.0373473732584,0.00636566525258,248482,anderson.2020,exposure,TRUE,reported
15,rs3935685,C,T,78034268,0.4324,4.38955381268e-8,-0.0160794133791,0.00293719215051,248482,anderson.2020,exposure,TRUE,reported
15,rs2665103,C,T,82432715,0.4702,4.19648679541e-10,0.0182184467251,0.00291656679828,248482,anderson.2020,exposure,TRUE,reported
15,rs28420834,G,A,82513121,0.4016,1.23132058851e-10,-0.028913616291,0.00449288695473,248482,anderson.2020,exposure,TRUE,reported
15,rs1972460,G,A,82530630,0.4573,1.86659865572e-10,-0.0187447256538,0.00294176418348,248482,anderson.2020,exposure,TRUE,reported
15,rs12439619,G,T,82546946,0.3072,1.23953634873e-8,-0.0189424121226,0.00332661671336,248482,anderson.2020,exposure,TRUE,reported
15,rs4984541,G,A,96911139,0.2475,6.8676165996e-9,-0.0209756354163,0.00362015258358,248482,anderson.2020,exposure,TRUE,reported
16,rs3785238,T,A,7665557,0.3439,3.54648731926e-9,-0.0178618870276,0.00302535320596,248482,anderson.2020,exposure,TRUE,reported
16,rs11077204,G,C,7667187,0.2247,4.96732133866e-8,-0.0182863678208,0.00335377304655,248482,anderson.2020,exposure,TRUE,reported
16,rs11077207,G,C,7668480,0.4841,2.64500270582e-10,-0.0184274024116,0.00291652460796,248482,anderson.2020,exposure,TRUE,reported
16,rs350251,G,A,12202572,0.3976,2.35330243369e-8,0.0173884300242,0.0031140898995,248482,anderson.2020,exposure,TRUE,reported
16,rs7188873,G,A,24727064,0.3827,2.16184955338e-9,0.0189937203621,0.0031734721837,248482,anderson.2020,exposure,TRUE,reported
16,rs34172651,C,T,24766841,0.30620000000000003,5.91116237846e-10,-0.0205230989976,0.00331403566954,248482,anderson.2020,exposure,TRUE,reported
16,rs112223196,C,A,28298418,0.1899,1.35274414784e-10,0.0231842124514,0.00361061757356,248482,anderson.2020,exposure,TRUE,reported
16,rs2650494,G,A,28318440,0.4344,4.65054815031e-8,-0.0161872770076,0.00296243549664,248482,anderson.2020,exposure,TRUE,reported
16,rs2726034,C,T,28336882,0.2634,6.90899689848e-11,0.0208396868617,0.00319498735234,248482,anderson.2020,exposure,TRUE,reported
16,rs12598357,G,A,28340945,0.3638,1.99575252722e-13,0.0228681224549,0.00311169853694,248482,anderson.2020,exposure,TRUE,reported
16,rs28374519,G,A,28489342,0.4612,2.49340226561e-8,0.0173695283895,0.00311631965511,248482,anderson.2020,exposure,TRUE,reported
16,rs62034318,C,T,28527221,0.2932,3.2813752024e-11,-0.0215752061338,0.00325253217713,248482,anderson.2020,exposure,TRUE,reported
16,rs480400,G,A,28574615,0.4742,7.69869460038e-15,0.0227146773937,0.00292246322129,248482,anderson.2020,exposure,TRUE,reported
16,rs11648192,C,T,28618708,0.4702,1.08908792825e-10,0.0199438518499,0.00309013569215,248482,anderson.2020,exposure,TRUE,reported
16,rs750155,C,T,28620572,0.4394,3.07635778465e-11,-0.0203991481431,0.0030708341415,248482,anderson.2020,exposure,TRUE,reported
16,rs9922110,G,C,28622154,0.4294,1.00275592404e-8,-0.0179672275736,0.00313549840641,248482,anderson.2020,exposure,TRUE,reported
16,rs7193413,T,A,28644663,0.3479,1.16459876503e-9,0.0204753548151,0.0033648659526,248482,anderson.2020,exposure,TRUE,reported
16,rs8049439,C,T,28837515,0.3439,1.3456622079e-19,0.026969669399,0.00297789854937,248482,anderson.2020,exposure,TRUE,reported
16,rs2071342,C,A,28915433,0.3877,5.2953920104e-12,-0.0211700436699,0.00306926808848,248482,anderson.2020,exposure,TRUE,reported
16,rs7500321,G,A,28977020,0.2614,7.09406671324e-9,0.0185400929104,0.00320281740843,248482,anderson.2020,exposure,TRUE,reported
16,rs11640533,C,T,53412862,0.4165,2.51924124993e-11,0.0203467030341,0.00304945504565,248482,anderson.2020,exposure,TRUE,reported
16,rs1861353,G,A,53452081,0.4682,5.53597382956e-14,-0.0225181187568,0.00299498247526,248482,anderson.2020,exposure,TRUE,reported
16,rs7189233,C,T,53455383,0.3042,4.38237390711e-14,0.0250169185849,0.00331388911154,248482,anderson.2020,exposure,TRUE,reported
16,rs310333,C,A,71579667,0.2475,2.13438998594e-8,0.0193244889276,0.00345034581971,248482,anderson.2020,exposure,TRUE,reported
16,rs4788570,G,A,71920144,0.2634,4.01462242765e-8,0.0185754897145,0.00338338584555,248482,anderson.2020,exposure,TRUE,reported
16,rs12600121,G,C,72022454,0.4881,4.95609107744e-10,-0.0183572327615,0.00295109178234,248482,anderson.2020,exposure,TRUE,reported
16,rs17607347,C,T,72381460,0.172,2.14045616803e-9,-0.022482011612,0.00375528065804,248482,anderson.2020,exposure,TRUE,reported
17,rs3744593,C,T,34943719,0.4423,3.62513562181e-10,0.0184179812655,0.00293777261313,248482,anderson.2020,exposure,TRUE,reported
17,rs17426174,G,C,43830938,0.2396,6.1537708567e-11,-0.023148795773,0.00353959605031,248482,anderson.2020,exposure,TRUE,reported
17,rs916888,C,T,44863133,0.2654,1.88663044757e-8,0.0196839544185,0.00350118215978,248482,anderson.2020,exposure,TRUE,reported
17,rs9906944,C,T,47091420,0.2992,7.17262618084e-9,0.018285257029,0.00315980438466,248482,anderson.2020,exposure,TRUE,reported
17,rs6503863,G,A,56517034,0.4095,6.04914152524e-9,0.0180549516269,0.00310468270405,248482,anderson.2020,exposure,TRUE,reported
17,rs9911578,C,T,56953147,0.3668,3.51391520138e-10,0.0188875363738,0.00301034018256,248482,anderson.2020,exposure,TRUE,reported
17,rs72843166,G,T,61098296,0.173,1.59375459902e-8,0.0225883111719,0.00399711572199,248482,anderson.2020,exposure,TRUE,reported
18,rs9951698,G,C,12945310,0.4324,2.42283975315e-8,0.017264954402,0.0030947834163,248482,anderson.2020,exposure,TRUE,reported
18,rs177430,C,T,21086125,0.4553,2.66962208699e-8,-0.0246690737809,0.0044354249152,248482,anderson.2020,exposure,TRUE,reported
18,rs11083241,G,A,25551961,0.4344,1.01374441441e-8,-0.0170368291741,0.00297409226313,248482,anderson.2020,exposure,TRUE,reported
18,rs12607356,G,A,50444281,0.4235,1.69685200401e-9,-0.0181384532863,0.00301080629716,248482,anderson.2020,exposure,TRUE,reported
18,rs7506451,T,A,50570431,0.4036,3.12878753564e-10,-0.0192932134326,0.00306618231477,248482,anderson.2020,exposure,TRUE,reported
18,rs4277413,G,A,50698926,0.498,4.63985829845e-13,0.0211134354771,0.0029180539667,248482,anderson.2020,exposure,TRUE,reported
18,rs10221412,C,T,50724472,0.4851,4.1078061828e-11,0.0197803751636,0.00299696475875,248482,anderson.2020,exposure,TRUE,reported
18,rs1367633,G,A,50747956,0.4563,2.02589993751e-8,-0.0173548656202,0.00309368308754,248482,anderson.2020,exposure,TRUE,reported
18,rs1078459,G,T,50776291,0.4125,3.03050599623e-11,-0.0197438468736,0.00297119737217,248482,anderson.2020,exposure,TRUE,reported
18,rs11665242,G,A,50907127,0.3966,8.73954978251e-16,0.0238596746503,0.00296637505251,248482,anderson.2020,exposure,TRUE,reported
18,rs11663156,C,T,50911758,0.331,1.44254254011e-8,-0.0186721449081,0.00329415767429,248482,anderson.2020,exposure,TRUE,reported
18,rs12960505,G,T,50972182,0.4503,1.71829770122e-15,-0.0239361543196,0.00300699760656,248482,anderson.2020,exposure,TRUE,reported
18,rs17417046,C,T,50984997,0.4145,3.12965258619e-13,-0.0214099293219,0.00293741489011,248482,anderson.2020,exposure,TRUE,reported
18,rs143283559,G,T,77567761,0.2485,2.12764498366e-8,0.0190256189992,0.0033966505398,248482,anderson.2020,exposure,TRUE,reported
18,rs11664298,G,A,77578986,0.162,3.81563705782e-10,-0.0231529534734,0.00369773447657,248482,anderson.2020,exposure,TRUE,reported
19,rs56160517,G,A,12971933,0.2147,3.11799253268e-8,-0.0200238767915,0.00361789321358,248482,anderson.2020,exposure,TRUE,reported
19,rs10413329,G,A,13114434,0.4891,2.26253363025e-9,0.017926283504700002,0.00299883921744,248482,anderson.2020,exposure,TRUE,reported
19,rs11555274,G,C,13207284,0.09841,2.1374585971e-8,-0.02732069215,0.00487826755728,248482,anderson.2020,exposure,TRUE,reported
19,rs1363119,G,A,18444809,0.4573,3.6084830206e-9,-0.0181892839296,0.00308229807583,248482,anderson.2020,exposure,TRUE,reported
19,rs7260359,C,T,45814908,0.4672,2.35249484571e-8,-0.0167067595475,0.0029919777231,248482,anderson.2020,exposure,TRUE,reported
20,rs6034019,G,A,14702915,0.2982,4.42230609704e-8,-0.0175952382274,0.00321485785123,248482,anderson.2020,exposure,TRUE,reported
20,rs3092073,G,A,44595649,0.4543,2.82719149242e-8,-0.0169840683212,0.00305919220217,248482,anderson.2020,exposure,TRUE,reported
20,rs6095298,G,A,47413079,0.3926,3.52652167689e-11,-0.0195175712894,0.00294706338935,248482,anderson.2020,exposure,TRUE,reported
20,rs6066861,G,A,47422577,0.3569,2.86984107993e-10,-0.0208993734646,0.003314387646,248482,anderson.2020,exposure,TRUE,reported
20,rs745086,G,A,47433515,0.4722,3.4511047041e-11,-0.0195032494237,0.00294348145497,248482,anderson.2020,exposure,TRUE,reported
20,rs6012542,C,T,47477706,0.2823,8.32400880164e-12,0.0212115122348,0.00310434026569,248482,anderson.2020,exposure,TRUE,reported
20,rs6090919,G,T,47499121,0.2773,2.79866775111e-10,0.0197938449365,0.00313712984292,248482,anderson.2020,exposure,TRUE,reported
20,rs3092566,C,T,47499170,0.4125,3.82508115657e-12,0.0219146184127,0.00315613520958,248482,anderson.2020,exposure,TRUE,reported
20,rs6125486,G,T,47500404,0.3678,1.76895604411e-8,-0.0180338379663,0.00320134850406,248482,anderson.2020,exposure,TRUE,reported
20,rs2024595,G,A,47517896,0.3996,4.25350937604e-11,-0.0195344210359,0.00296201960164,248482,anderson.2020,exposure,TRUE,reported
20,rs6095360,G,A,47532536,0.2972,6.6247837846e-16,-0.0253814829234,0.00314234512378,248482,anderson.2020,exposure,TRUE,reported
20,rs2064853,T,A,47675176,0.4274,3.47624611789e-19,0.0265796009197,0.00296896941586,248482,anderson.2020,exposure,TRUE,reported
20,rs2426132,G,C,47723127,0.4443,1.90848818188e-19,0.0277563237668,0.00307774222948,248482,anderson.2020,exposure,TRUE,reported
20,rs13041213,T,A,47800829,0.1938,7.46217326941e-12,0.0249437184861,0.00364220959046,248482,anderson.2020,exposure,TRUE,reported
20,rs6125597,C,T,47840772,0.4503,3.26593897053e-13,0.0223824053759,0.00307326011959,248482,anderson.2020,exposure,TRUE,reported
20,rs6067053,C,T,47938626,0.4722,9.15511151741e-9,-0.0177303550271,0.00308585724227,248482,anderson.2020,exposure,TRUE,reported
20,rs2145263,C,A,58187375,0.06262,3.29196671383e-8,-0.0320028847686,0.00579221585327,248482,anderson.2020,exposure,TRUE,reported
20,rs6027005,C,T,58199218,0.03579,1.26312451569e-9,-0.045270217607,0.00745554683588,248482,anderson.2020,exposure,TRUE,reported
20,rs2145265,C,T,58232736,0.159,7.68226024787e-10,0.0254492430888,0.00413717519869,248482,anderson.2020,exposure,TRUE,reported
20,rs6015543,C,T,58235648,0.04871,2.42808895153e-9,0.0414504378117,0.00694751774786,248482,anderson.2020,exposure,TRUE,reported
21,rs1389993,G,C,19032949,0.4205,1.2306871534e-9,0.0189414212977,0.00311731688189,248482,anderson.2020,exposure,TRUE,reported
22,rs11703032,C,T,34337383,0.0994,1.02771128443e-8,0.0280633275351,0.00490095733648,248482,anderson.2020,exposure,TRUE,reported
22,rs13053308,G,A,35934614,0.495,2.80711530577e-9,0.0182806812894,0.00307626222114,248482,anderson.2020,exposure,TRUE,reported
22,rs5750830,C,A,39840828,0.2803,5.61177945448e-10,0.0210635573567,0.00339681895575,248482,anderson.2020,exposure,TRUE,reported
22,rs2413595,C,T,39930197,0.4036,4.51694375311e-8,0.0168409207315,0.0030791460083,248482,anderson.2020,exposure,TRUE,reported
22,rs5757717,C,T,39942234,0.4334,4.93008218976e-8,0.0167416013279,0.00306970532879,248482,anderson.2020,exposure,TRUE,reported
22,rs3788556,C,T,39972162,0.4384,1.82148916664e-9,0.0179851904581,0.00299106347075,248482,anderson.2020,exposure,TRUE,reported
22,rs132570,C,A,39976128,0.495,1.98678298699e-11,0.0201017895842,0.00299713971822,248482,anderson.2020,exposure,TRUE,reported
22,rs5750854,C,T,39990775,0.2704,4.87611784769e-8,-0.0188540972665,0.00345580890601,248482,anderson.2020,exposure,TRUE,reported
22,rs3788568,G,T,40011273,0.3907,8.88107485907e-10,-0.0186733361328,0.00304705535032,248482,anderson.2020,exposure,TRUE,reported
22,rs74705753,G,A,42201517,0.05865,1.3306978245e-8,0.0402816405124,0.00708924750067,248482,anderson.2020,exposure,TRUE,reported
22,rs2743461,G,A,42540551,0.4632,2.0774558469e-9,0.0184331319052,0.00307647930698,248482,anderson.2020,exposure,TRUE,reported
22,rs4407350,G,A,44922275,0.4811,1.13683672498e-8,-0.0166769974783,0.00292120866383,248482,anderson.2020,exposure,TRUE,reported
22,rs6009946,C,T,51095286,0.2555,3.35997686349e-8,-0.0196785911926,0.00356395316253,248482,anderson.2020,exposure,TRUE,reported
22,rs10854884,C,A,51101899,0.4483,1.529764036e-8,0.0166409766438,0.00294104161814,248482,anderson.2020,exposure,TRUE,reported
22,rs5770820,G,A,51150473,0.2306,3.73253037931e-9,-0.0204654917085,0.00347129813944,248482,anderson.2020,exposure,TRUE,reported
