chr.exposure,se.exposure,pos.exposure,samplesize.exposure,beta.exposure,pval.exposure,id.exposure,SNP,effect_allele.exposure,other_allele.exposure,eaf.exposure,exposure,mr_keep.exposure,pval_origin.exposure,data_source.exposure
1,0.006668,181535715,269867,0.0361406,5.95498e-8,ebi-a-GCST006250,rs78382112,A,G,NA, || id:ebi-a-GCST006250,TRUE,reported,igd
1,0.00276597,91196176,269867,0.012989,2.64698e-6,ebi-a-GCST006250,rs12042107,C,T,NA, || id:ebi-a-GCST006250,TRUE,reported,igd
1,0.00275568,183405648,269867,-0.0136241,7.67202e-7,ebi-a-GCST006250,rs6424896,C,T,NA, || id:ebi-a-GCST006250,TRUE,reported,igd
1,0.0089628,97068665,269867,-0.0461584,2.59998e-7,ebi-a-GCST006250,rs74411834,C,A,NA, || id:ebi-a-GCST006250,TRUE,reported,igd
1,0.00292517,216832989,269867,-0.0163751,2.173e-8,ebi-a-GCST006250,rs10779271,G,A,NA, || id:ebi-a-GCST006250,TRUE,reported,igd
1,0.00500218,20883582,269867,0.0245057,9.62897e-7,ebi-a-GCST006250,rs76440167,A,G,NA, || id:ebi-a-GCST006250,TRUE,reported,igd
1,0.00283906,44049156,269867,0.0162366,1.071e-8,ebi-a-GCST006250,rs3791134,A,G,NA, || id:ebi-a-GCST006250,TRUE,reported,igd
1,0.00446285,241050375,269867,0.0201453,6.34702e-6,ebi-a-GCST006250,rs17698283,A,G,NA, || id:ebi-a-GCST006250,TRUE,reported,igd
1,0.00384423,171759139,269867,0.0228693,2.696e-9,ebi-a-GCST006250,rs34320898,C,G,NA, || id:ebi-a-GCST006250,TRUE,reported,igd
1,0.00358917,175775838,269867,-0.0168799,2.561e-6,ebi-a-GCST006250,rs12023065,A,G,NA, || id:ebi-a-GCST006250,TRUE,reported,igd
1,0.0102104,26990627,269867,0.0492548,1.40602e-6,ebi-a-GCST006250,rs188216647,C,A,NA, || id:ebi-a-GCST006250,TRUE,reported,igd
1,0.00331228,41750648,269867,-0.0269917,3.67536e-16,ebi-a-GCST006250,rs12035012,A,C,NA, || id:ebi-a-GCST006250,TRUE,reported,igd
1,0.00444706,74801206,269867,0.0202519,5.25799e-6,ebi-a-GCST006250,rs1341578,T,C,NA, || id:ebi-a-GCST006250,TRUE,reported,igd
1,0.00287505,74464107,269867,0.0131591,4.70901e-6,ebi-a-GCST006250,rs11210394,T,C,NA, || id:ebi-a-GCST006250,TRUE,reported,igd
1,0.00386996,29414108,269867,0.021041,5.41302e-8,ebi-a-GCST006250,rs1767801,A,C,NA, || id:ebi-a-GCST006250,TRUE,reported,igd
1,0.00548122,98498441,269867,0.0340493,5.23697e-10,ebi-a-GCST006250,rs11804556,A,G,NA, || id:ebi-a-GCST006250,TRUE,reported,igd
1,0.00304628,201787940,269867,-0.0187864,6.96996e-10,ebi-a-GCST006250,rs2678210,C,T,NA, || id:ebi-a-GCST006250,TRUE,reported,igd
1,0.00272936,174230469,269867,0.0148532,5.27497e-8,ebi-a-GCST006250,rs6681390,G,A,NA, || id:ebi-a-GCST006250,TRUE,reported,igd
1,0.00278968,208408890,269867,0.0144115,2.39602e-7,ebi-a-GCST006250,rs11119017,G,A,NA, || id:ebi-a-GCST006250,TRUE,reported,igd
1,0.00316789,207889329,269867,0.0166631,1.44301e-7,ebi-a-GCST006250,rs3860294,T,C,NA, || id:ebi-a-GCST006250,TRUE,reported,igd
1,0.00476657,171451621,269867,-0.0252819,1.13501e-7,ebi-a-GCST006250,rs35041900,T,C,NA, || id:ebi-a-GCST006250,TRUE,reported,igd
1,0.00444561,44250301,269867,0.0288431,8.72369e-11,ebi-a-GCST006250,rs4660749,G,T,NA, || id:ebi-a-GCST006250,TRUE,reported,igd
1,0.00275452,65275071,269867,-0.012175,9.86302e-6,ebi-a-GCST006250,rs2765873,A,G,NA, || id:ebi-a-GCST006250,TRUE,reported,igd
1,0.00426695,98461132,269867,0.0237797,2.503e-8,ebi-a-GCST006250,rs9324380,C,G,NA, || id:ebi-a-GCST006250,TRUE,reported,igd
1,0.00276135,41845246,269867,0.0150493,5.03095e-8,ebi-a-GCST006250,rs60144015,A,C,NA, || id:ebi-a-GCST006250,TRUE,reported,igd
1,0.00276242,47702229,269867,-0.0142872,2.32097e-7,ebi-a-GCST006250,rs1015890,A,G,NA, || id:ebi-a-GCST006250,TRUE,reported,igd
1,0.00276228,59560337,269867,0.0172035,4.72204e-10,ebi-a-GCST006250,rs1831539,C,T,NA, || id:ebi-a-GCST006250,TRUE,reported,igd
1,0.0027342,96199657,269867,-0.021458,4.24033e-15,ebi-a-GCST006250,rs6668048,T,C,NA, || id:ebi-a-GCST006250,TRUE,reported,igd
1,0.00276295,37865954,269867,-0.0132428,1.64301e-6,ebi-a-GCST006250,rs875361,A,G,NA, || id:ebi-a-GCST006250,TRUE,reported,igd
1,0.010287900000000001,83904321,269867,0.0489395,1.963e-6,ebi-a-GCST006250,rs116311473,T,C,NA, || id:ebi-a-GCST006250,TRUE,reported,igd
1,0.00277434,103656578,269867,0.0181941,5.46638e-11,ebi-a-GCST006250,rs1528204,C,T,NA, || id:ebi-a-GCST006250,TRUE,reported,igd
1,0.00466142,7434072,269867,0.0216616,3.36597e-6,ebi-a-GCST006250,rs845217,G,A,NA, || id:ebi-a-GCST006250,TRUE,reported,igd
1,0.00344692,23641367,269867,-0.0156387,5.71202e-6,ebi-a-GCST006250,rs642706,G,A,NA, || id:ebi-a-GCST006250,TRUE,reported,igd
1,0.00309947,153797015,269867,-0.0182838,3.66201e-9,ebi-a-GCST006250,rs112780312,A,G,NA, || id:ebi-a-GCST006250,TRUE,reported,igd
1,0.00392982,112356899,269867,-0.018085,4.17898e-6,ebi-a-GCST006250,rs517680,A,G,NA, || id:ebi-a-GCST006250,TRUE,reported,igd
1,0.00591431,75202712,269867,0.0268273,5.73495e-6,ebi-a-GCST006250,rs16910,T,G,NA, || id:ebi-a-GCST006250,TRUE,reported,igd
1,0.00341739,72749848,269867,0.031727,1.63192e-20,ebi-a-GCST006250,rs3128341,C,T,NA, || id:ebi-a-GCST006250,TRUE,reported,igd
1,0.00341108,77042631,269867,0.0176557,2.27002e-7,ebi-a-GCST006250,rs28439552,C,G,NA, || id:ebi-a-GCST006250,TRUE,reported,igd
1,0.00298713,110030945,269867,0.0191116,1.57199e-10,ebi-a-GCST006250,rs1144593,G,A,NA, || id:ebi-a-GCST006250,TRUE,reported,igd
1,0.00324341,114745639,269867,0.0161457,6.41106e-7,ebi-a-GCST006250,rs397892,A,G,NA, || id:ebi-a-GCST006250,TRUE,reported,igd
1,0.00362381,181740201,269867,-0.0200506,3.14898e-8,ebi-a-GCST006250,rs199928,C,T,NA, || id:ebi-a-GCST006250,TRUE,reported,igd
1,0.00295922,211000669,269867,-0.0140681,1.99099e-6,ebi-a-GCST006250,rs6658652,C,T,NA, || id:ebi-a-GCST006250,TRUE,reported,igd
1,0.00301043,193281747,269867,-0.0148113,8.67201e-7,ebi-a-GCST006250,rs817142,T,G,NA, || id:ebi-a-GCST006250,TRUE,reported,igd
1,0.00404905,22425642,269867,0.0242133,2.227e-9,ebi-a-GCST006250,rs10917152,T,C,NA, || id:ebi-a-GCST006250,TRUE,reported,igd
1,0.00281758,32106494,269867,0.0199795,1.33199e-12,ebi-a-GCST006250,rs7546297,G,A,NA, || id:ebi-a-GCST006250,TRUE,reported,igd
1,0.00282267,3277746,269867,0.0136448,1.339e-6,ebi-a-GCST006250,rs884308,T,C,NA, || id:ebi-a-GCST006250,TRUE,reported,igd
1,0.00319049,81081325,269867,0.0165395,2.173e-7,ebi-a-GCST006250,rs2759403,T,C,NA, || id:ebi-a-GCST006250,TRUE,reported,igd
1,0.00584284,88704674,269867,0.0283962,1.17201e-6,ebi-a-GCST006250,rs12410027,T,A,NA, || id:ebi-a-GCST006250,TRUE,reported,igd
1,0.00434387,69438777,269867,-0.0285957,4.60363e-11,ebi-a-GCST006250,rs2420551,A,T,NA, || id:ebi-a-GCST006250,TRUE,reported,igd
1,0.00488694,72621463,269867,0.0325666,2.66624e-11,ebi-a-GCST006250,rs12124523,T,C,NA, || id:ebi-a-GCST006250,TRUE,reported,igd
2,0.00275546,7752058,269867,-0.0144248,1.65402e-7,ebi-a-GCST006250,rs2681211,G,A,NA, || id:ebi-a-GCST006250,TRUE,reported,igd
2,0.00301317,54212233,269867,-0.0141408,2.68701e-6,ebi-a-GCST006250,rs62139336,A,G,NA, || id:ebi-a-GCST006250,TRUE,reported,igd
2,0.00319647,25329016,269867,-0.015196,1.98999e-6,ebi-a-GCST006250,rs12233134,T,C,NA, || id:ebi-a-GCST006250,TRUE,reported,igd
2,0.00320909,29391266,269867,0.0168349,1.556e-7,ebi-a-GCST006250,rs72790254,T,C,NA, || id:ebi-a-GCST006250,TRUE,reported,igd
2,0.0033425,45171546,269867,-0.0182467,4.798e-8,ebi-a-GCST006250,rs62131236,T,C,NA, || id:ebi-a-GCST006250,TRUE,reported,igd
2,0.0137284,28450155,269867,0.0638782,3.271e-6,ebi-a-GCST006250,rs6705659,T,C,NA, || id:ebi-a-GCST006250,TRUE,reported,igd
2,0.010277,58764938,269867,-0.050861,7.46603e-7,ebi-a-GCST006250,rs4672245,A,G,NA, || id:ebi-a-GCST006250,TRUE,reported,igd
2,0.00290021,68425427,269867,0.0141501,1.064e-6,ebi-a-GCST006250,rs62641636,G,A,NA, || id:ebi-a-GCST006250,TRUE,reported,igd
2,0.00274504,82444107,269867,0.0160859,4.61796e-9,ebi-a-GCST006250,rs11678106,T,C,NA, || id:ebi-a-GCST006250,TRUE,reported,igd
2,0.00282536,117647820,269867,0.0159492,1.652e-8,ebi-a-GCST006250,rs60262711,T,C,NA, || id:ebi-a-GCST006250,TRUE,reported,igd
2,0.00291005,150713157,269867,-0.0133193,4.72204e-6,ebi-a-GCST006250,rs6437111,T,C,NA, || id:ebi-a-GCST006250,TRUE,reported,igd
2,0.00279776,142556806,269867,-0.0143945,2.678e-7,ebi-a-GCST006250,rs35085767,T,C,NA, || id:ebi-a-GCST006250,TRUE,reported,igd
2,0.00299786,128127122,269867,-0.0132745,9.50692e-6,ebi-a-GCST006250,rs12477214,C,T,NA, || id:ebi-a-GCST006250,TRUE,reported,igd
2,0.00455994,156882125,269867,-0.0242726,1.02301e-7,ebi-a-GCST006250,rs17244227,G,C,NA, || id:ebi-a-GCST006250,TRUE,reported,igd
2,0.00274581,157488277,269867,-0.0190504,3.98474e-12,ebi-a-GCST006250,rs6436555,C,A,NA, || id:ebi-a-GCST006250,TRUE,reported,igd
2,0.00332194,171673475,269867,-0.0192573,6.73504e-9,ebi-a-GCST006250,rs3749034,A,G,NA, || id:ebi-a-GCST006250,TRUE,reported,igd
2,0.0036798,174187007,269867,0.0171332,3.22099e-6,ebi-a-GCST006250,rs35771468,A,T,NA, || id:ebi-a-GCST006250,TRUE,reported,igd
2,0.00386039,215318006,269867,0.0172521,7.86901e-6,ebi-a-GCST006250,rs13406497,A,T,NA, || id:ebi-a-GCST006250,TRUE,reported,igd
2,0.00274195,156005993,269867,0.0140004,3.298e-7,ebi-a-GCST006250,rs10184990,A,G,NA, || id:ebi-a-GCST006250,TRUE,reported,igd
2,0.0030518,163975466,269867,-0.0179019,4.47404e-9,ebi-a-GCST006250,rs3956504,C,A,NA, || id:ebi-a-GCST006250,TRUE,reported,igd
2,0.00294599,164867726,269867,-0.0140848,1.74401e-6,ebi-a-GCST006250,rs4667454,G,A,NA, || id:ebi-a-GCST006250,TRUE,reported,igd
2,0.00290548,105045181,269867,0.0130398,7.18903e-6,ebi-a-GCST006250,rs1519632,G,A,NA, || id:ebi-a-GCST006250,TRUE,reported,igd
2,0.00274403,161380888,269867,-0.0160526,4.90603e-9,ebi-a-GCST006250,rs10192369,A,G,NA, || id:ebi-a-GCST006250,TRUE,reported,igd
2,0.00293997,32736043,269867,-0.0147969,4.82803e-7,ebi-a-GCST006250,rs17428810,C,T,NA, || id:ebi-a-GCST006250,TRUE,reported,igd
2,0.00685326,45166927,269867,0.0353423,2.51403e-7,ebi-a-GCST006250,rs163536,A,G,NA, || id:ebi-a-GCST006250,TRUE,reported,igd
2,0.0161429,53056254,269867,0.0722718,7.58595e-6,ebi-a-GCST006250,rs114392378,G,A,NA, || id:ebi-a-GCST006250,TRUE,reported,igd
2,0.00320559,64306984,269867,-0.0194098,1.40001e-9,ebi-a-GCST006250,rs2576835,A,G,NA, || id:ebi-a-GCST006250,TRUE,reported,igd
2,0.00393077,183439406,269867,-0.0182663,3.36899e-6,ebi-a-GCST006250,rs4386288,C,A,NA, || id:ebi-a-GCST006250,TRUE,reported,igd
2,0.00277356,137531830,269867,0.0156318,1.737e-8,ebi-a-GCST006250,rs2558096,G,T,NA, || id:ebi-a-GCST006250,TRUE,reported,igd
2,0.00274858,162856148,269867,0.0207848,3.98199e-14,ebi-a-GCST006250,rs2268894,T,C,NA, || id:ebi-a-GCST006250,TRUE,reported,igd
2,0.00351143,180994471,269867,-0.0211458,1.72699e-9,ebi-a-GCST006250,rs62181012,C,T,NA, || id:ebi-a-GCST006250,TRUE,reported,igd
2,0.0054421,16200547,269867,0.0249956,4.37099e-6,ebi-a-GCST006250,rs62116720,A,G,NA, || id:ebi-a-GCST006250,TRUE,reported,igd
2,0.00532122,80421805,269867,0.025776,1.27201e-6,ebi-a-GCST006250,rs112806496,G,C,NA, || id:ebi-a-GCST006250,TRUE,reported,igd
2,0.0030155,102028928,269867,0.0136813,5.70703e-6,ebi-a-GCST006250,rs11686870,G,A,NA, || id:ebi-a-GCST006250,TRUE,reported,igd
2,0.00304418,80188021,269867,-0.0155953,3.00802e-7,ebi-a-GCST006250,rs2060396,A,G,NA, || id:ebi-a-GCST006250,TRUE,reported,igd
2,0.00284479,100869702,269867,0.0228352,9.95405e-16,ebi-a-GCST006250,rs2309812,T,C,NA, || id:ebi-a-GCST006250,TRUE,reported,igd
2,0.00503924,118726381,269867,0.025045,6.69607e-7,ebi-a-GCST006250,rs11678048,C,A,NA, || id:ebi-a-GCST006250,TRUE,reported,igd
2,0.0148513,220331527,269867,0.0683013,4.246e-6,ebi-a-GCST006250,rs79142686,T,C,NA, || id:ebi-a-GCST006250,TRUE,reported,igd
2,0.00339364,226315266,269867,-0.0184105,5.79896e-8,ebi-a-GCST006250,rs908639,C,T,NA, || id:ebi-a-GCST006250,TRUE,reported,igd
2,0.00292716,41616346,269867,-0.0179757,8.21297e-10,ebi-a-GCST006250,rs967569,T,C,NA, || id:ebi-a-GCST006250,TRUE,reported,igd
2,0.00365789,200373261,269867,-0.0218376,2.37898e-9,ebi-a-GCST006250,rs35731967,C,T,NA, || id:ebi-a-GCST006250,TRUE,reported,igd
2,0.0036519,2333777,269867,-0.0165723,5.68094e-6,ebi-a-GCST006250,rs72769271,A,T,NA, || id:ebi-a-GCST006250,TRUE,reported,igd
2,0.00357609,145078775,269867,-0.0169936,2.01201e-6,ebi-a-GCST006250,rs62169190,T,C,NA, || id:ebi-a-GCST006250,TRUE,reported,igd
2,0.00304853,145597356,269867,-0.0137611,6.34995e-6,ebi-a-GCST006250,rs10196836,T,C,NA, || id:ebi-a-GCST006250,TRUE,reported,igd
2,0.0027456,148436943,269867,-0.0130334,2.068e-6,ebi-a-GCST006250,rs12467689,G,A,NA, || id:ebi-a-GCST006250,TRUE,reported,igd
2,0.00285285,144162609,269867,0.0193366,1.21899e-11,ebi-a-GCST006250,rs10189912,G,A,NA, || id:ebi-a-GCST006250,TRUE,reported,igd
2,0.00281517,27315252,269867,0.0130455,3.58897e-6,ebi-a-GCST006250,rs2304681,A,G,NA, || id:ebi-a-GCST006250,TRUE,reported,igd
2,0.00283957,59538091,269867,-0.0125651,9.65206e-6,ebi-a-GCST006250,rs11689998,A,T,NA, || id:ebi-a-GCST006250,TRUE,reported,igd
2,0.00325788,104452617,269867,0.0143998,9.85508e-6,ebi-a-GCST006250,rs2678659,G,A,NA, || id:ebi-a-GCST006250,TRUE,reported,igd
2,0.00286236,56845663,269867,0.0141458,7.75193e-7,ebi-a-GCST006250,rs2112021,T,A,NA, || id:ebi-a-GCST006250,TRUE,reported,igd
2,0.00494912,58140471,269867,-0.0231668,2.852e-6,ebi-a-GCST006250,rs72808434,A,G,NA, || id:ebi-a-GCST006250,TRUE,reported,igd
2,0.00373889,163207480,269867,0.0195955,1.59302e-7,ebi-a-GCST006250,rs3788964,C,T,NA, || id:ebi-a-GCST006250,TRUE,reported,igd
2,0.00336992,7285635,269867,0.0156533,3.40596e-6,ebi-a-GCST006250,rs10929468,C,A,NA, || id:ebi-a-GCST006250,TRUE,reported,igd
2,0.00289347,17630709,269867,-0.0130958,6.02005e-6,ebi-a-GCST006250,rs11096472,G,A,NA, || id:ebi-a-GCST006250,TRUE,reported,igd
2,0.00330894,201063644,269867,0.0149465,6.28695e-6,ebi-a-GCST006250,rs11897245,G,A,NA, || id:ebi-a-GCST006250,TRUE,reported,igd
2,0.00322537,186208380,269867,0.0190651,3.40001e-9,ebi-a-GCST006250,rs62198803,A,G,NA, || id:ebi-a-GCST006250,TRUE,reported,igd
2,0.00285961,198929896,269867,-0.0162512,1.32401e-8,ebi-a-GCST006250,rs7573001,C,G,NA, || id:ebi-a-GCST006250,TRUE,reported,igd
2,0.00276933,199516059,269867,-0.0161757,5.19697e-9,ebi-a-GCST006250,rs1455344,A,G,NA, || id:ebi-a-GCST006250,TRUE,reported,igd
2,0.00703626,206897288,269867,0.0339781,1.37e-6,ebi-a-GCST006250,rs111776918,C,G,NA, || id:ebi-a-GCST006250,TRUE,reported,igd
2,0.00303378,208870551,269867,-0.0137764,5.60506e-6,ebi-a-GCST006250,rs2362782,G,A,NA, || id:ebi-a-GCST006250,TRUE,reported,igd
2,0.00318796,16702165,269867,-0.0168101,1.34301e-7,ebi-a-GCST006250,rs4347841,T,C,NA, || id:ebi-a-GCST006250,TRUE,reported,igd
2,0.00273413,44116836,269867,-0.0149147,4.90004e-8,ebi-a-GCST006250,rs2955280,T,C,NA, || id:ebi-a-GCST006250,TRUE,reported,igd
2,0.00314459,84421955,269867,0.015484,8.45999e-7,ebi-a-GCST006250,rs4538216,A,C,NA, || id:ebi-a-GCST006250,TRUE,reported,igd
2,0.0028637,44833450,269867,-0.0131673,4.26098e-6,ebi-a-GCST006250,rs6758854,T,A,NA, || id:ebi-a-GCST006250,TRUE,reported,igd
2,0.00313325,59162140,269867,0.0156851,5.56199e-7,ebi-a-GCST006250,rs2215849,A,G,NA, || id:ebi-a-GCST006250,TRUE,reported,igd
2,0.0113479,60775820,269867,-0.0552983,1.09701e-6,ebi-a-GCST006250,rs1427409,C,T,NA, || id:ebi-a-GCST006250,TRUE,reported,igd
2,0.00290167,51250505,269867,-0.0159272,4.03896e-8,ebi-a-GCST006250,rs7557525,C,T,NA, || id:ebi-a-GCST006250,TRUE,reported,igd
2,0.00274978,60713235,269867,-0.0189955,4.90682e-12,ebi-a-GCST006250,rs10189857,G,A,NA, || id:ebi-a-GCST006250,TRUE,reported,igd
2,0.00289282,166711604,269867,0.01738,1.87802e-9,ebi-a-GCST006250,rs13421971,A,T,NA, || id:ebi-a-GCST006250,TRUE,reported,igd
2,0.00278,155547853,269867,-0.0165882,2.41902e-9,ebi-a-GCST006250,rs3106666,A,G,NA, || id:ebi-a-GCST006250,TRUE,reported,igd
2,0.0035558400000000002,176071906,269867,0.0161897,5.28494e-6,ebi-a-GCST006250,rs268172,G,A,NA, || id:ebi-a-GCST006250,TRUE,reported,igd
2,0.00429745,6404785,269867,-0.0203828,2.10698e-6,ebi-a-GCST006250,rs7570276,T,C,NA, || id:ebi-a-GCST006250,TRUE,reported,igd
2,0.00304514,236731297,269867,-0.0158286,2.01502e-7,ebi-a-GCST006250,rs72983090,G,C,NA, || id:ebi-a-GCST006250,TRUE,reported,igd
2,0.00407058,226153686,269867,0.0188264,3.74102e-6,ebi-a-GCST006250,rs62186982,G,A,NA, || id:ebi-a-GCST006250,TRUE,reported,igd
2,0.00283772,225466385,269867,-0.0134565,2.12002e-6,ebi-a-GCST006250,rs4355095,T,C,NA, || id:ebi-a-GCST006250,TRUE,reported,igd
2,0.00424643,59139507,269867,0.018765,9.90193e-6,ebi-a-GCST006250,rs17049820,C,T,NA, || id:ebi-a-GCST006250,TRUE,reported,igd
2,0.00274741,71539301,269867,0.0207869,3.83531e-14,ebi-a-GCST006250,rs4852252,C,T,NA, || id:ebi-a-GCST006250,TRUE,reported,igd
2,0.00300781,73565293,269867,-0.0179807,2.25398e-9,ebi-a-GCST006250,rs11898362,A,G,NA, || id:ebi-a-GCST006250,TRUE,reported,igd
2,0.00465176,60499463,269867,-0.0276826,2.666e-9,ebi-a-GCST006250,rs58593843,A,G,NA, || id:ebi-a-GCST006250,TRUE,reported,igd
2,0.00296473,107503324,269867,0.0133472,6.72001e-6,ebi-a-GCST006250,rs1034811,T,C,NA, || id:ebi-a-GCST006250,TRUE,reported,igd
2,0.0108895,99589659,269867,0.0481096,9.96002e-6,ebi-a-GCST006250,rs1901859,T,G,NA, || id:ebi-a-GCST006250,TRUE,reported,igd
2,0.00289576,101245697,269867,-0.015,2.21401e-7,ebi-a-GCST006250,rs62152485,A,C,NA, || id:ebi-a-GCST006250,TRUE,reported,igd
2,0.0049739,150324491,269867,0.0224173,6.57794e-6,ebi-a-GCST006250,rs16827013,T,C,NA, || id:ebi-a-GCST006250,TRUE,reported,igd
2,0.00415976,63154212,269867,0.0185234,8.46194e-6,ebi-a-GCST006250,rs76084862,A,T,NA, || id:ebi-a-GCST006250,TRUE,reported,igd
2,0.00338019,220384552,269867,0.016901,5.74302e-7,ebi-a-GCST006250,rs907681,A,G,NA, || id:ebi-a-GCST006250,TRUE,reported,igd
2,0.00287898,232483518,269867,-0.0166607,7.14694e-9,ebi-a-GCST006250,rs13024268,A,G,NA, || id:ebi-a-GCST006250,TRUE,reported,igd
2,0.00321155,213848727,269867,-0.0170116,1.17801e-7,ebi-a-GCST006250,rs7584255,C,T,NA, || id:ebi-a-GCST006250,TRUE,reported,igd
2,0.00305051,212590505,269867,-0.0159694,1.65402e-7,ebi-a-GCST006250,rs7556896,T,C,NA, || id:ebi-a-GCST006250,TRUE,reported,igd
2,0.00302085,23934816,269867,0.0171675,1.323e-8,ebi-a-GCST006250,rs12470949,C,T,NA, || id:ebi-a-GCST006250,TRUE,reported,igd
2,0.00299591,162095003,269867,0.0165374,3.39703e-8,ebi-a-GCST006250,rs1267042,C,T,NA, || id:ebi-a-GCST006250,TRUE,reported,igd
3,0.00291715,137122394,269867,-0.0180951,5.55098e-10,ebi-a-GCST006250,rs13071190,C,T,NA, || id:ebi-a-GCST006250,TRUE,reported,igd
3,0.0028577,142867790,269867,-0.0126739,9.19306e-6,ebi-a-GCST006250,rs10804686,T,C,NA, || id:ebi-a-GCST006250,TRUE,reported,igd
3,0.00374878,127142979,269867,0.0174318,3.32001e-6,ebi-a-GCST006250,rs9855750,C,A,NA, || id:ebi-a-GCST006250,TRUE,reported,igd
3,0.00935572,164396280,269867,-0.0434947,3.33703e-6,ebi-a-GCST006250,rs73877087,T,C,NA, || id:ebi-a-GCST006250,TRUE,reported,igd
3,0.00350458,180412373,269867,0.0182869,1.80401e-7,ebi-a-GCST006250,rs11917390,T,C,NA, || id:ebi-a-GCST006250,TRUE,reported,igd
3,0.00594881,184473023,269867,-0.0276501,3.35197e-6,ebi-a-GCST006250,rs7428622,C,G,NA, || id:ebi-a-GCST006250,TRUE,reported,igd
3,0.00275955,187978213,269867,-0.0125559,5.37403e-6,ebi-a-GCST006250,rs62291383,A,G,NA, || id:ebi-a-GCST006250,TRUE,reported,igd
3,0.00411448,196046921,269867,-0.0189925,3.91498e-6,ebi-a-GCST006250,rs111770664,A,G,NA, || id:ebi-a-GCST006250,TRUE,reported,igd
3,0.00275928,35538452,269867,-0.0170938,5.82304e-10,ebi-a-GCST006250,rs1589652,G,A,NA, || id:ebi-a-GCST006250,TRUE,reported,igd
3,0.00275555,64880377,269867,-0.0128822,2.94097e-6,ebi-a-GCST006250,rs704444,A,G,NA, || id:ebi-a-GCST006250,TRUE,reported,igd
3,0.00405711,16858468,269867,-0.0248376,9.23507e-10,ebi-a-GCST006250,rs73139272,T,G,NA, || id:ebi-a-GCST006250,TRUE,reported,igd
3,0.00274997,18293762,269867,-0.0132576,1.42801e-6,ebi-a-GCST006250,rs7373456,G,A,NA, || id:ebi-a-GCST006250,TRUE,reported,igd
3,0.00334003,54234722,269867,-0.0188779,1.585e-8,ebi-a-GCST006250,rs4485754,G,A,NA, || id:ebi-a-GCST006250,TRUE,reported,igd
3,0.00325115,70604668,269867,0.0144806,8.42694e-6,ebi-a-GCST006250,rs6549342,C,G,NA, || id:ebi-a-GCST006250,TRUE,reported,igd
3,0.00279938,89587262,269867,-0.0165331,3.50897e-9,ebi-a-GCST006250,rs7652296,G,A,NA, || id:ebi-a-GCST006250,TRUE,reported,igd
3,0.00296428,125083195,269867,0.0153609,2.19099e-7,ebi-a-GCST006250,rs7428004,G,A,NA, || id:ebi-a-GCST006250,TRUE,reported,igd
3,0.0037534,12473166,269867,0.0193525,2.52802e-7,ebi-a-GCST006250,rs7634282,C,T,NA, || id:ebi-a-GCST006250,TRUE,reported,igd
3,0.00342097,28736224,269867,-0.0159828,2.986e-6,ebi-a-GCST006250,rs4308234,A,C,NA, || id:ebi-a-GCST006250,TRUE,reported,igd
3,0.00285921,134652349,269867,0.0126434,9.7609e-6,ebi-a-GCST006250,rs875984,C,A,NA, || id:ebi-a-GCST006250,TRUE,reported,igd
3,0.0027802,150069726,269867,-0.0130197,2.82001e-6,ebi-a-GCST006250,rs35494336,G,A,NA, || id:ebi-a-GCST006250,TRUE,reported,igd
3,0.00368495,139708741,269867,0.0226956,7.31897e-10,ebi-a-GCST006250,rs59142272,A,G,NA, || id:ebi-a-GCST006250,TRUE,reported,igd
3,0.00379704,141660675,269867,-0.0210546,2.93799e-8,ebi-a-GCST006250,rs10804681,T,A,NA, || id:ebi-a-GCST006250,TRUE,reported,igd
3,0.00277896,143636421,269867,-0.0135419,1.10101e-6,ebi-a-GCST006250,rs2885198,G,A,NA, || id:ebi-a-GCST006250,TRUE,reported,igd
3,0.0052369,69780555,269867,-0.0240531,4.36596e-6,ebi-a-GCST006250,rs4396899,A,C,NA, || id:ebi-a-GCST006250,TRUE,reported,igd
3,0.00739953,177646493,269867,0.0339195,4.55995e-6,ebi-a-GCST006250,rs74826094,G,C,NA, || id:ebi-a-GCST006250,TRUE,reported,igd
3,0.00274343,178223756,269867,0.0126692,3.88204e-6,ebi-a-GCST006250,rs1372398,C,T,NA, || id:ebi-a-GCST006250,TRUE,reported,igd
3,0.00276631,137467636,269867,-0.0133502,1.38998e-6,ebi-a-GCST006250,rs201702,T,C,NA, || id:ebi-a-GCST006250,TRUE,reported,igd
3,0.00423167,61648251,269867,-0.0189791,7.29004e-6,ebi-a-GCST006250,rs2365935,A,G,NA, || id:ebi-a-GCST006250,TRUE,reported,igd
3,0.00518178,21833985,269867,0.0258001,6.40103e-7,ebi-a-GCST006250,rs7643485,A,C,NA, || id:ebi-a-GCST006250,TRUE,reported,igd
3,0.00295331,7909368,269867,-0.0149378,4.23897e-7,ebi-a-GCST006250,rs9813540,T,C,NA, || id:ebi-a-GCST006250,TRUE,reported,igd
3,0.00277352,41288060,269867,0.0147718,1.00501e-7,ebi-a-GCST006250,rs11709010,A,G,NA, || id:ebi-a-GCST006250,TRUE,reported,igd
3,0.0027493,132264036,269867,-0.0122261,8.71706e-6,ebi-a-GCST006250,rs6767884,C,T,NA, || id:ebi-a-GCST006250,TRUE,reported,igd
3,0.011623,131835637,269867,0.0528845,5.36896e-6,ebi-a-GCST006250,rs12633434,C,A,NA, || id:ebi-a-GCST006250,TRUE,reported,igd
3,0.00340197,108103433,269867,-0.0188537,2.99399e-8,ebi-a-GCST006250,rs3860537,C,T,NA, || id:ebi-a-GCST006250,TRUE,reported,igd
3,0.00742296,125452381,269867,-0.034346,3.70903e-6,ebi-a-GCST006250,rs6788791,A,G,NA, || id:ebi-a-GCST006250,TRUE,reported,igd
3,0.00365151,117512013,269867,-0.0162711,8.337e-6,ebi-a-GCST006250,rs55800289,G,C,NA, || id:ebi-a-GCST006250,TRUE,reported,igd
3,0.00283509,118261582,269867,-0.0138437,1.04299e-6,ebi-a-GCST006250,rs12695370,G,A,NA, || id:ebi-a-GCST006250,TRUE,reported,igd
3,0.00281632,123927014,269867,0.0149828,1.036e-7,ebi-a-GCST006250,rs880000,A,G,NA, || id:ebi-a-GCST006250,TRUE,reported,igd
3,0.00299907,138025136,269867,-0.0149834,5.84602e-7,ebi-a-GCST006250,rs3856636,G,T,NA, || id:ebi-a-GCST006250,TRUE,reported,igd
3,0.00277323,71545170,269867,0.0183255,3.88866e-11,ebi-a-GCST006250,rs11720523,A,C,NA, || id:ebi-a-GCST006250,TRUE,reported,igd
3,0.00337461,44762830,269867,0.0155705,3.95003e-6,ebi-a-GCST006250,rs56084453,G,A,NA, || id:ebi-a-GCST006250,TRUE,reported,igd
3,0.00274765,52563718,269867,0.0193435,1.91779e-12,ebi-a-GCST006250,rs4687625,T,C,NA, || id:ebi-a-GCST006250,TRUE,reported,igd
3,0.00611038,53618357,269867,0.032935,7.05001e-8,ebi-a-GCST006250,rs9311507,C,T,NA, || id:ebi-a-GCST006250,TRUE,reported,igd
3,0.0115888,82370492,269867,0.0575151,6.92899e-7,ebi-a-GCST006250,rs111685353,A,G,NA, || id:ebi-a-GCST006250,TRUE,reported,igd
3,0.00686431,85171415,269867,-0.0449613,5.76103e-11,ebi-a-GCST006250,rs6770622,A,G,NA, || id:ebi-a-GCST006250,TRUE,reported,igd
3,0.0053887,187432196,269867,0.0246156,4.93197e-6,ebi-a-GCST006250,rs55789175,T,C,NA, || id:ebi-a-GCST006250,TRUE,reported,igd
3,0.00273167,56727885,269867,-0.012186,8.16601e-6,ebi-a-GCST006250,rs6445814,G,T,NA, || id:ebi-a-GCST006250,TRUE,reported,igd
3,0.00274202,171286004,269867,0.0125667,4.57604e-6,ebi-a-GCST006250,rs360417,T,C,NA, || id:ebi-a-GCST006250,TRUE,reported,igd
3,0.00311815,9389577,269867,-0.0153943,7.94694e-7,ebi-a-GCST006250,rs2728939,T,G,NA, || id:ebi-a-GCST006250,TRUE,reported,igd
3,0.00275144,49890613,269867,-0.0308409,3.69063e-29,ebi-a-GCST006250,rs2352974,T,C,NA, || id:ebi-a-GCST006250,TRUE,reported,igd
3,0.0156396,28158825,269867,0.0702687,7.02603e-6,ebi-a-GCST006250,rs117870482,T,C,NA, || id:ebi-a-GCST006250,TRUE,reported,igd
3,0.00341813,72357163,269867,-0.0178632,1.734e-7,ebi-a-GCST006250,rs9876321,A,G,NA, || id:ebi-a-GCST006250,TRUE,reported,igd
3,0.00292872,24062661,269867,-0.0248092,2.43893e-17,ebi-a-GCST006250,rs6550835,A,G,NA, || id:ebi-a-GCST006250,TRUE,reported,igd
3,0.00306961,107115124,269867,-0.0154493,4.82303e-7,ebi-a-GCST006250,rs62263292,G,T,NA, || id:ebi-a-GCST006250,TRUE,reported,igd
4,0.00330494,30459034,269867,0.0155101,2.68701e-6,ebi-a-GCST006250,rs73216832,A,C,NA, || id:ebi-a-GCST006250,TRUE,reported,igd
4,0.00316032,16332382,269867,0.0182667,7.45092e-9,ebi-a-GCST006250,rs4484297,C,G,NA, || id:ebi-a-GCST006250,TRUE,reported,igd
4,0.00284142,10704137,269867,0.0149998,1.30101e-7,ebi-a-GCST006250,rs13120565,T,A,NA, || id:ebi-a-GCST006250,TRUE,reported,igd
4,0.00281201,17255650,269867,0.0150246,9.15208e-8,ebi-a-GCST006250,rs584272,T,C,NA, || id:ebi-a-GCST006250,TRUE,reported,igd
4,0.00292118,19068354,269867,-0.0129262,9.64206e-6,ebi-a-GCST006250,rs1840038,T,C,NA, || id:ebi-a-GCST006250,TRUE,reported,igd
4,0.00285062,113603648,269867,0.0149971,1.431e-7,ebi-a-GCST006250,rs28379342,T,A,NA, || id:ebi-a-GCST006250,TRUE,reported,igd
4,0.00309615,174024584,269867,0.0140318,5.84198e-6,ebi-a-GCST006250,rs7666376,T,A,NA, || id:ebi-a-GCST006250,TRUE,reported,igd
4,0.00299498,137524479,269867,-0.0139057,3.43099e-6,ebi-a-GCST006250,rs4304024,A,C,NA, || id:ebi-a-GCST006250,TRUE,reported,igd
4,0.00272861,67970101,269867,0.0197961,4.01698e-13,ebi-a-GCST006250,rs6819372,G,A,NA, || id:ebi-a-GCST006250,TRUE,reported,igd
4,0.0113334,87198420,269867,-0.0605995,8.92606e-8,ebi-a-GCST006250,rs114640136,T,A,NA, || id:ebi-a-GCST006250,TRUE,reported,igd
4,0.00415649,55584433,269867,0.020533,7.80405e-7,ebi-a-GCST006250,rs2237014,G,A,NA, || id:ebi-a-GCST006250,TRUE,reported,igd
4,0.00685184,102702364,269867,-0.0508475,1.15904e-13,ebi-a-GCST006250,rs13105682,G,T,NA, || id:ebi-a-GCST006250,TRUE,reported,igd
4,0.00276704,184783210,269867,-0.0126315,4.98597e-6,ebi-a-GCST006250,rs2309895,G,T,NA, || id:ebi-a-GCST006250,TRUE,reported,igd
4,0.00676294,187715914,269867,-0.0336727,6.39794e-7,ebi-a-GCST006250,rs112684838,C,G,NA, || id:ebi-a-GCST006250,TRUE,reported,igd
4,0.00293041,94579640,269867,-0.0175561,2.09098e-9,ebi-a-GCST006250,rs1972860,A,G,NA, || id:ebi-a-GCST006250,TRUE,reported,igd
4,0.0029663,147769212,269867,0.0165876,2.24802e-8,ebi-a-GCST006250,rs6840804,G,A,NA, || id:ebi-a-GCST006250,TRUE,reported,igd
4,0.00301466,140804901,269867,0.0152391,4.302e-7,ebi-a-GCST006250,rs72712511,C,A,NA, || id:ebi-a-GCST006250,TRUE,reported,igd
4,0.00273414,152592933,269867,-0.0196475,6.64967e-13,ebi-a-GCST006250,rs6535809,G,A,NA, || id:ebi-a-GCST006250,TRUE,reported,igd
4,0.00276595,10945449,269867,-0.0133761,1.32599e-6,ebi-a-GCST006250,rs7660235,A,C,NA, || id:ebi-a-GCST006250,TRUE,reported,igd
4,0.00281827,166255940,269867,-0.0132008,2.81397e-6,ebi-a-GCST006250,rs17488534,A,G,NA, || id:ebi-a-GCST006250,TRUE,reported,igd
4,0.00322946,65785448,269867,0.0178589,3.20701e-8,ebi-a-GCST006250,rs67482514,G,C,NA, || id:ebi-a-GCST006250,TRUE,reported,igd
4,0.0030308,66526092,269867,-0.0136568,6.608e-6,ebi-a-GCST006250,rs75447928,C,G,NA, || id:ebi-a-GCST006250,TRUE,reported,igd
4,0.00285658,106212562,269867,-0.0282801,4.16773e-23,ebi-a-GCST006250,rs2726491,A,G,NA, || id:ebi-a-GCST006250,TRUE,reported,igd
4,0.00642074,153984283,269867,-0.0302674,2.43299e-6,ebi-a-GCST006250,rs7683508,A,G,NA, || id:ebi-a-GCST006250,TRUE,reported,igd
4,0.00293715,57747306,269867,-0.0135021,4.27799e-6,ebi-a-GCST006250,rs9684742,T,C,NA, || id:ebi-a-GCST006250,TRUE,reported,igd
4,0.00332451,102704153,269867,0.01508,5.73205e-6,ebi-a-GCST006250,rs7693147,C,T,NA, || id:ebi-a-GCST006250,TRUE,reported,igd
4,0.00477293,106022992,269867,0.022743,1.88899e-6,ebi-a-GCST006250,rs4141270,T,C,NA, || id:ebi-a-GCST006250,TRUE,reported,igd
4,0.00407304,178753995,269867,-0.0183612,6.55707e-6,ebi-a-GCST006250,rs4690576,C,T,NA, || id:ebi-a-GCST006250,TRUE,reported,igd
4,0.00359389,25408838,269867,0.0289955,7.14825e-16,ebi-a-GCST006250,rs34811474,A,G,NA, || id:ebi-a-GCST006250,TRUE,reported,igd
4,0.0027939,47004037,269867,-0.0139164,6.32805e-7,ebi-a-GCST006250,rs1512144,G,A,NA, || id:ebi-a-GCST006250,TRUE,reported,igd
4,0.00748293,13224467,269867,-0.0330671,9.909e-6,ebi-a-GCST006250,rs75618393,T,C,NA, || id:ebi-a-GCST006250,TRUE,reported,igd
4,0.00381028,17823902,269867,-0.0274836,5.46261e-13,ebi-a-GCST006250,rs11932971,C,T,NA, || id:ebi-a-GCST006250,TRUE,reported,igd
4,0.00276568,94414493,269867,-0.0123322,8.25201e-6,ebi-a-GCST006250,rs7682622,C,A,NA, || id:ebi-a-GCST006250,TRUE,reported,igd
4,0.00421532,696848,269867,0.0251275,2.50501e-9,ebi-a-GCST006250,rs12646225,T,C,NA, || id:ebi-a-GCST006250,TRUE,reported,igd
4,0.0029797,30742760,269867,0.0141387,2.082e-6,ebi-a-GCST006250,rs2166718,C,A,NA, || id:ebi-a-GCST006250,TRUE,reported,igd
4,0.00275336,2717690,269867,-0.016399,2.59102e-9,ebi-a-GCST006250,rs2295499,T,C,NA, || id:ebi-a-GCST006250,TRUE,reported,igd
4,0.00279309,66203460,269867,-0.0124265,8.62402e-6,ebi-a-GCST006250,rs7666078,A,G,NA, || id:ebi-a-GCST006250,TRUE,reported,igd
4,0.00407071,159923262,269867,-0.0185462,5.22096e-6,ebi-a-GCST006250,rs62337374,T,C,NA, || id:ebi-a-GCST006250,TRUE,reported,igd
4,0.00328995,98092307,269867,0.018552,1.711e-8,ebi-a-GCST006250,rs4459994,A,C,NA, || id:ebi-a-GCST006250,TRUE,reported,igd
4,0.00345705,32697693,269867,0.0173233,5.427e-7,ebi-a-GCST006250,rs4626253,G,C,NA, || id:ebi-a-GCST006250,TRUE,reported,igd
5,0.00297103,107051942,269867,0.0158297,9.94191e-8,ebi-a-GCST006250,rs154167,G,A,NA, || id:ebi-a-GCST006250,TRUE,reported,igd
5,0.00366646,107173193,269867,-0.0165871,6.07393e-6,ebi-a-GCST006250,rs12189452,A,G,NA, || id:ebi-a-GCST006250,TRUE,reported,igd
5,0.00274637,96271638,269867,-0.0149595,5.11199e-8,ebi-a-GCST006250,rs2617434,G,A,NA, || id:ebi-a-GCST006250,TRUE,reported,igd
5,0.0029268,27851009,269867,0.0148067,4.22503e-7,ebi-a-GCST006250,rs7445309,A,G,NA, || id:ebi-a-GCST006250,TRUE,reported,igd
5,0.00312818,30661573,269867,-0.015131,1.31999e-6,ebi-a-GCST006250,rs9292394,T,G,NA, || id:ebi-a-GCST006250,TRUE,reported,igd
5,0.00286634,57654888,269867,-0.0142514,6.61196e-7,ebi-a-GCST006250,rs27603,A,G,NA, || id:ebi-a-GCST006250,TRUE,reported,igd
5,0.00353974,59597487,269867,-0.019819,2.16098e-8,ebi-a-GCST006250,rs34426618,T,C,NA, || id:ebi-a-GCST006250,TRUE,reported,igd
5,0.0027878,60960727,269867,-0.0159685,1.017e-8,ebi-a-GCST006250,rs36033,C,T,NA, || id:ebi-a-GCST006250,TRUE,reported,igd
5,0.00279897,176899546,269867,-0.0188286,1.73101e-11,ebi-a-GCST006250,rs2450333,A,G,NA, || id:ebi-a-GCST006250,TRUE,reported,igd
5,0.00737511,178739016,269867,-0.033365,6.071e-6,ebi-a-GCST006250,rs878933,A,G,NA, || id:ebi-a-GCST006250,TRUE,reported,igd
5,0.00866085,154149065,269867,-0.0416414,1.52398e-6,ebi-a-GCST006250,rs78924036,A,G,NA, || id:ebi-a-GCST006250,TRUE,reported,igd
5,0.00325687,7519298,269867,-0.0183752,1.67699e-8,ebi-a-GCST006250,rs17826816,G,A,NA, || id:ebi-a-GCST006250,TRUE,reported,igd
5,0.00309238,163264803,269867,-0.014061,5.44102e-6,ebi-a-GCST006250,rs10073369,T,C,NA, || id:ebi-a-GCST006250,TRUE,reported,igd
5,0.0041702,57077482,269867,-0.0200003,1.61801e-6,ebi-a-GCST006250,rs66639127,A,G,NA, || id:ebi-a-GCST006250,TRUE,reported,igd
5,0.00305546,66504863,269867,-0.0164109,7.82907e-8,ebi-a-GCST006250,rs7733127,A,G,NA, || id:ebi-a-GCST006250,TRUE,reported,igd
5,0.00287437,109058594,269867,-0.0158464,3.52103e-8,ebi-a-GCST006250,rs1438660,T,A,NA, || id:ebi-a-GCST006250,TRUE,reported,igd
5,0.00286372,81612479,269867,-0.0141811,7.33297e-7,ebi-a-GCST006250,rs658912,A,G,NA, || id:ebi-a-GCST006250,TRUE,reported,igd
5,0.00411777,91289343,269867,0.020943,3.64998e-7,ebi-a-GCST006250,rs16870324,T,C,NA, || id:ebi-a-GCST006250,TRUE,reported,igd
5,0.00553415,141082015,269867,-0.02673,1.36301e-6,ebi-a-GCST006250,rs62379379,T,G,NA, || id:ebi-a-GCST006250,TRUE,reported,igd
5,0.00335612,166827565,269867,-0.0160557,1.71799e-6,ebi-a-GCST006250,rs34731725,A,G,NA, || id:ebi-a-GCST006250,TRUE,reported,igd
5,0.00416519,166105749,269867,0.0207218,6.53206e-7,ebi-a-GCST006250,rs72822056,T,G,NA, || id:ebi-a-GCST006250,TRUE,reported,igd
5,0.00274358,107779242,269867,0.0153065,2.426e-8,ebi-a-GCST006250,rs12187824,A,C,NA, || id:ebi-a-GCST006250,TRUE,reported,igd
5,0.00494639,113022128,269867,-0.0247023,5.89997e-7,ebi-a-GCST006250,rs6874379,A,G,NA, || id:ebi-a-GCST006250,TRUE,reported,igd
5,0.00446536,26880925,269867,-0.0256356,9.41694e-9,ebi-a-GCST006250,rs75973558,G,A,NA, || id:ebi-a-GCST006250,TRUE,reported,igd
5,0.00283602,60823170,269867,-0.013604400000000001,1.60801e-6,ebi-a-GCST006250,rs13179617,T,G,NA, || id:ebi-a-GCST006250,TRUE,reported,igd
5,0.00356486,12363444,269867,0.016074,6.50999e-6,ebi-a-GCST006250,rs2191011,C,T,NA, || id:ebi-a-GCST006250,TRUE,reported,igd
5,0.00333943,91795882,269867,-0.0172114,2.556e-7,ebi-a-GCST006250,rs10036741,A,G,NA, || id:ebi-a-GCST006250,TRUE,reported,igd
5,0.00285315,92468867,269867,-0.0183657,1.217e-10,ebi-a-GCST006250,rs4308464,C,G,NA, || id:ebi-a-GCST006250,TRUE,reported,igd
5,0.002772,171143166,269867,0.0147055,1.126e-7,ebi-a-GCST006250,rs171718,G,A,NA, || id:ebi-a-GCST006250,TRUE,reported,igd
5,0.00347615,169239708,269867,0.0202625,5.56904e-9,ebi-a-GCST006250,rs6860963,T,C,NA, || id:ebi-a-GCST006250,TRUE,reported,igd
5,0.00276743,88015545,269867,-0.021048999999999998,2.81773e-14,ebi-a-GCST006250,rs34316,C,A,NA, || id:ebi-a-GCST006250,TRUE,reported,igd
5,0.00299327,103166843,269867,0.0148077,7.53894e-7,ebi-a-GCST006250,rs2059069,G,A,NA, || id:ebi-a-GCST006250,TRUE,reported,igd
5,0.00277156,111026598,269867,-0.0205566,1.19812e-13,ebi-a-GCST006250,rs1145123,C,T,NA, || id:ebi-a-GCST006250,TRUE,reported,igd
5,0.0035292,2904611,269867,-0.0159944,5.83499e-6,ebi-a-GCST006250,rs2974646,C,T,NA, || id:ebi-a-GCST006250,TRUE,reported,igd
5,0.00353394,124336420,269867,-0.0175036,7.30903e-7,ebi-a-GCST006250,rs79790188,C,G,NA, || id:ebi-a-GCST006250,TRUE,reported,igd
5,0.00400904,11504926,269867,0.018181,5.75599e-6,ebi-a-GCST006250,rs62337555,T,C,NA, || id:ebi-a-GCST006250,TRUE,reported,igd
5,0.00288268,13100175,269867,0.0163419,1.43999e-8,ebi-a-GCST006250,rs1840847,A,G,NA, || id:ebi-a-GCST006250,TRUE,reported,igd
5,0.00298303,55570079,269867,-0.0140561,2.45799e-6,ebi-a-GCST006250,rs32507,A,G,NA, || id:ebi-a-GCST006250,TRUE,reported,igd
5,0.00359918,89353210,269867,0.0243341,1.36899e-11,ebi-a-GCST006250,rs166820,A,G,NA, || id:ebi-a-GCST006250,TRUE,reported,igd
5,0.00306471,101103000,269867,-0.0159273,2.024e-7,ebi-a-GCST006250,rs1842133,G,A,NA, || id:ebi-a-GCST006250,TRUE,reported,igd
5,0.00725166,102682145,269867,0.0417116,8.83894e-9,ebi-a-GCST006250,rs76160968,G,A,NA, || id:ebi-a-GCST006250,TRUE,reported,igd
5,0.0030082,104094626,269867,0.0136933,5.31594e-6,ebi-a-GCST006250,rs324342,C,T,NA, || id:ebi-a-GCST006250,TRUE,reported,igd
5,0.00997605,119270207,269867,0.0467677,2.75499e-6,ebi-a-GCST006250,rs112264141,G,C,NA, || id:ebi-a-GCST006250,TRUE,reported,igd
5,0.0027667,62991802,269867,-0.0173389,3.68104e-10,ebi-a-GCST006250,rs1812587,T,G,NA, || id:ebi-a-GCST006250,TRUE,reported,igd
5,0.00737776,64020316,269867,-0.0453806,7.68599e-10,ebi-a-GCST006250,rs80170948,G,T,NA, || id:ebi-a-GCST006250,TRUE,reported,igd
5,0.00656115,163773703,269867,-0.03047,3.42302e-6,ebi-a-GCST006250,rs72816293,G,C,NA, || id:ebi-a-GCST006250,TRUE,reported,igd
5,0.00305393,165498279,269867,-0.018177,2.646e-9,ebi-a-GCST006250,rs31768,T,A,NA, || id:ebi-a-GCST006250,TRUE,reported,igd
5,0.00297473,113941714,269867,-0.0164324,3.31803e-8,ebi-a-GCST006250,rs405321,A,G,NA, || id:ebi-a-GCST006250,TRUE,reported,igd
5,0.00273223,139545748,269867,0.0190655,3.004e-12,ebi-a-GCST006250,rs4463213,A,G,NA, || id:ebi-a-GCST006250,TRUE,reported,igd
5,0.00282085,65989593,269867,0.014423,3.176e-7,ebi-a-GCST006250,rs67010753,T,G,NA, || id:ebi-a-GCST006250,TRUE,reported,igd
6,0.00291469,94500169,269867,0.0135387,3.395e-6,ebi-a-GCST006250,rs1537834,T,G,NA, || id:ebi-a-GCST006250,TRUE,reported,igd
6,0.00371603,71492564,269867,-0.0165624,8.323e-6,ebi-a-GCST006250,rs68097508,T,C,NA, || id:ebi-a-GCST006250,TRUE,reported,igd
6,0.00283384,125020730,269867,-0.0130045,4.46396e-6,ebi-a-GCST006250,rs9491213,C,A,NA, || id:ebi-a-GCST006250,TRUE,reported,igd
6,0.0052549,19748726,269867,-0.0245772,2.90998e-6,ebi-a-GCST006250,rs4141748,G,C,NA, || id:ebi-a-GCST006250,TRUE,reported,igd
6,0.00390252,28712247,269867,0.0237975,1.075e-9,ebi-a-GCST006250,rs1233578,G,A,NA, || id:ebi-a-GCST006250,TRUE,reported,igd
6,0.00293387,112971395,269867,-0.0134049,4.89497e-6,ebi-a-GCST006250,rs9398320,G,T,NA, || id:ebi-a-GCST006250,TRUE,reported,igd
6,0.00303125,23446691,269867,-0.0134163,9.58694e-6,ebi-a-GCST006250,rs767943,A,C,NA, || id:ebi-a-GCST006250,TRUE,reported,igd
6,0.00324178,127025661,269867,-0.0183679,1.464e-8,ebi-a-GCST006250,rs13212044,T,G,NA, || id:ebi-a-GCST006250,TRUE,reported,igd
6,0.00369972,96729867,269867,-0.0163527,9.88189e-6,ebi-a-GCST006250,rs9377629,G,A,NA, || id:ebi-a-GCST006250,TRUE,reported,igd
6,0.00278348,108864419,269867,-0.0267241,7.93597e-22,ebi-a-GCST006250,rs9384679,T,C,NA, || id:ebi-a-GCST006250,TRUE,reported,igd
6,0.00289652,155619023,269867,0.0152415,1.42498e-7,ebi-a-GCST006250,rs162971,T,A,NA, || id:ebi-a-GCST006250,TRUE,reported,igd
6,0.00309343,155954684,269867,-0.0144247,3.11e-6,ebi-a-GCST006250,rs4869865,G,A,NA, || id:ebi-a-GCST006250,TRUE,reported,igd
6,0.00354412,156448222,269867,-0.0160194,6.19199e-6,ebi-a-GCST006250,rs55698164,C,G,NA, || id:ebi-a-GCST006250,TRUE,reported,igd
6,0.00623209,148555894,269867,0.027926,7.42301e-6,ebi-a-GCST006250,rs142192222,T,C,NA, || id:ebi-a-GCST006250,TRUE,reported,igd
6,0.00424488,40301379,269867,-0.0226591,9.40308e-8,ebi-a-GCST006250,rs12207208,C,T,NA, || id:ebi-a-GCST006250,TRUE,reported,igd
6,0.0027484,33283766,269867,-0.0139976,3.51803e-7,ebi-a-GCST006250,rs3130100,C,T,NA, || id:ebi-a-GCST006250,TRUE,reported,igd
6,0.00346713,92208995,269867,-0.0157754,5.365e-6,ebi-a-GCST006250,rs9359945,G,A,NA, || id:ebi-a-GCST006250,TRUE,reported,igd
6,0.00354007,95017582,269867,-0.0172295,1.13399e-6,ebi-a-GCST006250,rs390045,T,C,NA, || id:ebi-a-GCST006250,TRUE,reported,igd
6,0.00540341,50705179,269867,0.027914,2.38902e-7,ebi-a-GCST006250,rs76092382,C,T,NA, || id:ebi-a-GCST006250,TRUE,reported,igd
6,0.00272891,76536333,269867,-0.0149926,3.91904e-8,ebi-a-GCST006250,rs1280049,C,A,NA, || id:ebi-a-GCST006250,TRUE,reported,igd
6,0.0027415,98550289,269867,0.0316616,7.47653e-31,ebi-a-GCST006250,rs1906252,A,C,NA, || id:ebi-a-GCST006250,TRUE,reported,igd
6,0.00293148,4413976,269867,0.0136578,3.17402e-6,ebi-a-GCST006250,rs4959288,T,C,NA, || id:ebi-a-GCST006250,TRUE,reported,igd
6,0.00495672,29514923,269867,-0.0222012,7.51104e-6,ebi-a-GCST006250,rs41317798,A,G,NA, || id:ebi-a-GCST006250,TRUE,reported,igd
6,0.00290867,24181831,269867,-0.0139413,1.64199e-6,ebi-a-GCST006250,rs10806984,C,A,NA, || id:ebi-a-GCST006250,TRUE,reported,igd
6,0.00274682,13980995,269867,0.0139786,3.59998e-7,ebi-a-GCST006250,rs280165,T,C,NA, || id:ebi-a-GCST006250,TRUE,reported,igd
6,0.00514046,30147689,269867,-0.0261804,3.51803e-7,ebi-a-GCST006250,rs28743267,G,T,NA, || id:ebi-a-GCST006250,TRUE,reported,igd
6,0.00322254,16963124,269867,0.0172019,9.41391e-8,ebi-a-GCST006250,rs721502,T,G,NA, || id:ebi-a-GCST006250,TRUE,reported,igd
6,0.002933,13775907,269867,-0.0161491,3.67401e-8,ebi-a-GCST006250,rs6459098,T,C,NA, || id:ebi-a-GCST006250,TRUE,reported,igd
6,0.00297505,21956404,269867,-0.017758,2.38699e-9,ebi-a-GCST006250,rs6903716,G,A,NA, || id:ebi-a-GCST006250,TRUE,reported,igd
6,0.0029354,11543342,269867,0.0187161,1.81698e-10,ebi-a-GCST006250,rs566237,G,A,NA, || id:ebi-a-GCST006250,TRUE,reported,igd
6,0.00292934,99284532,269867,0.0189851,9.11381e-11,ebi-a-GCST006250,rs3823036,C,T,NA, || id:ebi-a-GCST006250,TRUE,reported,igd
6,0.00279378,135947310,269867,0.0134129,1.58001e-6,ebi-a-GCST006250,rs4370385,T,C,NA, || id:ebi-a-GCST006250,TRUE,reported,igd
6,0.0030918,98366735,269867,-0.0170296,3.62903e-8,ebi-a-GCST006250,rs12190777,G,A,NA, || id:ebi-a-GCST006250,TRUE,reported,igd
6,0.00280473,79823541,269867,-0.0145481,2.13998e-7,ebi-a-GCST006250,rs10943616,A,G,NA, || id:ebi-a-GCST006250,TRUE,reported,igd
6,0.0124299,105670516,269867,-0.0557481,7.30601e-6,ebi-a-GCST006250,rs115596157,C,A,NA, || id:ebi-a-GCST006250,TRUE,reported,igd
6,0.00554925,157447260,269867,-0.0267918,1.378e-6,ebi-a-GCST006250,rs12529385,A,G,NA, || id:ebi-a-GCST006250,TRUE,reported,igd
6,0.00485692,160581911,269867,0.0230752,2.02698e-6,ebi-a-GCST006250,rs6455682,A,G,NA, || id:ebi-a-GCST006250,TRUE,reported,igd
6,0.00307475,157143339,269867,0.0188666,8.46896e-10,ebi-a-GCST006250,rs287879,G,A,NA, || id:ebi-a-GCST006250,TRUE,reported,igd
6,0.00278496,3451048,269867,0.0171108,8.04693e-10,ebi-a-GCST006250,rs9503599,C,T,NA, || id:ebi-a-GCST006250,TRUE,reported,igd
6,0.00287715,16348869,269867,-0.0143454,6.17305e-7,ebi-a-GCST006250,rs179984,T,C,NA, || id:ebi-a-GCST006250,TRUE,reported,igd
6,0.00366139,20736237,269867,0.0175417,1.662e-6,ebi-a-GCST006250,rs9358361,A,C,NA, || id:ebi-a-GCST006250,TRUE,reported,igd
6,0.00272618,26499903,269867,-0.0138735,3.60296e-7,ebi-a-GCST006250,rs6926629,C,T,NA, || id:ebi-a-GCST006250,TRUE,reported,igd
6,0.00687562,68153211,269867,0.0333055,1.27101e-6,ebi-a-GCST006250,rs75817861,G,T,NA, || id:ebi-a-GCST006250,TRUE,reported,igd
6,0.00313207,114705017,269867,0.0165749,1.21199e-7,ebi-a-GCST006250,rs2205736,C,G,NA, || id:ebi-a-GCST006250,TRUE,reported,igd
6,0.00533617,43205361,269867,0.0246051,4.01504e-6,ebi-a-GCST006250,rs78652437,A,T,NA, || id:ebi-a-GCST006250,TRUE,reported,igd
7,0.00294093,154739231,269867,-0.015184,2.434e-7,ebi-a-GCST006250,rs2293259,A,G,NA, || id:ebi-a-GCST006250,TRUE,reported,igd
7,0.00323064,107074515,269867,-0.0146865,5.46802e-6,ebi-a-GCST006250,rs12154818,C,G,NA, || id:ebi-a-GCST006250,TRUE,reported,igd
7,0.00297458,127688150,269867,0.0217412,2.6872e-13,ebi-a-GCST006250,rs4731392,G,A,NA, || id:ebi-a-GCST006250,TRUE,reported,igd
7,0.00278936,135162897,269867,0.0132383,2.07401e-6,ebi-a-GCST006250,rs2551763,T,C,NA, || id:ebi-a-GCST006250,TRUE,reported,igd
7,0.00343332,88814024,269867,0.0166276,1.276e-6,ebi-a-GCST006250,rs7799723,C,T,NA, || id:ebi-a-GCST006250,TRUE,reported,igd
7,0.00426172,13903105,269867,0.0196423,4.04902e-6,ebi-a-GCST006250,rs252001,G,A,NA, || id:ebi-a-GCST006250,TRUE,reported,igd
7,0.00285616,157536448,269867,-0.0155518,5.16702e-8,ebi-a-GCST006250,rs1009950,T,G,NA, || id:ebi-a-GCST006250,TRUE,reported,igd
7,0.00292042,11907220,269867,0.013688,2.77198e-6,ebi-a-GCST006250,rs2883598,A,G,NA, || id:ebi-a-GCST006250,TRUE,reported,igd
7,0.00328056,5812664,269867,0.0158385,1.38201e-6,ebi-a-GCST006250,rs7807220,A,G,NA, || id:ebi-a-GCST006250,TRUE,reported,igd
7,0.00314435,68817104,269867,-0.0156337,6.64095e-7,ebi-a-GCST006250,rs4412263,A,T,NA, || id:ebi-a-GCST006250,TRUE,reported,igd
7,0.00305839,122917601,269867,0.0145518,1.957e-6,ebi-a-GCST006250,rs62483531,A,G,NA, || id:ebi-a-GCST006250,TRUE,reported,igd
7,0.00308162,115725211,269867,0.0149612,1.20401e-6,ebi-a-GCST006250,rs34478917,A,G,NA, || id:ebi-a-GCST006250,TRUE,reported,igd
7,0.00281402,24177191,269867,-0.0160962,1.065e-8,ebi-a-GCST006250,rs115064,C,T,NA, || id:ebi-a-GCST006250,TRUE,reported,igd
7,0.00345687,21467190,269867,0.0176957,3.079e-7,ebi-a-GCST006250,rs39302,C,T,NA, || id:ebi-a-GCST006250,TRUE,reported,igd
7,0.00287639,32493169,269867,-0.0162574,1.58599e-8,ebi-a-GCST006250,rs1580019,T,A,NA, || id:ebi-a-GCST006250,TRUE,reported,igd
7,0.00481528,5364041,269867,-0.023513,1.04501e-6,ebi-a-GCST006250,rs1056173,A,G,NA, || id:ebi-a-GCST006250,TRUE,reported,igd
7,0.00345132,14092396,269867,0.0166319,1.44401e-6,ebi-a-GCST006250,rs6461060,C,T,NA, || id:ebi-a-GCST006250,TRUE,reported,igd
7,0.00277999,126969198,269867,-0.0154456,2.76198e-8,ebi-a-GCST006250,rs2402857,G,A,NA, || id:ebi-a-GCST006250,TRUE,reported,igd
7,0.00273365,133430934,269867,0.0209452,1.82516e-14,ebi-a-GCST006250,rs1362739,A,C,NA, || id:ebi-a-GCST006250,TRUE,reported,igd
7,0.00427197,38745241,269867,-0.0204927,1.61102e-6,ebi-a-GCST006250,rs10951572,G,C,NA, || id:ebi-a-GCST006250,TRUE,reported,igd
7,0.00331729,39245565,269867,-0.017376,1.62002e-7,ebi-a-GCST006250,rs7778249,C,G,NA, || id:ebi-a-GCST006250,TRUE,reported,igd
7,0.00274706,71759069,269867,-0.0219682,1.27497e-15,ebi-a-GCST006250,rs56150095,A,C,NA, || id:ebi-a-GCST006250,TRUE,reported,igd
7,0.00273245,110840236,269867,-0.012919,2.26699e-6,ebi-a-GCST006250,rs214454,A,G,NA, || id:ebi-a-GCST006250,TRUE,reported,igd
7,0.00290312,86285652,269867,0.0142543,9.12998e-7,ebi-a-GCST006250,rs802435,C,G,NA, || id:ebi-a-GCST006250,TRUE,reported,igd
7,0.0113173,36126636,269867,0.0509165,6.83597e-6,ebi-a-GCST006250,rs61675108,T,C,NA, || id:ebi-a-GCST006250,TRUE,reported,igd
7,0.00275921,44769190,269867,-0.018415,2.48085e-11,ebi-a-GCST006250,rs799444,C,T,NA, || id:ebi-a-GCST006250,TRUE,reported,igd
7,0.00354514,126456174,269867,0.0167756,2.225e-6,ebi-a-GCST006250,rs13238529,A,T,NA, || id:ebi-a-GCST006250,TRUE,reported,igd
7,0.00310924,148478720,269867,-0.0151296,1.137e-6,ebi-a-GCST006250,rs10216219,C,T,NA, || id:ebi-a-GCST006250,TRUE,reported,igd
7,0.00286764,132804434,269867,-0.0146307,3.359e-7,ebi-a-GCST006250,rs12707083,C,A,NA, || id:ebi-a-GCST006250,TRUE,reported,igd
7,0.00280507,135980895,269867,0.0144265,2.70601e-7,ebi-a-GCST006250,rs12674425,G,A,NA, || id:ebi-a-GCST006250,TRUE,reported,igd
7,0.00295299,105063372,269867,0.0182259,6.73194e-10,ebi-a-GCST006250,rs12535854,G,C,NA, || id:ebi-a-GCST006250,TRUE,reported,igd
7,0.0031225100000000002,128410012,269867,0.0189567,1.269e-9,ebi-a-GCST006250,rs1043595,A,G,NA, || id:ebi-a-GCST006250,TRUE,reported,igd
7,0.00287616,150209733,269867,-0.0127241,9.69706e-6,ebi-a-GCST006250,rs111350935,C,G,NA, || id:ebi-a-GCST006250,TRUE,reported,igd
7,0.00282173,110028305,269867,-0.0148649,1.38e-7,ebi-a-GCST006250,rs4140832,A,G,NA, || id:ebi-a-GCST006250,TRUE,reported,igd
7,0.00355174,50799263,269867,0.0185294,1.81401e-7,ebi-a-GCST006250,rs10280509,A,G,NA, || id:ebi-a-GCST006250,TRUE,reported,igd
7,0.0131399,86468254,269867,0.0618101,2.552e-6,ebi-a-GCST006250,rs17161026,A,G,NA, || id:ebi-a-GCST006250,TRUE,reported,igd
7,0.00402182,70088656,269867,-0.0185768,3.85896e-6,ebi-a-GCST006250,rs10486866,T,C,NA, || id:ebi-a-GCST006250,TRUE,reported,igd
7,0.00302476,54743038,269867,0.0149968,7.11803e-7,ebi-a-GCST006250,rs7805167,T,C,NA, || id:ebi-a-GCST006250,TRUE,reported,igd
7,0.00278394,69948241,269867,-0.0176446,2.33502e-10,ebi-a-GCST006250,rs13223152,G,A,NA, || id:ebi-a-GCST006250,TRUE,reported,igd
7,0.00356881,78105973,269867,-0.0158776,8.63694e-6,ebi-a-GCST006250,rs10241491,C,T,NA, || id:ebi-a-GCST006250,TRUE,reported,igd
7,0.00273613,8109522,269867,0.0165317,1.51799e-9,ebi-a-GCST006250,rs4725065,G,A,NA, || id:ebi-a-GCST006250,TRUE,reported,igd
7,0.00274527,12418964,269867,0.0123153,7.26892e-6,ebi-a-GCST006250,rs10270931,C,T,NA, || id:ebi-a-GCST006250,TRUE,reported,igd
7,0.00292235,149157997,269867,0.0148806,3.535e-7,ebi-a-GCST006250,rs2293345,C,T,NA, || id:ebi-a-GCST006250,TRUE,reported,igd
8,0.00397987,71101719,269867,-0.0182119,4.735e-6,ebi-a-GCST006250,rs3812429,C,T,NA, || id:ebi-a-GCST006250,TRUE,reported,igd
8,0.00275862,82694471,269867,-0.0129076,2.88297e-6,ebi-a-GCST006250,rs5017449,C,A,NA, || id:ebi-a-GCST006250,TRUE,reported,igd
8,0.00466684,1244224,269867,0.0212575,5.25001e-6,ebi-a-GCST006250,rs17669535,G,C,NA, || id:ebi-a-GCST006250,TRUE,reported,igd
8,0.00289891,142619234,269867,-0.0177529,9.11507e-10,ebi-a-GCST006250,rs1106761,A,G,NA, || id:ebi-a-GCST006250,TRUE,reported,igd
8,0.0027292,143102739,269867,0.014623,8.43393e-8,ebi-a-GCST006250,rs10094207,T,C,NA, || id:ebi-a-GCST006250,TRUE,reported,igd
8,0.00273377,145744429,269867,-0.0162331,2.88702e-9,ebi-a-GCST006250,rs2721173,T,C,NA, || id:ebi-a-GCST006250,TRUE,reported,igd
8,0.00297505,141652408,269867,-0.013828,3.35297e-6,ebi-a-GCST006250,rs11994438,A,G,NA, || id:ebi-a-GCST006250,TRUE,reported,igd
8,0.00277742,143311653,269867,0.0173172,4.52804e-10,ebi-a-GCST006250,rs4976976,A,G,NA, || id:ebi-a-GCST006250,TRUE,reported,igd
8,0.00276179,31019597,269867,-0.0163774,3.03802e-9,ebi-a-GCST006250,rs10954779,T,C,NA, || id:ebi-a-GCST006250,TRUE,reported,igd
8,0.00272504,87529297,269867,0.0128486,2.41301e-6,ebi-a-GCST006250,rs11781016,C,A,NA, || id:ebi-a-GCST006250,TRUE,reported,igd
8,0.00306775,76573711,269867,-0.0153602,5.53401e-7,ebi-a-GCST006250,rs2922763,T,G,NA, || id:ebi-a-GCST006250,TRUE,reported,igd
8,0.00297291,92828515,269867,-0.0142819,1.55801e-6,ebi-a-GCST006250,rs9785156,A,G,NA, || id:ebi-a-GCST006250,TRUE,reported,igd
8,0.00462899,145168824,269867,0.0224923,1.17999e-6,ebi-a-GCST006250,rs7836836,C,T,NA, || id:ebi-a-GCST006250,TRUE,reported,igd
8,0.00341823,115903323,269867,0.0157786,3.91498e-6,ebi-a-GCST006250,rs2357836,C,T,NA, || id:ebi-a-GCST006250,TRUE,reported,igd
8,0.00275466,66440593,269867,0.0150707,4.47796e-8,ebi-a-GCST006250,rs13276212,T,G,NA, || id:ebi-a-GCST006250,TRUE,reported,igd
8,0.00274673,35051793,269867,0.0136457,6.74792e-7,ebi-a-GCST006250,rs13255011,T,C,NA, || id:ebi-a-GCST006250,TRUE,reported,igd
8,0.00329144,33883697,269867,0.0167798,3.434e-7,ebi-a-GCST006250,rs4637823,C,A,NA, || id:ebi-a-GCST006250,TRUE,reported,igd
8,0.00275499,84490118,269867,0.0137254,6.29593e-7,ebi-a-GCST006250,rs34531385,G,A,NA, || id:ebi-a-GCST006250,TRUE,reported,igd
8,0.00436886,71352047,269867,0.0232729,9.96506e-8,ebi-a-GCST006250,rs13259607,T,C,NA, || id:ebi-a-GCST006250,TRUE,reported,igd
8,0.00297824,20915316,269867,0.0180869,1.25199e-9,ebi-a-GCST006250,rs1473634,G,A,NA, || id:ebi-a-GCST006250,TRUE,reported,igd
8,0.00274814,14002020,269867,0.0201329,2.37192e-13,ebi-a-GCST006250,rs13253386,G,T,NA, || id:ebi-a-GCST006250,TRUE,reported,igd
8,0.00274035,132027897,269867,-0.012274,7.50793e-6,ebi-a-GCST006250,rs4736734,A,G,NA, || id:ebi-a-GCST006250,TRUE,reported,igd
8,0.00276135,85238434,269867,-0.0145744,1.30801e-7,ebi-a-GCST006250,rs67589009,G,A,NA, || id:ebi-a-GCST006250,TRUE,reported,igd
8,0.00275536,118903024,269867,-0.0142755,2.20298e-7,ebi-a-GCST006250,rs9692869,C,T,NA, || id:ebi-a-GCST006250,TRUE,reported,igd
8,0.00325171,93180965,269867,0.0247422,2.75931e-14,ebi-a-GCST006250,rs2920940,C,T,NA, || id:ebi-a-GCST006250,TRUE,reported,igd
8,0.00382983,1366756,269867,0.0171729,7.322e-6,ebi-a-GCST006250,rs28499013,G,C,NA, || id:ebi-a-GCST006250,TRUE,reported,igd
8,0.00275296,104561723,269867,-0.0154909,1.83299e-8,ebi-a-GCST006250,rs2111490,G,A,NA, || id:ebi-a-GCST006250,TRUE,reported,igd
9,0.00273669,16003441,269867,0.0126271,3.95103e-6,ebi-a-GCST006250,rs3008731,A,G,NA, || id:ebi-a-GCST006250,TRUE,reported,igd
9,0.00300978,3960181,269867,-0.0145704,1.29399e-6,ebi-a-GCST006250,rs619211,T,G,NA, || id:ebi-a-GCST006250,TRUE,reported,igd
9,0.00434943,140251458,269867,-0.0223648,2.72101e-7,ebi-a-GCST006250,rs73581580,A,G,NA, || id:ebi-a-GCST006250,TRUE,reported,igd
9,0.00315504,103044452,269867,-0.01457,3.87302e-6,ebi-a-GCST006250,rs875522,A,C,NA, || id:ebi-a-GCST006250,TRUE,reported,igd
9,0.00312274,134710601,269867,0.0178028,1.19201e-8,ebi-a-GCST006250,rs2987390,G,C,NA, || id:ebi-a-GCST006250,TRUE,reported,igd
9,0.00378291,26579586,269867,-0.017617,3.21299e-6,ebi-a-GCST006250,rs927890,G,T,NA, || id:ebi-a-GCST006250,TRUE,reported,igd
9,0.00274396,34975508,269867,-0.0129597,2.323e-6,ebi-a-GCST006250,rs11789226,C,T,NA, || id:ebi-a-GCST006250,TRUE,reported,igd
9,0.00518173,4235894,269867,-0.0263387,3.71304e-7,ebi-a-GCST006250,rs72691856,T,G,NA, || id:ebi-a-GCST006250,TRUE,reported,igd
9,0.00296961,23688821,269867,-0.0140374,2.273e-6,ebi-a-GCST006250,rs7341738,G,A,NA, || id:ebi-a-GCST006250,TRUE,reported,igd
9,0.00291171,96301243,269867,0.0149808,2.66999e-7,ebi-a-GCST006250,rs34883241,A,G,NA, || id:ebi-a-GCST006250,TRUE,reported,igd
9,0.00334799,83213273,269867,-0.0149923,7.52697e-6,ebi-a-GCST006250,rs12001857,T,C,NA, || id:ebi-a-GCST006250,TRUE,reported,igd
9,0.00328203,122394119,269867,0.0152089,3.57998e-6,ebi-a-GCST006250,rs17580614,G,A,NA, || id:ebi-a-GCST006250,TRUE,reported,igd
9,0.00284082,7071059,269867,-0.0133291,2.70302e-6,ebi-a-GCST006250,rs960658,G,A,NA, || id:ebi-a-GCST006250,TRUE,reported,igd
9,0.00294867,134926155,269867,0.0149793,3.78303e-7,ebi-a-GCST006250,rs9411434,A,C,NA, || id:ebi-a-GCST006250,TRUE,reported,igd
9,0.00276394,111815340,269867,0.0145936,1.29e-7,ebi-a-GCST006250,rs1003346,A,C,NA, || id:ebi-a-GCST006250,TRUE,reported,igd
9,0.00490895,115641181,269867,-0.0227432,3.60703e-6,ebi-a-GCST006250,rs4979176,A,G,NA, || id:ebi-a-GCST006250,TRUE,reported,igd
9,0.00279518,122665591,269867,-0.0137299,9.01696e-7,ebi-a-GCST006250,rs1360694,A,C,NA, || id:ebi-a-GCST006250,TRUE,reported,igd
9,0.00288945,98216876,269867,0.0163543,1.51098e-8,ebi-a-GCST006250,rs28620532,G,A,NA, || id:ebi-a-GCST006250,TRUE,reported,igd
9,0.00273369,72103314,269867,0.013324,1.09499e-6,ebi-a-GCST006250,rs11138902,A,G,NA, || id:ebi-a-GCST006250,TRUE,reported,igd
9,0.00275401,92215638,269867,-0.0142465,2.30202e-7,ebi-a-GCST006250,rs1571536,C,T,NA, || id:ebi-a-GCST006250,TRUE,reported,igd
9,0.0140089,128300840,269867,-0.0621715,9.09097e-6,ebi-a-GCST006250,rs143515186,C,A,NA, || id:ebi-a-GCST006250,TRUE,reported,igd
9,0.00280441,23362311,269867,0.0278338,3.25162e-23,ebi-a-GCST006250,rs11793831,T,G,NA, || id:ebi-a-GCST006250,TRUE,reported,igd
9,0.00312826,102130554,269867,0.0142617,5.15205e-6,ebi-a-GCST006250,rs16918536,T,G,NA, || id:ebi-a-GCST006250,TRUE,reported,igd
9,0.00298363,120241706,269867,0.014581,1.022e-6,ebi-a-GCST006250,rs78011897,T,C,NA, || id:ebi-a-GCST006250,TRUE,reported,igd
9,0.0034815,99252464,269867,0.0195312,2.01999e-8,ebi-a-GCST006250,rs1057687,G,A,NA, || id:ebi-a-GCST006250,TRUE,reported,igd
9,0.0030257,131944138,269867,0.0197245,7.08435e-11,ebi-a-GCST006250,rs913264,T,C,NA, || id:ebi-a-GCST006250,TRUE,reported,igd
9,0.00817431,28773894,269867,0.0361877,9.54289e-6,ebi-a-GCST006250,rs118115566,C,T,NA, || id:ebi-a-GCST006250,TRUE,reported,igd
9,0.00274957,6385637,269867,0.0137781,5.41302e-7,ebi-a-GCST006250,rs7860427,G,A,NA, || id:ebi-a-GCST006250,TRUE,reported,igd
9,0.00292107,80716303,269867,-0.0139131,1.90801e-6,ebi-a-GCST006250,rs2184047,A,G,NA, || id:ebi-a-GCST006250,TRUE,reported,igd
9,0.00287195,23805569,269867,-0.0198308,5.0188e-12,ebi-a-GCST006250,rs702222,T,C,NA, || id:ebi-a-GCST006250,TRUE,reported,igd
10,0.00870077,32206928,269867,0.041842,1.51401e-6,ebi-a-GCST006250,rs72778370,A,G,NA, || id:ebi-a-GCST006250,TRUE,reported,igd
10,0.00322167,106946932,269867,-0.0155703,1.344e-6,ebi-a-GCST006250,rs1953070,T,C,NA, || id:ebi-a-GCST006250,TRUE,reported,igd
10,0.00285379,70275266,269867,0.0137952,1.33801e-6,ebi-a-GCST006250,rs67672804,T,C,NA, || id:ebi-a-GCST006250,TRUE,reported,igd
10,0.00287496,122828674,269867,0.0135785,2.319e-6,ebi-a-GCST006250,rs2420900,C,T,NA, || id:ebi-a-GCST006250,TRUE,reported,igd
10,0.00279731,74172909,269867,-0.014188,3.93396e-7,ebi-a-GCST006250,rs7904455,T,C,NA, || id:ebi-a-GCST006250,TRUE,reported,igd
10,0.00304355,107721675,269867,-0.0140095,4.16399e-6,ebi-a-GCST006250,rs505022,T,A,NA, || id:ebi-a-GCST006250,TRUE,reported,igd
10,0.00296262,65133156,269867,0.0187089,2.69501e-10,ebi-a-GCST006250,rs2393967,C,A,NA, || id:ebi-a-GCST006250,TRUE,reported,igd
10,0.00275443,3528928,269867,-0.0123894,6.86705e-6,ebi-a-GCST006250,rs1660979,G,T,NA, || id:ebi-a-GCST006250,TRUE,reported,igd
10,0.00280036,15472860,269867,-0.0127528,5.26296e-6,ebi-a-GCST006250,rs10906900,A,G,NA, || id:ebi-a-GCST006250,TRUE,reported,igd
10,0.00389752,29569272,269867,-0.0225316,7.44201e-9,ebi-a-GCST006250,rs7069887,C,A,NA, || id:ebi-a-GCST006250,TRUE,reported,igd
10,0.00587137,109474389,269867,0.0277129,2.35798e-6,ebi-a-GCST006250,rs17315288,G,T,NA, || id:ebi-a-GCST006250,TRUE,reported,igd
10,0.0027864,93442379,269867,0.0154144,3.16804e-8,ebi-a-GCST006250,rs1891273,T,C,NA, || id:ebi-a-GCST006250,TRUE,reported,igd
10,0.00287578,114883322,269867,-0.0144565,4.97004e-7,ebi-a-GCST006250,rs11594681,A,G,NA, || id:ebi-a-GCST006250,TRUE,reported,igd
10,0.00322956,133775196,269867,0.0181921,1.76901e-8,ebi-a-GCST006250,rs7921305,A,G,NA, || id:ebi-a-GCST006250,TRUE,reported,igd
10,0.00434234,28554177,269867,0.0217247,5.643e-7,ebi-a-GCST006250,rs77924331,C,T,NA, || id:ebi-a-GCST006250,TRUE,reported,igd
10,0.0032476,67206761,269867,0.0163484,4.81305e-7,ebi-a-GCST006250,rs10996426,G,A,NA, || id:ebi-a-GCST006250,TRUE,reported,igd
10,0.00277191,106467853,269867,0.0153148,3.29397e-8,ebi-a-GCST006250,rs3896224,G,A,NA, || id:ebi-a-GCST006250,TRUE,reported,igd
10,0.00274819,101912194,269867,0.0160494,5.22998e-9,ebi-a-GCST006250,rs1408579,T,C,NA, || id:ebi-a-GCST006250,TRUE,reported,igd
10,0.00389896,82254047,269867,-0.0174556,7.56502e-6,ebi-a-GCST006250,rs6586030,G,A,NA, || id:ebi-a-GCST006250,TRUE,reported,igd
10,0.00289976,69361491,269867,-0.0132345,5.01095e-6,ebi-a-GCST006250,rs4466711,C,T,NA, || id:ebi-a-GCST006250,TRUE,reported,igd
10,0.00331984,13764088,269867,0.0153642,3.69403e-6,ebi-a-GCST006250,rs1571010,C,G,NA, || id:ebi-a-GCST006250,TRUE,reported,igd
10,0.00293706,125429549,269867,-0.0180894,7.32892e-10,ebi-a-GCST006250,rs35608616,A,G,NA, || id:ebi-a-GCST006250,TRUE,reported,igd
10,0.00273486,127172816,269867,0.0134364,8.94891e-7,ebi-a-GCST006250,rs7068573,T,G,NA, || id:ebi-a-GCST006250,TRUE,reported,igd
10,0.00783951,97145229,269867,-0.0399188,3.53598e-7,ebi-a-GCST006250,rs10509693,A,G,NA, || id:ebi-a-GCST006250,TRUE,reported,igd
10,0.00415863,85424493,269867,-0.0194915,2.77e-6,ebi-a-GCST006250,rs7092608,C,T,NA, || id:ebi-a-GCST006250,TRUE,reported,igd
10,0.00519021,16554797,269867,-0.0243161,2.80602e-6,ebi-a-GCST006250,rs41289297,G,C,NA, || id:ebi-a-GCST006250,TRUE,reported,igd
10,0.00544632,108906340,269867,-0.028103,2.47298e-7,ebi-a-GCST006250,rs72814908,G,A,NA, || id:ebi-a-GCST006250,TRUE,reported,igd
10,0.00272627,124186714,269867,0.0127753,2.78901e-6,ebi-a-GCST006250,rs2292626,T,C,NA, || id:ebi-a-GCST006250,TRUE,reported,igd
10,0.00291156,103565960,269867,-0.0241019,1.25314e-16,ebi-a-GCST006250,rs3740422,C,G,NA, || id:ebi-a-GCST006250,TRUE,reported,igd
10,0.00277093,130113462,269867,-0.0123417,8.43393e-6,ebi-a-GCST006250,rs2799399,T,G,NA, || id:ebi-a-GCST006250,TRUE,reported,igd
10,0.00624797,51110484,269867,0.0276036,9.96896e-6,ebi-a-GCST006250,rs7902104,A,C,NA, || id:ebi-a-GCST006250,TRUE,reported,igd
10,0.00319149,46076235,269867,-0.0165479,2.16098e-7,ebi-a-GCST006250,rs7086046,A,G,NA, || id:ebi-a-GCST006250,TRUE,reported,igd
11,0.0028958,47606483,269867,-0.0166074,9.72792e-9,ebi-a-GCST006250,rs11605348,A,G,NA, || id:ebi-a-GCST006250,TRUE,reported,igd
11,0.00301744,78558239,269867,0.0133673,9.43909e-6,ebi-a-GCST006250,rs547292,T,G,NA, || id:ebi-a-GCST006250,TRUE,reported,igd
11,0.0111196,61456420,269867,-0.0579,1.92101e-7,ebi-a-GCST006250,rs117186302,C,T,NA, || id:ebi-a-GCST006250,TRUE,reported,igd
11,0.00285325,133799132,269867,0.0174305,1.003e-9,ebi-a-GCST006250,rs329672,T,C,NA, || id:ebi-a-GCST006250,TRUE,reported,igd
11,0.00346415,112965156,269867,-0.0189385,4.57899e-8,ebi-a-GCST006250,rs2885208,C,T,NA, || id:ebi-a-GCST006250,TRUE,reported,igd
11,0.00280986,115557967,269867,-0.0135098,1.52398e-6,ebi-a-GCST006250,rs1784973,A,G,NA, || id:ebi-a-GCST006250,TRUE,reported,igd
11,0.00297876,119492274,269867,0.0139406,2.86999e-6,ebi-a-GCST006250,rs4514434,T,C,NA, || id:ebi-a-GCST006250,TRUE,reported,igd
11,0.00343215,133826414,269867,-0.0180634,1.41501e-7,ebi-a-GCST006250,rs12792661,A,G,NA, || id:ebi-a-GCST006250,TRUE,reported,igd
11,0.00631503,20129311,269867,-0.028986,4.42802e-6,ebi-a-GCST006250,rs35891966,A,G,NA, || id:ebi-a-GCST006250,TRUE,reported,igd
11,0.00730666,33450037,269867,-0.0327557,7.36105e-6,ebi-a-GCST006250,rs78309863,T,C,NA, || id:ebi-a-GCST006250,TRUE,reported,igd
11,0.00330437,76545414,269867,-0.015861,1.585e-6,ebi-a-GCST006250,rs1149577,C,T,NA, || id:ebi-a-GCST006250,TRUE,reported,igd
11,0.00376679,110995971,269867,-0.0168413,7.79597e-6,ebi-a-GCST006250,rs321358,G,A,NA, || id:ebi-a-GCST006250,TRUE,reported,igd
11,0.0028865,79162622,269867,0.0163232,1.556e-8,ebi-a-GCST006250,rs2373353,G,A,NA, || id:ebi-a-GCST006250,TRUE,reported,igd
11,0.0040701,62413662,269867,0.018812,3.80899e-6,ebi-a-GCST006250,rs78278641,T,C,NA, || id:ebi-a-GCST006250,TRUE,reported,igd
11,0.00384806,13340867,269867,0.0170662,9.1939e-6,ebi-a-GCST006250,rs7126796,T,C,NA, || id:ebi-a-GCST006250,TRUE,reported,igd
11,0.0081207,61313525,269867,-0.0442254,5.14198e-8,ebi-a-GCST006250,rs77128898,T,C,NA, || id:ebi-a-GCST006250,TRUE,reported,igd
11,0.0029112,61593816,269867,0.0134556,3.79901e-6,ebi-a-GCST006250,rs174568,T,C,NA, || id:ebi-a-GCST006250,TRUE,reported,igd
11,0.00309768,57390302,269867,-0.0160429,2.225e-7,ebi-a-GCST006250,rs10896632,A,G,NA, || id:ebi-a-GCST006250,TRUE,reported,igd
11,0.00398214,1398019,269867,-0.0196558,7.97609e-7,ebi-a-GCST006250,rs10832843,A,G,NA, || id:ebi-a-GCST006250,TRUE,reported,igd
11,0.0042985,90566513,269867,0.0215871,5.10799e-7,ebi-a-GCST006250,rs2852931,A,G,NA, || id:ebi-a-GCST006250,TRUE,reported,igd
11,0.00284231,105827909,269867,0.0157066,3.26701e-8,ebi-a-GCST006250,rs7116046,T,C,NA, || id:ebi-a-GCST006250,TRUE,reported,igd
11,0.00281174,133561399,269867,0.0131702,2.82001e-6,ebi-a-GCST006250,rs11223560,A,G,NA, || id:ebi-a-GCST006250,TRUE,reported,igd
11,0.00341303,45929388,269867,0.0173041,3.97e-7,ebi-a-GCST006250,rs72902474,T,C,NA, || id:ebi-a-GCST006250,TRUE,reported,igd
11,0.00323596,104630231,269867,-0.0157268,1.17501e-6,ebi-a-GCST006250,rs10791727,G,A,NA, || id:ebi-a-GCST006250,TRUE,reported,igd
11,0.00454422,123983349,269867,0.0255567,1.865e-8,ebi-a-GCST006250,rs17128425,A,T,NA, || id:ebi-a-GCST006250,TRUE,reported,igd
11,0.00284083,95547927,269867,0.0165308,5.91602e-9,ebi-a-GCST006250,rs2508713,A,T,NA, || id:ebi-a-GCST006250,TRUE,reported,igd
11,0.00280773,28989791,269867,0.0134322,1.717e-6,ebi-a-GCST006250,rs4922814,A,G,NA, || id:ebi-a-GCST006250,TRUE,reported,igd
11,0.00355965,33746350,269867,0.0183322,2.61e-7,ebi-a-GCST006250,rs831626,C,T,NA, || id:ebi-a-GCST006250,TRUE,reported,igd
11,0.00284105,63861317,269867,-0.0155121,4.75302e-8,ebi-a-GCST006250,rs7941785,G,A,NA, || id:ebi-a-GCST006250,TRUE,reported,igd
12,0.00311239,110115286,269867,0.0157643,4.08498e-7,ebi-a-GCST006250,rs7977614,G,A,NA, || id:ebi-a-GCST006250,TRUE,reported,igd
12,0.00367474,15532891,269867,-0.0213686,6.06206e-9,ebi-a-GCST006250,rs55754731,C,T,NA, || id:ebi-a-GCST006250,TRUE,reported,igd
12,0.00286277,58292707,269867,-0.0195327,8.89201e-12,ebi-a-GCST006250,rs1962047,A,G,NA, || id:ebi-a-GCST006250,TRUE,reported,igd
12,0.00281636,49389320,269867,0.0214635,2.51826e-14,ebi-a-GCST006250,rs1054442,C,A,NA, || id:ebi-a-GCST006250,TRUE,reported,igd
12,0.00279791,3510079,269867,-0.0133068,1.97902e-6,ebi-a-GCST006250,rs10744608,A,G,NA, || id:ebi-a-GCST006250,TRUE,reported,igd
12,0.00476191,12421059,269867,-0.0214191,6.86894e-6,ebi-a-GCST006250,rs12309338,T,A,NA, || id:ebi-a-GCST006250,TRUE,reported,igd
12,0.00745276,130581025,269867,-0.0335672,6.67898e-6,ebi-a-GCST006250,rs74914545,T,C,NA, || id:ebi-a-GCST006250,TRUE,reported,igd
12,0.00333331,122347612,269867,0.0162832,1.033e-6,ebi-a-GCST006250,rs1720035,G,T,NA, || id:ebi-a-GCST006250,TRUE,reported,igd
12,0.00419428,52149000,269867,-0.0185764,9.47196e-6,ebi-a-GCST006250,rs303775,G,A,NA, || id:ebi-a-GCST006250,TRUE,reported,igd
12,0.00277546,121055923,269867,-0.0147072,1.16399e-7,ebi-a-GCST006250,rs10849770,G,A,NA, || id:ebi-a-GCST006250,TRUE,reported,igd
12,0.0039093,58770527,269867,-0.0175176,7.43293e-6,ebi-a-GCST006250,rs3913066,T,C,NA, || id:ebi-a-GCST006250,TRUE,reported,igd
12,0.00294543,66379504,269867,-0.0130188,9.86507e-6,ebi-a-GCST006250,rs2358954,G,T,NA, || id:ebi-a-GCST006250,TRUE,reported,igd
12,0.00367792,110597304,269867,0.0170656,3.49004e-6,ebi-a-GCST006250,rs12313068,T,C,NA, || id:ebi-a-GCST006250,TRUE,reported,igd
12,0.00300657,123575742,269867,-0.0178169,3.095e-9,ebi-a-GCST006250,rs1727307,G,A,NA, || id:ebi-a-GCST006250,TRUE,reported,igd
12,0.00282741,79592680,269867,0.0194809,5.56288e-12,ebi-a-GCST006250,rs6539284,C,T,NA, || id:ebi-a-GCST006250,TRUE,reported,igd
12,0.00291496,92960905,269867,-0.0181456,4.82803e-10,ebi-a-GCST006250,rs7312919,G,C,NA, || id:ebi-a-GCST006250,TRUE,reported,igd
12,0.00275862,56470625,269867,-0.0144607,1.591e-7,ebi-a-GCST006250,rs11171739,T,C,NA, || id:ebi-a-GCST006250,TRUE,reported,igd
12,0.00864435,110489134,269867,-0.0389687,6.54802e-6,ebi-a-GCST006250,rs77981767,A,C,NA, || id:ebi-a-GCST006250,TRUE,reported,igd
12,0.0119857,1664093,269867,0.0530609,9.56797e-6,ebi-a-GCST006250,rs148250616,A,G,NA, || id:ebi-a-GCST006250,TRUE,reported,igd
12,0.00285034,20862939,269867,-0.0129006,5.99805e-6,ebi-a-GCST006250,rs11045399,A,G,NA, || id:ebi-a-GCST006250,TRUE,reported,igd
12,0.00303281,16128785,269867,-0.0154886,3.271e-7,ebi-a-GCST006250,rs12368628,G,C,NA, || id:ebi-a-GCST006250,TRUE,reported,igd
12,0.00280042,16332535,269867,0.0131088,2.85799e-6,ebi-a-GCST006250,rs1798680,A,G,NA, || id:ebi-a-GCST006250,TRUE,reported,igd
12,0.00274552,14595456,269867,-0.0128847,2.68999e-6,ebi-a-GCST006250,rs7299037,A,G,NA, || id:ebi-a-GCST006250,TRUE,reported,igd
12,0.0028609,46444609,269867,0.0127596,8.20295e-6,ebi-a-GCST006250,rs11536240,A,C,NA, || id:ebi-a-GCST006250,TRUE,reported,igd
12,0.00423474,53605344,269867,-0.0187768,9.25508e-6,ebi-a-GCST006250,rs3741434,C,T,NA, || id:ebi-a-GCST006250,TRUE,reported,igd
12,0.00276375,109033867,269867,0.0124535,6.61805e-6,ebi-a-GCST006250,rs7136041,A,G,NA, || id:ebi-a-GCST006250,TRUE,reported,igd
12,0.00303825,89783985,269867,0.0136965,6.55707e-6,ebi-a-GCST006250,rs797266,T,C,NA, || id:ebi-a-GCST006250,TRUE,reported,igd
12,0.00568727,73832261,269867,0.0268724,2.30202e-6,ebi-a-GCST006250,rs11179654,C,T,NA, || id:ebi-a-GCST006250,TRUE,reported,igd
12,0.00285745,99605691,269867,-0.0132786,3.36101e-6,ebi-a-GCST006250,rs11109760,T,C,NA, || id:ebi-a-GCST006250,TRUE,reported,igd
13,0.0031156,57535422,269867,0.0150047,1.46501e-6,ebi-a-GCST006250,rs7996079,A,G,NA, || id:ebi-a-GCST006250,TRUE,reported,igd
13,0.00334261,58548511,269867,-0.0207576,5.30506e-10,ebi-a-GCST006250,rs3843954,C,G,NA, || id:ebi-a-GCST006250,TRUE,reported,igd
13,0.00302954,107565800,269867,0.0139086,4.40798e-6,ebi-a-GCST006250,rs9558897,C,T,NA, || id:ebi-a-GCST006250,TRUE,reported,igd
13,0.00275263,93952144,269867,-0.0122299,8.86298e-6,ebi-a-GCST006250,rs4773730,G,A,NA, || id:ebi-a-GCST006250,TRUE,reported,igd
13,0.00282437,55703218,269867,0.0154126,4.84496e-8,ebi-a-GCST006250,rs9569206,G,A,NA, || id:ebi-a-GCST006250,TRUE,reported,igd
13,0.0028668,36108345,269867,0.0129809,5.95594e-6,ebi-a-GCST006250,rs4943305,C,T,NA, || id:ebi-a-GCST006250,TRUE,reported,igd
13,0.00335347,36424630,269867,0.016925,4.49697e-7,ebi-a-GCST006250,rs17052996,G,A,NA, || id:ebi-a-GCST006250,TRUE,reported,igd
13,0.00364797,92029241,269867,-0.0174957,1.622e-6,ebi-a-GCST006250,rs9634624,A,G,NA, || id:ebi-a-GCST006250,TRUE,reported,igd
13,0.00567773,50155006,269867,-0.0264128,3.29299e-6,ebi-a-GCST006250,rs73190794,T,A,NA, || id:ebi-a-GCST006250,TRUE,reported,igd
13,0.00279036,53608479,269867,-0.0134942,1.323e-6,ebi-a-GCST006250,rs2298230,A,G,NA, || id:ebi-a-GCST006250,TRUE,reported,igd
13,0.00275071,91657849,269867,-0.0140011,3.586e-7,ebi-a-GCST006250,rs9523231,C,A,NA, || id:ebi-a-GCST006250,TRUE,reported,igd
13,0.00286454,114878174,269867,0.0127759,8.19691e-6,ebi-a-GCST006250,rs7986771,A,G,NA, || id:ebi-a-GCST006250,TRUE,reported,igd
13,0.00488837,86006031,269867,0.0244809,5.50199e-7,ebi-a-GCST006250,rs34139984,G,A,NA, || id:ebi-a-GCST006250,TRUE,reported,igd
13,0.00276066,71261147,269867,-0.0129558,2.68602e-6,ebi-a-GCST006250,rs337944,G,A,NA, || id:ebi-a-GCST006250,TRUE,reported,igd
13,0.00609644,97847992,269867,-0.0334268,4.19295e-8,ebi-a-GCST006250,rs9516855,G,A,NA, || id:ebi-a-GCST006250,TRUE,reported,igd
13,0.00299085,103483767,269867,-0.0137669,4.1599699999999996e-06,ebi-a-GCST006250,rs16960599,G,C,NA, || id:ebi-a-GCST006250,TRUE,reported,igd
13,0.00312703,106638739,269867,-0.0257855,1.63493e-16,ebi-a-GCST006250,rs2478286,C,G,NA, || id:ebi-a-GCST006250,TRUE,reported,igd
13,0.00294195,21304878,269867,0.0144361,9.22508e-7,ebi-a-GCST006250,rs2314715,T,A,NA, || id:ebi-a-GCST006250,TRUE,reported,igd
13,0.00369557,60598099,269867,-0.0177794,1.503e-6,ebi-a-GCST006250,rs111396263,T,C,NA, || id:ebi-a-GCST006250,TRUE,reported,igd
13,0.00283914,48281047,269867,-0.01262,8.77991e-6,ebi-a-GCST006250,rs7331824,G,T,NA, || id:ebi-a-GCST006250,TRUE,reported,igd
14,0.00280747,30074687,269867,-0.0167494,2.43501e-9,ebi-a-GCST006250,rs971681,T,C,NA, || id:ebi-a-GCST006250,TRUE,reported,igd
14,0.00282384,37002135,269867,-0.0175078,5.659e-10,ebi-a-GCST006250,rs11622558,T,C,NA, || id:ebi-a-GCST006250,TRUE,reported,igd
14,0.00289685,76957391,269867,0.0133951,3.75803e-6,ebi-a-GCST006250,rs2885232,T,C,NA, || id:ebi-a-GCST006250,TRUE,reported,igd
14,0.00317693,98546911,269867,-0.019033,2.08699e-9,ebi-a-GCST006250,rs17698580,C,T,NA, || id:ebi-a-GCST006250,TRUE,reported,igd
14,0.00575295,102006334,269867,0.0280974,1.041e-6,ebi-a-GCST006250,rs77849782,G,T,NA, || id:ebi-a-GCST006250,TRUE,reported,igd
14,0.00285898,103987140,269867,0.0219741,1.51915e-14,ebi-a-GCST006250,rs2071407,C,T,NA, || id:ebi-a-GCST006250,TRUE,reported,igd
14,0.00294686,37663548,269867,-0.0131813,7.70903e-6,ebi-a-GCST006250,rs4900692,G,A,NA, || id:ebi-a-GCST006250,TRUE,reported,igd
14,0.00282338,41134168,269867,-0.0197975,2.35396e-12,ebi-a-GCST006250,rs35760956,G,A,NA, || id:ebi-a-GCST006250,TRUE,reported,igd
14,0.00398916,29600359,269867,0.0261409,5.64157e-11,ebi-a-GCST006250,rs176217,T,C,NA, || id:ebi-a-GCST006250,TRUE,reported,igd
14,0.00276626,33292743,269867,0.0205367,1.13606e-13,ebi-a-GCST006250,rs2239647,C,A,NA, || id:ebi-a-GCST006250,TRUE,reported,igd
14,0.0144802,70535392,269867,0.0653634,6.36898e-6,ebi-a-GCST006250,rs61977418,C,T,NA, || id:ebi-a-GCST006250,TRUE,reported,igd
14,0.00278266,63313556,269867,0.0150208,6.74295e-8,ebi-a-GCST006250,rs4899097,T,C,NA, || id:ebi-a-GCST006250,TRUE,reported,igd
14,0.00302644,77609590,269867,-0.0153925,3.65199e-7,ebi-a-GCST006250,rs8016844,C,T,NA, || id:ebi-a-GCST006250,TRUE,reported,igd
14,0.00293038,27162904,269867,-0.0182269,4.96398e-10,ebi-a-GCST006250,rs8006700,A,T,NA, || id:ebi-a-GCST006250,TRUE,reported,igd
14,0.00427513,26804141,269867,-0.0194476,5.37799e-6,ebi-a-GCST006250,rs10483318,C,A,NA, || id:ebi-a-GCST006250,TRUE,reported,igd
14,0.0030247,69716957,269867,-0.0169111,2.25502e-8,ebi-a-GCST006250,rs17106817,C,T,NA, || id:ebi-a-GCST006250,TRUE,reported,igd
14,0.00280571,73463479,269867,0.0160767,1.00399e-8,ebi-a-GCST006250,rs1007934,A,G,NA, || id:ebi-a-GCST006250,TRUE,reported,igd
14,0.00339357,89715495,269867,-0.0163536,1.439e-6,ebi-a-GCST006250,rs55985762,T,A,NA, || id:ebi-a-GCST006250,TRUE,reported,igd
14,0.00311115,60141532,269867,-0.0167287,7.576e-8,ebi-a-GCST006250,rs1957985,C,T,NA, || id:ebi-a-GCST006250,TRUE,reported,igd
14,0.00311959,66480674,269867,0.0140912,6.28203e-6,ebi-a-GCST006250,rs57649242,A,G,NA, || id:ebi-a-GCST006250,TRUE,reported,igd
15,0.00302659,80890101,269867,0.0145458,1.536e-6,ebi-a-GCST006250,rs7484,C,T,NA, || id:ebi-a-GCST006250,TRUE,reported,igd
15,0.00273616,31273879,269867,-0.0124906,5.00599e-6,ebi-a-GCST006250,rs7170710,C,T,NA, || id:ebi-a-GCST006250,TRUE,reported,igd
15,0.00344602,63987382,269867,0.0184328,8.86707e-8,ebi-a-GCST006250,rs62014217,G,A,NA, || id:ebi-a-GCST006250,TRUE,reported,igd
15,0.00293149,61451437,269867,-0.0131477,7.27897e-6,ebi-a-GCST006250,rs12592385,T,C,NA, || id:ebi-a-GCST006250,TRUE,reported,igd
15,0.00290216,51037974,269867,-0.0145195,5.659e-7,ebi-a-GCST006250,rs12438326,G,A,NA, || id:ebi-a-GCST006250,TRUE,reported,igd
15,0.00274865,82521770,269867,0.0170306,5.77697e-10,ebi-a-GCST006250,rs8025964,A,G,NA, || id:ebi-a-GCST006250,TRUE,reported,igd
15,0.00564809,65738080,269867,0.0343573,1.181e-9,ebi-a-GCST006250,rs72739469,C,T,NA, || id:ebi-a-GCST006250,TRUE,reported,igd
15,0.0069471,40886841,269867,-0.0307201,9.79603e-6,ebi-a-GCST006250,rs76019323,T,C,NA, || id:ebi-a-GCST006250,TRUE,reported,igd
15,0.00356838,78535050,269867,0.0159792,7.53304e-6,ebi-a-GCST006250,rs932218,C,T,NA, || id:ebi-a-GCST006250,TRUE,reported,igd
15,0.00280837,69954819,269867,0.0133004,2.17601e-6,ebi-a-GCST006250,rs2415055,A,G,NA, || id:ebi-a-GCST006250,TRUE,reported,igd
15,0.00794771,61935611,269867,-0.0362098,5.20403e-6,ebi-a-GCST006250,rs147243229,T,C,NA, || id:ebi-a-GCST006250,TRUE,reported,igd
15,0.00285553,64762593,269867,0.0140064,9.35793e-7,ebi-a-GCST006250,rs563082,T,C,NA, || id:ebi-a-GCST006250,TRUE,reported,igd
15,0.0027939,46640956,269867,-0.0154084,3.48201e-8,ebi-a-GCST006250,rs55881236,T,C,NA, || id:ebi-a-GCST006250,TRUE,reported,igd
15,0.00385721,40722781,269867,-0.0220324,1.118e-8,ebi-a-GCST006250,rs11634187,G,T,NA, || id:ebi-a-GCST006250,TRUE,reported,igd
15,0.00908382,51817198,269867,0.0606345,2.47002e-11,ebi-a-GCST006250,rs7172979,T,G,NA, || id:ebi-a-GCST006250,TRUE,reported,igd
15,0.00345948,61900183,269867,0.0159205,4.18803e-6,ebi-a-GCST006250,rs7182531,C,G,NA, || id:ebi-a-GCST006250,TRUE,reported,igd
15,0.00457538,96267139,269867,0.0203513,8.64908e-6,ebi-a-GCST006250,rs2584240,T,A,NA, || id:ebi-a-GCST006250,TRUE,reported,igd
15,0.00309949,27663600,269867,0.0148652,1.617e-6,ebi-a-GCST006250,rs12442309,T,C,NA, || id:ebi-a-GCST006250,TRUE,reported,igd
15,0.00282914,87959602,269867,-0.0142645,4.61498e-7,ebi-a-GCST006250,rs2584119,G,T,NA, || id:ebi-a-GCST006250,TRUE,reported,igd
15,0.00276899,27261647,269867,-0.0131195,2.15601e-6,ebi-a-GCST006250,rs2195817,G,A,NA, || id:ebi-a-GCST006250,TRUE,reported,igd
15,0.00274237,70141702,269867,0.01239,6.24799e-6,ebi-a-GCST006250,rs305001,T,C,NA, || id:ebi-a-GCST006250,TRUE,reported,igd
15,0.00289628,88430934,269867,-0.0176326,1.14601e-9,ebi-a-GCST006250,rs1369429,C,T,NA, || id:ebi-a-GCST006250,TRUE,reported,igd
16,0.00284031,4936205,269867,0.0126223,8.81698e-6,ebi-a-GCST006250,rs741769,T,G,NA, || id:ebi-a-GCST006250,TRUE,reported,igd
16,0.00349546,13914784,269867,0.0202387,7.03202e-9,ebi-a-GCST006250,rs9788857,C,A,NA, || id:ebi-a-GCST006250,TRUE,reported,igd
16,0.00280782,6110993,269867,0.0141711,4.495e-7,ebi-a-GCST006250,rs12922051,A,C,NA, || id:ebi-a-GCST006250,TRUE,reported,igd
16,0.00314864,13026941,269867,-0.019616,4.67595e-10,ebi-a-GCST006250,rs62029752,G,A,NA, || id:ebi-a-GCST006250,TRUE,reported,igd
16,0.00458979,10101152,269867,0.0271303,3.40997e-9,ebi-a-GCST006250,rs72774059,A,C,NA, || id:ebi-a-GCST006250,TRUE,reported,igd
16,0.0033687,50951373,269867,-0.0179787,9.45301e-8,ebi-a-GCST006250,rs4785480,T,C,NA, || id:ebi-a-GCST006250,TRUE,reported,igd
16,0.00304395,51577196,269867,0.0197491,8.6836e-11,ebi-a-GCST006250,rs2647995,C,T,NA, || id:ebi-a-GCST006250,TRUE,reported,igd
16,0.00278566,65308021,269867,-0.0139311,5.70598e-7,ebi-a-GCST006250,rs1423772,C,A,NA, || id:ebi-a-GCST006250,TRUE,reported,igd
16,0.00279927,28825605,269867,-0.0286785,1.24595e-24,ebi-a-GCST006250,rs2008514,A,G,NA, || id:ebi-a-GCST006250,TRUE,reported,igd
16,0.00296197,24766841,269867,0.0210951,1.06292e-12,ebi-a-GCST006250,rs34172651,C,T,NA, || id:ebi-a-GCST006250,TRUE,reported,igd
16,0.00274242,62075138,269867,0.0160541,4.80397e-9,ebi-a-GCST006250,rs12446238,A,G,NA, || id:ebi-a-GCST006250,TRUE,reported,igd
16,0.00323875,1018697,269867,-0.0157403,1.17101e-6,ebi-a-GCST006250,rs34316274,G,A,NA, || id:ebi-a-GCST006250,TRUE,reported,igd
16,0.00281639,73915896,269867,-0.0124879,9.23804e-6,ebi-a-GCST006250,rs12446615,G,A,NA, || id:ebi-a-GCST006250,TRUE,reported,igd
16,0.00377251,13641264,269867,-0.0218127,7.39793e-9,ebi-a-GCST006250,rs72773563,A,G,NA, || id:ebi-a-GCST006250,TRUE,reported,igd
16,0.00304171,5811367,269867,-0.0169362,2.57401e-8,ebi-a-GCST006250,rs11076962,C,T,NA, || id:ebi-a-GCST006250,TRUE,reported,igd
16,0.00278598,70756066,269867,0.0152421,4.46704e-8,ebi-a-GCST006250,rs7196032,T,C,NA, || id:ebi-a-GCST006250,TRUE,reported,igd
16,0.00314561,71870700,269867,0.018924,1.78299e-9,ebi-a-GCST006250,rs8051038,A,G,NA, || id:ebi-a-GCST006250,TRUE,reported,igd
16,0.0102708,76160105,269867,0.0458076,8.17692e-6,ebi-a-GCST006250,rs12930903,C,T,NA, || id:ebi-a-GCST006250,TRUE,reported,igd
16,0.0028235,83608599,269867,0.0141514,5.39002e-7,ebi-a-GCST006250,rs61527214,A,G,NA, || id:ebi-a-GCST006250,TRUE,reported,igd
16,0.00273401,87409288,269867,0.0138231,4.27199e-7,ebi-a-GCST006250,rs11649260,A,G,NA, || id:ebi-a-GCST006250,TRUE,reported,igd
16,0.00435404,5072402,269867,0.0193537,8.80197e-6,ebi-a-GCST006250,rs56310998,G,A,NA, || id:ebi-a-GCST006250,TRUE,reported,igd
16,0.00277159,7666088,269867,0.0177354,1.567e-10,ebi-a-GCST006250,rs11646221,T,G,NA, || id:ebi-a-GCST006250,TRUE,reported,igd
16,0.00322185,68442906,269867,-0.0152683,2.14398e-6,ebi-a-GCST006250,rs12444616,A,G,NA, || id:ebi-a-GCST006250,TRUE,reported,igd
16,0.00490467,13237467,269867,0.0222133,5.93499e-6,ebi-a-GCST006250,rs62028946,T,C,NA, || id:ebi-a-GCST006250,TRUE,reported,igd
16,0.00288625,24184444,269867,0.014463,5.42001e-7,ebi-a-GCST006250,rs198163,C,T,NA, || id:ebi-a-GCST006250,TRUE,reported,igd
16,0.00292691,53498655,269867,0.0230055,3.84061e-15,ebi-a-GCST006250,rs8054299,G,C,NA, || id:ebi-a-GCST006250,TRUE,reported,igd
16,0.00277736,6556620,269867,-0.0123843,8.24898e-6,ebi-a-GCST006250,rs810609,G,A,NA, || id:ebi-a-GCST006250,TRUE,reported,igd
16,0.00310195,367516,269867,-0.0140053,6.32601e-6,ebi-a-GCST006250,rs11645742,T,C,NA, || id:ebi-a-GCST006250,TRUE,reported,igd
16,0.00313111,12197441,269867,-0.019751,2.83498e-10,ebi-a-GCST006250,rs2457192,A,C,NA, || id:ebi-a-GCST006250,TRUE,reported,igd
16,0.00297559,7251756,269867,-0.0153213,2.61198e-7,ebi-a-GCST006250,rs2346605,C,G,NA, || id:ebi-a-GCST006250,TRUE,reported,igd
16,0.00426223,68297228,269867,-0.0235019,3.51698e-8,ebi-a-GCST006250,rs9888986,A,G,NA, || id:ebi-a-GCST006250,TRUE,reported,igd
16,0.00323743,76603974,269867,0.0143094,9.88303e-6,ebi-a-GCST006250,rs72801235,C,G,NA, || id:ebi-a-GCST006250,TRUE,reported,igd
17,0.00389539,29394541,269867,-0.0185109,2.01099e-6,ebi-a-GCST006250,rs4795570,G,C,NA, || id:ebi-a-GCST006250,TRUE,reported,igd
17,0.00309979,50585898,269867,0.0192497,5.30603e-10,ebi-a-GCST006250,rs16951547,G,T,NA, || id:ebi-a-GCST006250,TRUE,reported,igd
17,0.0183868,60122609,269867,-0.0848552,3.93197e-6,ebi-a-GCST006250,rs118072251,C,T,NA, || id:ebi-a-GCST006250,TRUE,reported,igd
17,0.00292029,28812120,269867,0.0155651,9.83807e-8,ebi-a-GCST006250,rs10512432,A,G,NA, || id:ebi-a-GCST006250,TRUE,reported,igd
17,0.00316658,79051466,269867,0.0160071,4.30497e-7,ebi-a-GCST006250,rs4969374,A,G,NA, || id:ebi-a-GCST006250,TRUE,reported,igd
17,0.00342801,78502408,269867,-0.0167561,1.02101e-6,ebi-a-GCST006250,rs4075979,T,C,NA, || id:ebi-a-GCST006250,TRUE,reported,igd
17,0.00347414,43798360,269867,-0.017534,4.48601e-7,ebi-a-GCST006250,rs55938136,G,A,NA, || id:ebi-a-GCST006250,TRUE,reported,igd
17,0.00355416,61387361,269867,0.0175433,7.96691e-7,ebi-a-GCST006250,rs72845254,A,C,NA, || id:ebi-a-GCST006250,TRUE,reported,igd
17,0.00276463,46081915,269867,0.0137208,6.92803e-7,ebi-a-GCST006250,rs2905855,A,G,NA, || id:ebi-a-GCST006250,TRUE,reported,igd
17,0.00301822,51707052,269867,0.0135971,6.62506e-6,ebi-a-GCST006250,rs10852961,C,G,NA, || id:ebi-a-GCST006250,TRUE,reported,igd
17,0.0031142,8031936,269867,0.0159291,3.13603e-7,ebi-a-GCST006250,rs8067165,G,C,NA, || id:ebi-a-GCST006250,TRUE,reported,igd
17,0.00285341,17649172,269867,0.0154084,6.65197e-8,ebi-a-GCST006250,rs11655029,C,T,NA, || id:ebi-a-GCST006250,TRUE,reported,igd
17,0.00276848,65480090,269867,-0.0122395,9.84102e-6,ebi-a-GCST006250,rs1961378,A,C,NA, || id:ebi-a-GCST006250,TRUE,reported,igd
17,0.00295972,47090785,269867,0.0165478,2.26001e-8,ebi-a-GCST006250,rs11079849,T,C,NA, || id:ebi-a-GCST006250,TRUE,reported,igd
17,0.0028338,56999427,269867,0.0208823,1.72187e-13,ebi-a-GCST006250,rs66954617,G,A,NA, || id:ebi-a-GCST006250,TRUE,reported,igd
17,0.00356648,44819595,269867,0.0201149,1.702e-8,ebi-a-GCST006250,rs17698176,G,T,NA, || id:ebi-a-GCST006250,TRUE,reported,igd
17,0.00555598,79505759,269867,0.0262576,2.28802e-6,ebi-a-GCST006250,rs6565590,A,G,NA, || id:ebi-a-GCST006250,TRUE,reported,igd
17,0.00276459,34951204,269867,0.0175137,2.37602e-10,ebi-a-GCST006250,rs2285640,A,G,NA, || id:ebi-a-GCST006250,TRUE,reported,igd
17,0.00324995,42919009,269867,0.0177187,4.96901e-8,ebi-a-GCST006250,rs4793161,G,A,NA, || id:ebi-a-GCST006250,TRUE,reported,igd
17,0.00277753,60709277,269867,-0.0139071,5.51404e-7,ebi-a-GCST006250,rs2465411,G,A,NA, || id:ebi-a-GCST006250,TRUE,reported,igd
18,0.00273743,50831176,269867,0.022748,9.56093e-17,ebi-a-GCST006250,rs6508220,G,A,NA, || id:ebi-a-GCST006250,TRUE,reported,igd
18,0.00541728,9497220,269867,-0.0256779,2.142e-6,ebi-a-GCST006250,rs12970100,G,C,NA, || id:ebi-a-GCST006250,TRUE,reported,igd
18,0.00272822,53296927,269867,-0.012056,9.90809e-6,ebi-a-GCST006250,rs12457157,A,G,NA, || id:ebi-a-GCST006250,TRUE,reported,igd
18,0.00874594,50052084,269867,-0.055974,1.554e-10,ebi-a-GCST006250,rs71367283,C,A,NA, || id:ebi-a-GCST006250,TRUE,reported,igd
18,0.0027797,25551961,269867,-0.0135177,1.15401e-6,ebi-a-GCST006250,rs11083241,A,G,NA, || id:ebi-a-GCST006250,TRUE,reported,igd
18,0.00274278,64485754,269867,0.0135,8.56505e-7,ebi-a-GCST006250,rs12457394,G,T,NA, || id:ebi-a-GCST006250,TRUE,reported,igd
18,0.00463297,22597094,269867,-0.0225579,1.123e-6,ebi-a-GCST006250,rs35240777,A,G,NA, || id:ebi-a-GCST006250,TRUE,reported,igd
18,0.0044682,37927739,269867,-0.0198165,9.1939e-6,ebi-a-GCST006250,rs4799537,T,C,NA, || id:ebi-a-GCST006250,TRUE,reported,igd
18,0.00289339,13020881,269867,-0.0130868,6.10998e-6,ebi-a-GCST006250,rs9961669,A,T,NA, || id:ebi-a-GCST006250,TRUE,reported,igd
18,0.0066041,50237937,269867,-0.0301345,5.05103e-6,ebi-a-GCST006250,rs17682457,A,G,NA, || id:ebi-a-GCST006250,TRUE,reported,igd
18,0.00303077,63423560,269867,0.0136627,6.54998e-6,ebi-a-GCST006250,rs41356445,C,G,NA, || id:ebi-a-GCST006250,TRUE,reported,igd
18,0.0029825,52531198,269867,-0.0132184,9.32095e-6,ebi-a-GCST006250,rs11874015,C,T,NA, || id:ebi-a-GCST006250,TRUE,reported,igd
18,0.00282672,42732379,269867,-0.014241,4.69299e-7,ebi-a-GCST006250,rs8089071,C,A,NA, || id:ebi-a-GCST006250,TRUE,reported,igd
18,0.00274039,27675980,269867,-0.0131155,1.7e-6,ebi-a-GCST006250,rs35706695,A,C,NA, || id:ebi-a-GCST006250,TRUE,reported,igd
19,0.00281479,1861023,269867,-0.0144934,2.62198e-7,ebi-a-GCST006250,rs56289648,A,G,NA, || id:ebi-a-GCST006250,TRUE,reported,igd
19,0.00310049,13250340,269867,-0.0144917,2.947e-6,ebi-a-GCST006250,rs8105087,A,T,NA, || id:ebi-a-GCST006250,TRUE,reported,igd
19,0.00282027,31929180,269867,0.019175,1.0539e-11,ebi-a-GCST006250,rs7248006,C,T,NA, || id:ebi-a-GCST006250,TRUE,reported,igd
19,0.0029444,32151452,269867,0.0151431,2.69898e-7,ebi-a-GCST006250,rs745868,A,G,NA, || id:ebi-a-GCST006250,TRUE,reported,igd
19,0.00276469,45814908,269867,-0.0144317,1.78599e-7,ebi-a-GCST006250,rs7260359,T,C,NA, || id:ebi-a-GCST006250,TRUE,reported,igd
19,0.00289204,47548678,269867,0.0160711,2.751e-8,ebi-a-GCST006250,rs889169,A,G,NA, || id:ebi-a-GCST006250,TRUE,reported,igd
19,0.00279634,17618677,269867,-0.0129583,3.58699e-6,ebi-a-GCST006250,rs4808084,C,A,NA, || id:ebi-a-GCST006250,TRUE,reported,igd
19,0.00275867,13113641,269867,-0.0164086,2.712e-9,ebi-a-GCST006250,rs10411958,C,T,NA, || id:ebi-a-GCST006250,TRUE,reported,igd
19,0.00304557,59090263,269867,0.0188582,5.95498e-10,ebi-a-GCST006250,rs73068339,C,G,NA, || id:ebi-a-GCST006250,TRUE,reported,igd
19,0.00322821,50138023,269867,0.0143074,9.35492e-6,ebi-a-GCST006250,rs6509441,A,T,NA, || id:ebi-a-GCST006250,TRUE,reported,igd
19,0.0075805000000000004,4474725,269867,0.0422234,2.54601e-8,ebi-a-GCST006250,rs76608582,A,C,NA, || id:ebi-a-GCST006250,TRUE,reported,igd
19,0.0036137,56609371,269867,-0.0162074,7.29306e-6,ebi-a-GCST006250,rs516022,T,G,NA, || id:ebi-a-GCST006250,TRUE,reported,igd
19,0.00335442,32818410,269867,0.0151855,5.98301e-6,ebi-a-GCST006250,rs4805752,T,C,NA, || id:ebi-a-GCST006250,TRUE,reported,igd
19,0.0074682,39583980,269867,0.0413066,3.18999e-8,ebi-a-GCST006250,rs144026674,T,C,NA, || id:ebi-a-GCST006250,TRUE,reported,igd
19,0.00274481,18257750,269867,0.0169959,5.93007e-10,ebi-a-GCST006250,rs2072490,T,C,NA, || id:ebi-a-GCST006250,TRUE,reported,igd
19,0.0121399,31196182,269867,0.0573002,2.35402e-6,ebi-a-GCST006250,rs79234022,T,C,NA, || id:ebi-a-GCST006250,TRUE,reported,igd
19,0.00312108,44140605,269867,-0.015955,3.18801e-7,ebi-a-GCST006250,rs7251275,T,C,NA, || id:ebi-a-GCST006250,TRUE,reported,igd
19,0.00421041,5057087,269867,-0.0203321,1.36899e-6,ebi-a-GCST006250,rs76998132,A,G,NA, || id:ebi-a-GCST006250,TRUE,reported,igd
19,0.00275683,8179619,269867,0.0124967,5.81594e-6,ebi-a-GCST006250,rs4804267,G,T,NA, || id:ebi-a-GCST006250,TRUE,reported,igd
19,0.00301138,30736378,269867,-0.0146022,1.243e-6,ebi-a-GCST006250,rs4805531,G,A,NA, || id:ebi-a-GCST006250,TRUE,reported,igd
19,0.00508867,38702950,269867,-0.0260489,3.06803e-7,ebi-a-GCST006250,rs11547760,A,G,NA, || id:ebi-a-GCST006250,TRUE,reported,igd
19,0.0042614,12530177,269867,0.0255982,1.88799e-9,ebi-a-GCST006250,rs17002025,A,G,NA, || id:ebi-a-GCST006250,TRUE,reported,igd
20,0.00286062,22253223,269867,0.0145119,3.92401e-7,ebi-a-GCST006250,rs59836638,A,G,NA, || id:ebi-a-GCST006250,TRUE,reported,igd
20,0.00297599,47541517,269867,0.0251054,3.28398e-17,ebi-a-GCST006250,rs6019535,A,G,NA, || id:ebi-a-GCST006250,TRUE,reported,igd
20,0.00383599,14461333,269867,-0.0171354,7.95005e-6,ebi-a-GCST006250,rs6079460,A,T,NA, || id:ebi-a-GCST006250,TRUE,reported,igd
20,0.00299741,14713890,269867,0.0142557,1.97301e-6,ebi-a-GCST006250,rs1932945,G,A,NA, || id:ebi-a-GCST006250,TRUE,reported,igd
20,0.00287435,54098101,269867,0.0156249,5.45695e-8,ebi-a-GCST006250,rs214403,T,C,NA, || id:ebi-a-GCST006250,TRUE,reported,igd
20,0.00755453,58219763,269867,-0.0401448,1.07199e-7,ebi-a-GCST006250,rs117431198,T,C,NA, || id:ebi-a-GCST006250,TRUE,reported,igd
20,0.00316728,58254844,269867,0.0147944,3.004e-6,ebi-a-GCST006250,rs6027038,A,G,NA, || id:ebi-a-GCST006250,TRUE,reported,igd
20,0.00293986,59528534,269867,-0.0131441,7.80297e-6,ebi-a-GCST006250,rs2865962,T,C,NA, || id:ebi-a-GCST006250,TRUE,reported,igd
20,0.00297417,56564226,269867,0.0135443,5.25702e-6,ebi-a-GCST006250,rs6099871,A,G,NA, || id:ebi-a-GCST006250,TRUE,reported,igd
20,0.00312856,8671509,269867,0.0148826,1.96698e-6,ebi-a-GCST006250,rs768990,G,A,NA, || id:ebi-a-GCST006250,TRUE,reported,igd
20,0.00314002,59802310,269867,-0.0157127,5.60906e-7,ebi-a-GCST006250,rs6015935,A,G,NA, || id:ebi-a-GCST006250,TRUE,reported,igd
20,0.00404947,34219990,269867,0.0228755,1.617e-8,ebi-a-GCST006250,rs78084033,C,A,NA, || id:ebi-a-GCST006250,TRUE,reported,igd
20,0.00641047,53529971,269867,-0.0305459,1.88799e-6,ebi-a-GCST006250,rs6098310,G,T,NA, || id:ebi-a-GCST006250,TRUE,reported,igd
20,0.00273298,49093626,269867,0.0131374,1.53501e-6,ebi-a-GCST006250,rs6063523,C,A,NA, || id:ebi-a-GCST006250,TRUE,reported,igd
20,0.00274704,61544714,269867,-0.0123891,6.47993e-6,ebi-a-GCST006250,rs6010786,C,T,NA, || id:ebi-a-GCST006250,TRUE,reported,igd
20,0.00274446,41775518,269867,0.0127096,3.64603e-6,ebi-a-GCST006250,rs6030670,A,G,NA, || id:ebi-a-GCST006250,TRUE,reported,igd
20,0.00292635,31091235,269867,-0.0140816,1.494e-6,ebi-a-GCST006250,rs875519,C,T,NA, || id:ebi-a-GCST006250,TRUE,reported,igd
20,0.00354156,42012125,269867,0.0163018,4.16898e-6,ebi-a-GCST006250,rs6103265,A,G,NA, || id:ebi-a-GCST006250,TRUE,reported,igd
20,0.00317419,59985068,269867,0.0160297,4.41703e-7,ebi-a-GCST006250,rs2252143,C,T,NA, || id:ebi-a-GCST006250,TRUE,reported,igd
20,0.00300097,41228402,269867,-0.0160072,9.59599e-8,ebi-a-GCST006250,rs34027202,A,G,NA, || id:ebi-a-GCST006250,TRUE,reported,igd
21,0.00308457,18415348,269867,0.0160706,1.893e-7,ebi-a-GCST006250,rs56274896,T,A,NA, || id:ebi-a-GCST006250,TRUE,reported,igd
21,0.00390095,22267544,269867,0.0175192,7.10297e-6,ebi-a-GCST006250,rs2407948,C,T,NA, || id:ebi-a-GCST006250,TRUE,reported,igd
21,0.00278056,19032879,269867,0.0149844,7.09496e-8,ebi-a-GCST006250,rs1389994,T,C,NA, || id:ebi-a-GCST006250,TRUE,reported,igd
21,0.00300308,39198887,269867,0.0163518,5.18704e-8,ebi-a-GCST006250,rs2154556,C,T,NA, || id:ebi-a-GCST006250,TRUE,reported,igd
21,0.00296293,40516070,269867,0.0203465,6.53732e-12,ebi-a-GCST006250,rs2836921,A,G,NA, || id:ebi-a-GCST006250,TRUE,reported,igd
21,0.00279302,32045352,269867,0.0124708,7.99705e-6,ebi-a-GCST006250,rs992875,C,T,NA, || id:ebi-a-GCST006250,TRUE,reported,igd
21,0.00695249,27625716,269867,-0.0325168,2.90603e-6,ebi-a-GCST006250,rs985456,C,T,NA, || id:ebi-a-GCST006250,TRUE,reported,igd
22,0.00278888,34340447,269867,0.0142316,3.33603e-7,ebi-a-GCST006250,rs2001040,A,G,NA, || id:ebi-a-GCST006250,TRUE,reported,igd
22,0.00626262,42278245,269867,0.0310626,7.05505e-7,ebi-a-GCST006250,rs12165579,G,A,NA, || id:ebi-a-GCST006250,TRUE,reported,igd
22,0.00283114,27259889,269867,0.0136546,1.41299e-6,ebi-a-GCST006250,rs136561,T,G,NA, || id:ebi-a-GCST006250,TRUE,reported,igd
22,0.00505897,48150076,269867,-0.0262004,2.227e-7,ebi-a-GCST006250,rs12165965,C,A,NA, || id:ebi-a-GCST006250,TRUE,reported,igd
22,0.00295198,40051166,269867,-0.0131895,7.90296e-6,ebi-a-GCST006250,rs732381,T,A,NA, || id:ebi-a-GCST006250,TRUE,reported,igd
22,0.00312677,39840828,269867,0.0228911,2.45923e-13,ebi-a-GCST006250,rs5750830,A,C,NA, || id:ebi-a-GCST006250,TRUE,reported,igd
22,0.00276157,44925328,269867,-0.0136642,7.51104e-7,ebi-a-GCST006250,rs5765748,G,A,NA, || id:ebi-a-GCST006250,TRUE,reported,igd
22,0.00305269,38818243,269867,-0.0138745,5.48605e-6,ebi-a-GCST006250,rs111959380,A,G,NA, || id:ebi-a-GCST006250,TRUE,reported,igd
22,0.00330215,51139178,269867,-0.0157579,1.821e-6,ebi-a-GCST006250,rs736334,T,C,NA, || id:ebi-a-GCST006250,TRUE,reported,igd
22,0.00608756,41970104,269867,-0.0270957,8.55598e-6,ebi-a-GCST006250,rs78404259,A,G,NA, || id:ebi-a-GCST006250,TRUE,reported,igd
22,0.00291873,31304201,269867,0.01591,4.9980400000000003e-08,ebi-a-GCST006250,rs5753383,A,G,NA, || id:ebi-a-GCST006250,TRUE,reported,igd
22,0.00285515,38138379,269867,-0.0157319,3.58204e-8,ebi-a-GCST006250,rs4396807,C,G,NA, || id:ebi-a-GCST006250,TRUE,reported,igd
22,0.00497724,41992169,269867,0.0353633,1.20393e-12,ebi-a-GCST006250,rs62236533,A,G,NA, || id:ebi-a-GCST006250,TRUE,reported,igd
