SNP,chr.exposure,pos.exposure,effect_allele.exposure,other_allele.exposure,eaf.exposure,beta.exposure,se.exposure,pval.exposure,samplesize.exposure,id.exposure,exposure,mr_keep.exposure,pval_origin.exposure
rs114440021,21,34202672,T,C,0.111056,0.01233,0.00165,6.996e-14,3037499,EA4_additive,exposure,TRUE,reported
rs12589471,14,72295890,A,T,0.382014,-0.00798,0.00108,1.192e-13,3037499,EA4_additive,exposure,TRUE,reported
rs899223,19,13157151,C,G,0.0786726,0.01332,0.00193,5.074e-12,3037499,EA4_additive,exposure,TRUE,reported
rs1882013,3,150967269,T,C,0.700246,0.00591,0.00113,1.784e-7,3037499,EA4_additive,exposure,TRUE,reported
rs421154,7,101693868,C,G,0.781367,0.01098,0.00125,2.062e-18,3037499,EA4_additive,exposure,TRUE,reported
rs4766975,12,121069126,A,G,0.61526,-0.00871,0.00107,4.396e-16,3037499,EA4_additive,exposure,TRUE,reported
rs6539284,12,79592680,T,C,0.612997,-0.00721,0.00107,1.382e-11,3037499,EA4_additive,exposure,TRUE,reported
rs6563363,13,84307786,T,G,0.357053,-0.00921,0.00108,1.703e-17,3037499,EA4_additive,exposure,TRUE,reported
rs74740938,10,66921055,A,T,0.132445,0.01208,0.00162,8.299e-14,3037499,EA4_additive,exposure,TRUE,reported
rs7301232,12,19131515,A,T,0.167863,-0.00773,0.0014,3.795e-8,3037499,EA4_additive,exposure,TRUE,reported
rs9551887,13,30884268,T,C,0.531029,-0.008,0.00105,2.879e-14,3037499,EA4_additive,exposure,TRUE,reported
rs1285481,1,187320237,A,G,0.261026,0.00579,0.00117,7.951e-7,3037499,EA4_additive,exposure,TRUE,reported
rs11746390,5,137085233,T,C,0.742439,-0.0086,0.00118,3.279e-13,3037499,EA4_additive,exposure,TRUE,reported
rs211283,10,32331161,C,G,0.233123,-0.00922,0.00123,5.175e-14,3037499,EA4_additive,exposure,TRUE,reported
rs11633934,15,27994731,A,C,0.549938,0.00803,0.00105,2.102e-14,3037499,EA4_additive,exposure,TRUE,reported
rs16919774,12,32502505,A,T,0.794657,-0.00935,0.00128,2.666e-13,3037499,EA4_additive,exposure,TRUE,reported
rs12524795,6,3464074,T,C,0.438482,0.00851,0.00105,6.323e-16,3037499,EA4_additive,exposure,TRUE,reported
rs10180485,2,51322168,T,G,0.882753,0.01188,0.0016,1.289e-13,3037499,EA4_additive,exposure,TRUE,reported
rs7924465,11,132636983,T,C,0.9094087,0.01448,0.0018,8.495e-16,3037499,EA4_additive,exposure,TRUE,reported
rs2055940,4,46997913,A,G,0.307207,0.00703,0.00112,3.319e-10,3037499,EA4_additive,exposure,TRUE,reported
rs11942352,4,112410355,A,G,0.814075,-0.00894,0.00132,1.401e-11,3037499,EA4_additive,exposure,TRUE,reported
rs12142570,1,11520209,A,T,0.818525,0.00999,0.0014,1.076e-12,3037499,EA4_additive,exposure,TRUE,reported
rs12974657,19,18237571,T,C,0.677318,0.00917,0.00113,3.706e-16,3037499,EA4_additive,exposure,TRUE,reported
rs1866823,8,57436577,A,G,0.54247,0.01058,0.00105,8.099e-24,3037499,EA4_additive,exposure,TRUE,reported
rs4741600,9,1757753,T,C,0.344949,0.0158,0.0011,2.087e-46,3037499,EA4_additive,exposure,TRUE,reported
rs490535,20,3001343,T,C,0.338174,0.00695,0.00111,3.777e-10,3037499,EA4_additive,exposure,TRUE,reported
rs11614957,12,195309,A,G,0.450693,0.01206,0.00105,2.8219999999999998e-30,3037499,EA4_additive,exposure,TRUE,reported
rs2222760,2,151345113,A,G,0.27219,-0.00794,0.00116,8.236e-12,3037499,EA4_additive,exposure,TRUE,reported
rs12240387,10,2664712,A,G,0.356391,-0.00599,0.00109,3.592e-8,3037499,EA4_additive,exposure,TRUE,reported
rs252991,5,106767346,A,G,0.369464,0.01026,0.00108,2.3330000000000002e-21,3037499,EA4_additive,exposure,TRUE,reported
rs13214394,6,102883639,A,T,0.767231,-0.00674,0.00121,2.805e-8,3037499,EA4_additive,exposure,TRUE,reported
rs1865922,15,35060960,C,G,0.153911,-0.0077,0.0015,2.65e-7,3037499,EA4_additive,exposure,TRUE,reported
rs8058137,16,51190580,A,G,0.772806,0.01466,0.00127,8.608e-31,3037499,EA4_additive,exposure,TRUE,reported
rs1581168,4,17053079,T,C,0.295457,-0.01011,0.00116,2.215e-18,3037499,EA4_additive,exposure,TRUE,reported
rs6091534,20,51064283,T,C,0.367724,0.00738,0.00108,7.9e-12,3037499,EA4_additive,exposure,TRUE,reported
rs660010,18,53310969,C,G,0.123945,0.01863,0.0015,3.244e-35,3037499,EA4_additive,exposure,TRUE,reported
rs71433091,13,96225133,T,C,0.0509393,0.01237,0.00235,1.343e-7,3037499,EA4_additive,exposure,TRUE,reported
rs17763421,4,30459746,T,C,0.524161,0.00473,0.00105,6.62e-6,3037499,EA4_additive,exposure,TRUE,reported
rs7632934,3,186151667,A,G,0.541592,-0.00538,0.00105,2.897e-7,3037499,EA4_additive,exposure,TRUE,reported
rs13332638,16,11905849,A,G,0.091777,-0.01304,0.00187,3.118e-12,3037499,EA4_additive,exposure,TRUE,reported
rs10752262,10,12395100,T,C,0.408516,0.00932,0.00106,2.081e-18,3037499,EA4_additive,exposure,TRUE,reported
rs11158200,14,58649843,A,G,0.540468,0.00861,0.00105,2.528e-16,3037499,EA4_additive,exposure,TRUE,reported
rs11847753,14,101761265,A,G,0.373776,0.0049,0.00108,5.432e-6,3037499,EA4_additive,exposure,TRUE,reported
rs4588749,7,3363992,A,G,0.441223,0.01256,0.00105,7.59e-33,3037499,EA4_additive,exposure,TRUE,reported
rs8072494,17,33256917,A,G,0.788728,-0.0116,0.00128,1.647e-19,3037499,EA4_additive,exposure,TRUE,reported
rs72906124,2,157076201,T,C,0.9483369,0.01836,0.00226,4.938e-16,3037499,EA4_additive,exposure,TRUE,reported
rs7027899,9,14248934,A,G,0.80907,0.01137,0.00193,3.795e-9,3037499,EA4_additive,exposure,TRUE,reported
rs11191193,10,103802408,A,G,0.672698,0.0163,0.0011,1.422e-49,3037499,EA4_additive,exposure,TRUE,reported
rs14184,1,110047110,C,G,0.702756,-0.01343,0.00114,6.957e-32,3037499,EA4_additive,exposure,TRUE,reported
rs2195041,18,64579525,A,G,0.392886,0.00659,0.00107,6.164e-10,3037499,EA4_additive,exposure,TRUE,reported
rs9935637,16,76469730,C,G,0.441638,0.00816,0.00105,8.936e-15,3037499,EA4_additive,exposure,TRUE,reported
rs4391653,1,241342291,T,C,0.254173,-0.00816,0.00119,6.888e-12,3037499,EA4_additive,exposure,TRUE,reported
rs12569163,1,241878547,T,G,0.800092,-0.01233,0.00183,1.693e-11,3037499,EA4_additive,exposure,TRUE,reported
rs9291074,4,5208893,A,C,0.83474,0.00762,0.00145,1.498e-7,3037499,EA4_additive,exposure,TRUE,reported
rs7603132,2,4951548,A,G,0.183585,0.01729,0.00134,2.702e-38,3037499,EA4_additive,exposure,TRUE,reported
rs56133711,11,27723334,A,G,0.2245,-0.01224,0.00121,7.161999999999999e-24,3037499,EA4_additive,exposure,TRUE,reported
rs60227577,7,20890867,A,G,0.9641361,-0.0158,0.00291,5.388e-8,3037499,EA4_additive,exposure,TRUE,reported
rs4751360,10,133097784,T,C,0.468987,0.0091,0.00105,4.012e-18,3037499,EA4_additive,exposure,TRUE,reported
rs12609965,19,13917866,A,C,0.245504,0.00706,0.00122,8.05e-9,3037499,EA4_additive,exposure,TRUE,reported
rs7909605,10,126957855,T,C,0.2332,-0.00562,0.00126,8.717e-6,3037499,EA4_additive,exposure,TRUE,reported
rs6534704,4,129757825,A,T,0.073221,-0.015,0.00189,1.964e-15,3037499,EA4_additive,exposure,TRUE,reported
rs10772644,12,13417617,C,G,0.886665,0.01397,0.00168,1.052e-16,3037499,EA4_additive,exposure,TRUE,reported
rs28451864,8,87679777,A,T,0.551678,0.01182,0.00105,2.633e-29,3037499,EA4_additive,exposure,TRUE,reported
rs62382072,5,165217973,T,C,0.79381,0.00672,0.00128,1.691e-7,3037499,EA4_additive,exposure,TRUE,reported
rs6457796,6,34828553,T,C,0.713043,0.0104,0.00117,4.811e-19,3037499,EA4_additive,exposure,TRUE,reported
rs11081529,18,75902735,T,C,0.7247,0.01228,0.00117,7.097e-26,3037499,EA4_additive,exposure,TRUE,reported
rs56016333,7,104596248,T,C,0.650955,-0.01383,0.0011,4.38e-36,3037499,EA4_additive,exposure,TRUE,reported
rs705240,3,118457615,T,C,0.181183,-0.01301,0.00135,4.559e-22,3037499,EA4_additive,exposure,TRUE,reported
rs12089815,1,91189933,A,G,0.525793,0.01853,0.00105,1.1410000000000001e-69,3037499,EA4_additive,exposure,TRUE,reported
rs4551987,15,93475558,A,G,0.839436,0.01248,0.00142,1.624e-18,3037499,EA4_additive,exposure,TRUE,reported
rs4685448,3,252344,A,G,0.421497,-0.00679,0.00105,1.198e-10,3037499,EA4_additive,exposure,TRUE,reported
rs13284474,9,119622710,T,C,0.427502,0.00635,0.00105,1.717e-9,3037499,EA4_additive,exposure,TRUE,reported
rs10016110,4,45968561,A,G,0.369587,0.00947,0.00108,1.437e-18,3037499,EA4_additive,exposure,TRUE,reported
rs56188374,4,158860186,A,G,0.0701417,-0.01411,0.00193,2.721e-13,3037499,EA4_additive,exposure,TRUE,reported
rs59226697,22,25870037,C,G,0.934016,0.01133,0.0022,2.516e-7,3037499,EA4_additive,exposure,TRUE,reported
rs2289769,12,46600494,A,G,0.869002,-0.00838,0.00151,2.831e-8,3037499,EA4_additive,exposure,TRUE,reported
rs11688767,2,57988194,A,T,0.513474,-0.01428,0.00105,2.3849999999999997e-42,3037499,EA4_additive,exposure,TRUE,reported
rs41741,7,116438511,T,G,0.663074,0.00737,0.00111,3.353e-11,3037499,EA4_additive,exposure,TRUE,reported
rs6044142,20,16559255,A,G,0.584339,-0.00739,0.00106,2.651e-12,3037499,EA4_additive,exposure,TRUE,reported
rs5759002,22,43263432,A,G,0.507638,0.00832,0.00105,1.977e-15,3037499,EA4_additive,exposure,TRUE,reported
rs186034719,3,70724895,C,G,0.00839236,-0.02728,0.00562,1.227e-6,3037499,EA4_additive,exposure,TRUE,reported
rs35565533,12,107730500,A,C,0.744225,0.00842,0.00119,1.224e-12,3037499,EA4_additive,exposure,TRUE,reported
rs67829508,2,120847642,A,G,0.175978,-0.0092,0.00136,1.162e-11,3037499,EA4_additive,exposure,TRUE,reported
rs752806,11,126293239,A,T,0.467709,-0.00741,0.00105,1.688e-12,3037499,EA4_additive,exposure,TRUE,reported
rs111821073,9,99084793,T,C,0.149061,0.01533,0.00145,4.7010000000000004e-26,3037499,EA4_additive,exposure,TRUE,reported
rs62262312,3,127145909,C,G,0.150724,0.01889,0.00142,2.359e-40,3037499,EA4_additive,exposure,TRUE,reported
rs1337731,1,199444151,A,G,0.340345,0.00863,0.00111,7.073e-15,3037499,EA4_additive,exposure,TRUE,reported
rs55909821,12,57430321,T,C,0.0587003,-0.01172,0.00221,1.087e-7,3037499,EA4_additive,exposure,TRUE,reported
rs28617748,17,27712493,A,T,0.99690484,0.00909,0.00128,1.057e-12,3037499,EA4_additive,exposure,TRUE,reported
rs2301015,5,109143386,T,C,0.341084,-0.01065,0.00112,1.3700000000000002e-21,3037499,EA4_additive,exposure,TRUE,reported
rs4772268,13,100825526,A,G,0.332799,0.00992,0.00111,4.025e-19,3037499,EA4_additive,exposure,TRUE,reported
rs7632819,3,108071811,A,G,0.76138,-0.01301,0.00122,1.1260000000000001e-26,3037499,EA4_additive,exposure,TRUE,reported
rs13252156,8,15242899,A,C,0.416954,0.00899,0.00107,4.686e-17,3037499,EA4_additive,exposure,TRUE,reported
rs1960779,12,30415074,A,T,0.616153,0.0051,0.00108,2.262e-6,3037499,EA4_additive,exposure,TRUE,reported
rs4583487,2,100837126,T,G,0.379858,0.02298,0.00107,2.58e-102,3037499,EA4_additive,exposure,TRUE,reported
rs143747834,7,34675652,C,G,0.219187,-0.00782,0.0013,1.57e-9,3037499,EA4_additive,exposure,TRUE,reported
rs1182532,20,58393545,A,C,0.145642,0.01107,0.00146,3.997e-14,3037499,EA4_additive,exposure,TRUE,reported
rs11172371,12,58286188,T,C,0.313705,-0.0107,0.00112,1.233e-21,3037499,EA4_additive,exposure,TRUE,reported
rs72777062,5,91692183,T,C,0.232122,0.00597,0.00127,2.446e-6,3037499,EA4_additive,exposure,TRUE,reported
rs10167909,2,133512171,T,C,0.197244,0.00897,0.00127,1.984e-12,3037499,EA4_additive,exposure,TRUE,reported
rs991911,16,24291053,A,T,0.385879,-0.00557,0.00107,2.119e-7,3037499,EA4_additive,exposure,TRUE,reported
rs118134876,7,11500372,T,C,0.0534493,-0.03109,0.00219,6.973e-46,3037499,EA4_additive,exposure,TRUE,reported
rs496368,11,131813107,A,G,0.549292,-0.00541,0.00105,2.521e-7,3037499,EA4_additive,exposure,TRUE,reported
rs3800626,7,137378117,A,G,0.695011,-0.00521,0.00114,5.042e-6,3037499,EA4_additive,exposure,TRUE,reported
rs9374194,6,111000185,T,C,0.808593,-0.00881,0.00133,4.058e-11,3037499,EA4_additive,exposure,TRUE,reported
rs567775,5,4038358,T,C,0.476794,0.00697,0.00105,2.727e-11,3037499,EA4_additive,exposure,TRUE,reported
rs1056010,12,54626752,T,C,0.586834,-0.00998,0.00107,1.2290000000000001e-20,3037499,EA4_additive,exposure,TRUE,reported
rs11633747,15,80933586,A,G,0.730043,-0.00585,0.00121,1.433e-6,3037499,EA4_additive,exposure,TRUE,reported
rs115124024,12,2365908,A,C,0.9526486,0.01783,0.00241,1.465e-13,3037499,EA4_additive,exposure,TRUE,reported
rs11648089,16,89713938,T,C,0.897505,0.00825,0.00169,1.122e-6,3037499,EA4_additive,exposure,TRUE,reported
rs7109373,11,39928045,A,T,0.805929,0.01041,0.00132,2.899e-15,3037499,EA4_additive,exposure,TRUE,reported
rs34488670,15,47684936,T,C,0.785694,0.01402,0.00128,6.793e-28,3037499,EA4_additive,exposure,TRUE,reported
rs12234936,8,30857668,T,C,0.420465,-0.0146,0.00106,6.538e-43,3037499,EA4_additive,exposure,TRUE,reported
rs12699131,7,71751316,A,G,0.471158,0.01382,0.00105,1.045e-39,3037499,EA4_additive,exposure,TRUE,reported
rs11861256,16,48747433,A,C,0.191839,0.01004,0.00133,4.733e-14,3037499,EA4_additive,exposure,TRUE,reported
rs8020023,14,26981079,A,G,0.247182,0.01445,0.00123,6.336e-32,3037499,EA4_additive,exposure,TRUE,reported
rs16844417,1,172377745,A,G,0.108593,-0.00932,0.00163,1.09e-8,3037499,EA4_additive,exposure,TRUE,reported
rs4141463,20,14747471,T,C,0.429104,-0.00864,0.00106,3.895e-16,3037499,EA4_additive,exposure,TRUE,reported
rs7296742,12,95147249,A,G,0.274145,-0.00855,0.00116,2.056e-13,3037499,EA4_additive,exposure,TRUE,reported
rs77584294,1,75541089,A,C,0.0372498,0.02591,0.00268,3.8569999999999996e-22,3037499,EA4_additive,exposure,TRUE,reported
rs6747129,2,225477542,A,G,0.119495,-0.01568,0.00173,1.137e-19,3037499,EA4_additive,exposure,TRUE,reported
rs13102803,4,94441283,T,C,0.230428,0.00594,0.00123,1.286e-6,3037499,EA4_additive,exposure,TRUE,reported
rs12339610,9,121922801,T,C,0.745827,0.00904,0.0012,4.083e-14,3037499,EA4_additive,exposure,TRUE,reported
rs78410329,16,730830,T,C,0.237404,0.01783,0.00126,1.632e-45,3037499,EA4_additive,exposure,TRUE,reported
rs2303907,2,73470497,T,C,0.517847,0.00852,0.00105,4.151e-16,3037499,EA4_additive,exposure,TRUE,reported
rs9540920,13,67384556,A,G,0.578703,0.00584,0.00106,3.378e-8,3037499,EA4_additive,exposure,TRUE,reported
rs2974337,8,42390873,T,C,0.478134,0.0118,0.00105,2.4159999999999998e-29,3037499,EA4_additive,exposure,TRUE,reported
rs72819955,10,107051384,T,C,0.0248845,-0.02482,0.00306,4.87e-16,3037499,EA4_additive,exposure,TRUE,reported
rs7977614,12,110115286,A,G,0.725085,-0.01115,0.00118,2.528e-21,3037499,EA4_additive,exposure,TRUE,reported
rs1464018,3,103298871,T,C,0.245288,-0.01361,0.00128,2.8120000000000004e-26,3037499,EA4_additive,exposure,TRUE,reported
rs6721505,2,36578013,A,G,0.324669,0.00736,0.00112,4.092e-11,3037499,EA4_additive,exposure,TRUE,reported
rs17721326,8,139310138,T,C,0.292208,0.00865,0.00115,4.753e-14,3037499,EA4_additive,exposure,TRUE,reported
rs12613500,2,180928465,C,G,0.424022,0.01013,0.00106,1e-21,3037499,EA4_additive,exposure,TRUE,reported
rs10745307,1,110580215,A,G,0.564829,-0.01069,0.00105,2.849e-24,3037499,EA4_additive,exposure,TRUE,reported
rs78116078,1,18434125,C,G,0.726332,0.0093,0.00116,1.282e-15,3037499,EA4_additive,exposure,TRUE,reported
rs73210523,3,196876600,A,G,0.164906,0.01184,0.00138,9.72e-18,3037499,EA4_additive,exposure,TRUE,reported
rs12828220,12,27397792,T,C,0.598352,-0.00975,0.00109,2.789e-19,3037499,EA4_additive,exposure,TRUE,reported
rs962437,4,81140432,A,G,0.422898,0.00508,0.00107,2.107e-6,3037499,EA4_additive,exposure,TRUE,reported
rs4750308,10,13116699,A,C,0.772467,0.00586,0.00126,3.185e-6,3037499,EA4_additive,exposure,TRUE,reported
rs4375600,15,61597124,A,G,0.104635,-0.01001,0.00181,3.18e-8,3037499,EA4_additive,exposure,TRUE,reported
rs6547396,2,82132940,T,C,0.579674,0.00772,0.00107,4.491e-13,3037499,EA4_additive,exposure,TRUE,reported
rs2371001,2,211467548,A,G,0.500601,-0.00929,0.00105,7.151e-19,3037499,EA4_additive,exposure,TRUE,reported
rs561655,11,85800279,A,G,0.653403,-0.00891,0.0011,5.691e-16,3037499,EA4_additive,exposure,TRUE,reported
rs8028740,15,69088844,A,G,0.053449,-0.01223,0.00262,3.075e-6,3037499,EA4_additive,exposure,TRUE,reported
rs12201073,6,67488602,T,C,0.352633,-0.00708,0.00108,5.021e-11,3037499,EA4_additive,exposure,TRUE,reported
rs9372734,6,98577689,T,C,0.463597,0.02191,0.00105,3.15e-97,3037499,EA4_additive,exposure,TRUE,reported
rs7788620,7,2196349,A,G,0.785541,0.0167,0.00126,8.272e-40,3037499,EA4_additive,exposure,TRUE,reported
rs4846724,1,221967817,A,G,0.531722,0.00767,0.00105,2.623e-13,3037499,EA4_additive,exposure,TRUE,reported
rs73141547,3,85657125,A,T,0.658577,-0.01561,0.0011,1.2689999999999999e-45,3037499,EA4_additive,exposure,TRUE,reported
rs17266097,2,200275209,T,C,0.385679,0.00879,0.00107,1.996e-16,3037499,EA4_additive,exposure,TRUE,reported
rs66488846,7,48783897,A,T,0.444272,0.00711,0.00105,1.549e-11,3037499,EA4_additive,exposure,TRUE,reported
rs9382333,6,54262238,C,G,0.564367,-0.00556,0.00106,1.391e-7,3037499,EA4_additive,exposure,TRUE,reported
rs1585524,4,66959264,A,G,0.473314,0.00576,0.00106,4.657e-8,3037499,EA4_additive,exposure,TRUE,reported
rs2503870,10,43796180,T,C,0.322975,-0.00553,0.00111,6.998e-7,3037499,EA4_additive,exposure,TRUE,reported
rs786244,2,145756260,C,G,0.341007,0.01025,0.00109,6.087e-21,3037499,EA4_additive,exposure,TRUE,reported
rs80171383,11,46084677,A,G,0.125085,0.01462,0.00153,1.182e-21,3037499,EA4_additive,exposure,TRUE,reported
rs36048136,4,83288006,A,G,0.207607,0.01179,0.00125,4.696e-21,3037499,EA4_additive,exposure,TRUE,reported
rs2364972,17,65475332,A,G,0.548476,0.00719,0.00105,7.72e-12,3037499,EA4_additive,exposure,TRUE,reported
rs6785141,3,45377695,T,C,0.72336,0.00536,0.00114,2.368e-6,3037499,EA4_additive,exposure,TRUE,reported
rs1499955,3,115236973,A,C,0.459809,-0.00565,0.00105,7.313e-8,3037499,EA4_additive,exposure,TRUE,reported
rs1387148,4,19590971,A,C,0.192809,-0.00946,0.00131,5.938e-13,3037499,EA4_additive,exposure,TRUE,reported
rs2964252,5,152067929,A,G,0.321605,0.01024,0.00113,1.298e-19,3037499,EA4_additive,exposure,TRUE,reported
rs80045785,1,112663617,T,C,0.0859563,0.00884,0.00183,1.335e-6,3037499,EA4_additive,exposure,TRUE,reported
rs7150195,14,69740483,T,G,0.365306,0.01365,0.00108,1.439e-36,3037499,EA4_additive,exposure,TRUE,reported
rs10481106,8,107599471,A,G,0.156283,-0.01237,0.00144,8.902e-18,3037499,EA4_additive,exposure,TRUE,reported
rs3013170,6,64840987,T,C,0.596427,0.00707,0.00107,4.528e-11,3037499,EA4_additive,exposure,TRUE,reported
rs8008880,14,100370609,A,G,0.808408,0.00608,0.00137,8.756e-6,3037499,EA4_additive,exposure,TRUE,reported
rs10887465,10,87016897,A,C,0.274546,0.01276,0.00118,4.909e-27,3037499,EA4_additive,exposure,TRUE,reported
rs1039617,3,136985329,T,C,0.40907,-0.00785,0.00106,1.406e-13,3037499,EA4_additive,exposure,TRUE,reported
rs192230289,2,25454104,T,C,0.0163074,-0.02665,0.00406,5.236e-11,3037499,EA4_additive,exposure,TRUE,reported
rs72748123,5,52799806,A,G,0.15967,-0.0118,0.00142,7.742e-17,3037499,EA4_additive,exposure,TRUE,reported
rs12893970,14,56474502,A,G,0.087219,-0.01272,0.00176,4.755e-13,3037499,EA4_additive,exposure,TRUE,reported
rs4879832,9,34830432,T,C,0.391423,-0.00637,0.00108,3.556e-9,3037499,EA4_additive,exposure,TRUE,reported
rs13138842,4,158143092,A,G,0.193224,0.00834,0.00132,2.703e-10,3037499,EA4_additive,exposure,TRUE,reported
rs2154209,14,57586697,T,C,0.800832,-0.00779,0.00131,2.512e-9,3037499,EA4_additive,exposure,TRUE,reported
rs71366589,17,4004590,T,C,0.983862,0.02255,0.00373,1.462e-9,3037499,EA4_additive,exposure,TRUE,reported
rs623200,18,66246646,T,C,0.398322,0.00704,0.00108,5.79e-11,3037499,EA4_additive,exposure,TRUE,reported
rs9356034,6,162946186,T,C,0.669249,0.01034,0.00113,4.673e-20,3037499,EA4_additive,exposure,TRUE,reported
rs6839051,4,35026277,A,C,0.383262,-0.0069,0.00108,1.435e-10,3037499,EA4_additive,exposure,TRUE,reported
rs11747178,5,92793427,T,G,0.9598245,0.01133,0.00241,2.588e-6,3037499,EA4_additive,exposure,TRUE,reported
rs55640000,20,22310689,T,G,0.633985,-0.00774,0.00109,1.38e-12,3037499,EA4_additive,exposure,TRUE,reported
rs6779981,3,171054056,T,C,0.599138,0.00676,0.00107,2.394e-10,3037499,EA4_additive,exposure,TRUE,reported
rs4812818,20,42939426,T,G,0.184108,-0.00739,0.00132,2.234e-8,3037499,EA4_additive,exposure,TRUE,reported
rs13212041,6,78171124,T,C,0.799707,0.01123,0.00131,9.056e-18,3037499,EA4_additive,exposure,TRUE,reported
rs7302808,12,12420232,T,C,0.481475,0.00641,0.00106,1.222e-9,3037499,EA4_additive,exposure,TRUE,reported
rs56409354,1,41772971,A,G,0.218232,-0.01599,0.00127,1.6389999999999998e-36,3037499,EA4_additive,exposure,TRUE,reported
rs7009856,8,1146075,C,G,0.403711,0.00671,0.00107,4.121e-10,3037499,EA4_additive,exposure,TRUE,reported
rs17787953,3,149258066,T,C,0.79712,0.00565,0.00128,9.965e-6,3037499,EA4_additive,exposure,TRUE,reported
rs145481578,5,59557590,T,C,0.0193409,0.02354,0.00386,1.087e-9,3037499,EA4_additive,exposure,TRUE,reported
rs2498018,1,208270481,C,G,0.186464,-0.00893,0.00133,1.922e-11,3037499,EA4_additive,exposure,TRUE,reported
rs13159124,5,3422780,A,G,0.692224,-0.01127,0.00112,1.0119999999999999e-23,3037499,EA4_additive,exposure,TRUE,reported
rs6760675,2,169383721,T,C,0.748075,0.00635,0.0012,1.216e-7,3037499,EA4_additive,exposure,TRUE,reported
rs5021426,3,18700484,T,C,0.716215,-0.01116,0.00117,1.6570000000000001e-21,3037499,EA4_additive,exposure,TRUE,reported
rs7032484,9,124617919,A,G,0.56854,0.01301,0.00106,6.755000000000001e-35,3037499,EA4_additive,exposure,TRUE,reported
rs748832,3,16851202,A,G,0.637635,0.01007,0.00108,1.608e-20,3037499,EA4_additive,exposure,TRUE,reported
rs42210,5,166408788,C,G,0.691685,-0.01177,0.00116,3.129e-24,3037499,EA4_additive,exposure,TRUE,reported
rs1334297,13,58335375,A,G,0.750955,0.024,0.00119,8.08e-90,3037499,EA4_additive,exposure,TRUE,reported
rs6731373,2,68503044,A,G,0.320296,-0.00872,0.0011,2.635e-15,3037499,EA4_additive,exposure,TRUE,reported
rs1317186,8,53318644,A,C,0.263366,0.00601,0.00118,3.613e-7,3037499,EA4_additive,exposure,TRUE,reported
rs1024374,22,51149320,C,G,0.519664,0.00976,0.00105,2.046e-20,3037499,EA4_additive,exposure,TRUE,reported
rs10739569,9,123361027,C,G,0.696458,-0.00723,0.00114,2.493e-10,3037499,EA4_additive,exposure,TRUE,reported
rs28381527,6,88369032,A,G,0.0769479,-0.01999,0.00195,9.736e-25,3037499,EA4_additive,exposure,TRUE,reported
rs348874,3,100930681,A,T,0.545457,-0.00524,0.00105,5.615e-7,3037499,EA4_additive,exposure,TRUE,reported
rs137121,22,43013554,T,C,0.126809,0.01266,0.00157,8.117e-16,3037499,EA4_additive,exposure,TRUE,reported
rs7338804,13,38660394,A,G,0.143363,-0.0084,0.0015,2.268e-8,3037499,EA4_additive,exposure,TRUE,reported
rs8025575,15,26788083,C,G,0.460071,-0.00802,0.00105,2.558e-14,3037499,EA4_additive,exposure,TRUE,reported
rs10734924,12,123018894,T,G,0.25696,-0.01176,0.00119,4.7979999999999996e-23,3037499,EA4_additive,exposure,TRUE,reported
rs7187692,16,72017495,C,G,0.517986,0.01101,0.00105,7.709000000000001e-26,3037499,EA4_additive,exposure,TRUE,reported
rs11715948,3,44464449,T,G,0.580674,0.00508,0.00107,1.905e-6,3037499,EA4_additive,exposure,TRUE,reported
rs4876775,8,118944974,A,G,0.337943,-0.01126,0.00113,1.648e-23,3037499,EA4_additive,exposure,TRUE,reported
rs7983020,13,21239941,T,C,0.703157,-0.00893,0.00116,1.336e-14,3037499,EA4_additive,exposure,TRUE,reported
rs989996,7,117642252,T,C,0.439205,-0.00942,0.00105,2.978e-19,3037499,EA4_additive,exposure,TRUE,reported
rs4864881,4,55200455,T,C,0.596397,-0.00698,0.00107,7.738e-11,3037499,EA4_additive,exposure,TRUE,reported
rs56194430,5,67824690,T,C,0.16081,-0.01861,0.00141,5.7159999999999995e-40,3037499,EA4_additive,exposure,TRUE,reported
rs586829,3,20553778,A,G,0.634047,0.00992,0.00108,5.487e-20,3037499,EA4_additive,exposure,TRUE,reported
rs7762296,6,170042465,T,C,0.312165,-0.00835,0.00114,2.018e-13,3037499,EA4_additive,exposure,TRUE,reported
rs1605127,8,110859323,A,G,0.20405,0.006,0.00131,4.803e-6,3037499,EA4_additive,exposure,TRUE,reported
rs73117392,3,70002020,T,C,0.9481675,-0.02312,0.00228,3.556e-24,3037499,EA4_additive,exposure,TRUE,reported
rs11925699,3,193321115,A,G,0.463366,-0.00766,0.00105,2.733e-13,3037499,EA4_additive,exposure,TRUE,reported
rs10815961,9,8818758,T,C,0.490992,0.00635,0.00105,1.299e-9,3037499,EA4_additive,exposure,TRUE,reported
rs2639655,3,158385966,C,G,0.805759,0.00922,0.00133,3.537e-12,3037499,EA4_additive,exposure,TRUE,reported
rs10874759,1,93630172,A,G,0.652741,0.01289,0.0011,1.082e-31,3037499,EA4_additive,exposure,TRUE,reported
rs7469569,9,139926402,T,C,0.346058,0.00953,0.0011,3.573e-18,3037499,EA4_additive,exposure,TRUE,reported
rs17881016,10,133729181,A,G,0.742408,-0.01314,0.0012,5.273e-28,3037499,EA4_additive,exposure,TRUE,reported
rs10819974,9,104422344,T,C,0.222836,-0.00815,0.00123,3.952e-11,3037499,EA4_additive,exposure,TRUE,reported
rs62079997,17,80076888,T,C,0.543717,-0.00677,0.00106,1.497e-10,3037499,EA4_additive,exposure,TRUE,reported
rs12616388,2,164941580,A,C,0.188897,-0.00638,0.00138,3.658e-6,3037499,EA4_additive,exposure,TRUE,reported
rs11019128,11,90393587,T,C,0.359116,-0.00871,0.00108,6.346e-16,3037499,EA4_additive,exposure,TRUE,reported
rs2288625,2,222327083,T,C,0.260117,-0.0056,0.0012,3.28e-6,3037499,EA4_additive,exposure,TRUE,reported
rs9317202,13,62355464,T,C,0.698845,0.00979,0.00114,1.266e-17,3037499,EA4_additive,exposure,TRUE,reported
rs12055782,6,128312033,A,G,0.725069,-0.01178,0.00116,4.1539999999999996e-24,3037499,EA4_additive,exposure,TRUE,reported
rs57349798,6,37486052,A,G,0.39886,0.0095,0.00106,4.319e-19,3037499,EA4_additive,exposure,TRUE,reported
rs7312511,12,13582753,T,C,0.104697,-0.00978,0.00176,2.548e-8,3037499,EA4_additive,exposure,TRUE,reported
rs72674843,8,95533000,T,C,0.724961,-0.01069,0.00121,1.013e-18,3037499,EA4_additive,exposure,TRUE,reported
rs8017026,14,30026463,C,G,0.0747151,-0.01032,0.00222,3.301e-6,3037499,EA4_additive,exposure,TRUE,reported
rs6534338,4,123026869,T,C,0.297644,0.01047,0.00114,4.141e-20,3037499,EA4_additive,exposure,TRUE,reported
rs7099779,10,116689868,A,G,0.507977,0.00517,0.00105,7.797e-7,3037499,EA4_additive,exposure,TRUE,reported
rs1820986,2,68075346,A,G,0.146905,-0.0116,0.00152,2.349e-14,3037499,EA4_additive,exposure,TRUE,reported
rs139872934,2,107543830,T,C,0.09421,0.0138,0.00182,3.174e-14,3037499,EA4_additive,exposure,TRUE,reported
rs795540,5,13817984,T,C,0.590622,-0.00798,0.00106,5.952e-14,3037499,EA4_additive,exposure,TRUE,reported
rs11724690,4,186764747,T,G,0.282861,0.00949,0.00115,1.454e-16,3037499,EA4_additive,exposure,TRUE,reported
rs8044562,16,82876486,A,G,0.276794,-0.01193,0.00116,8.335000000000001e-25,3037499,EA4_additive,exposure,TRUE,reported
rs16962221,16,13602800,A,G,0.350955,0.00748,0.0011,1.083e-11,3037499,EA4_additive,exposure,TRUE,reported
rs184654,11,72364405,C,G,0.838451,0.0165,0.00143,1.1289999999999999e-30,3037499,EA4_additive,exposure,TRUE,reported
rs2160514,12,16756508,A,C,0.567508,-0.01111,0.00105,5.901000000000001e-26,3037499,EA4_additive,exposure,TRUE,reported
rs424387,12,124610849,C,G,0.598583,-0.00617,0.00107,7.093e-9,3037499,EA4_additive,exposure,TRUE,reported
rs13010288,2,51824512,T,G,0.12331399999999999,0.0201,0.00157,1.2979999999999999e-37,3037499,EA4_additive,exposure,TRUE,reported
rs114468556,5,92870246,A,T,0.0370804,0.02949,0.00261,1.2200000000000001e-29,3037499,EA4_additive,exposure,TRUE,reported
rs11176598,12,67534969,T,C,0.700693,0.00531,0.00113,2.608e-6,3037499,EA4_additive,exposure,TRUE,reported
rs2610990,4,18008232,A,G,0.273545,0.01158,0.0012,3.4609999999999995e-22,3037499,EA4_additive,exposure,TRUE,reported
rs11159067,14,74637444,A,G,0.657545,0.00948,0.00111,1.836e-17,3037499,EA4_additive,exposure,TRUE,reported
rs72915557,2,175199092,A,G,0.0519711,-0.02057,0.00221,1.1580000000000002e-20,3037499,EA4_additive,exposure,TRUE,reported
rs67171806,5,135501082,T,G,0.908377,0.00906,0.002,5.89e-6,3037499,EA4_additive,exposure,TRUE,reported
rs34719425,6,167620407,T,C,0.25097,0.00951,0.00122,8.074e-15,3037499,EA4_additive,exposure,TRUE,reported
rs4390219,1,32267747,T,C,0.31409,-0.00748,0.00113,3.368e-11,3037499,EA4_additive,exposure,TRUE,reported
rs150121450,13,105773449,T,G,0.0285186,0.01966,0.00304,1.017e-10,3037499,EA4_additive,exposure,TRUE,reported
rs1156541,18,39952989,T,C,0.763335,0.00705,0.00125,1.514e-8,3037499,EA4_additive,exposure,TRUE,reported
rs12362273,11,110022157,A,C,0.771743,-0.00708,0.00123,7.885e-9,3037499,EA4_additive,exposure,TRUE,reported
rs1392816,1,66481188,T,C,0.371528,0.00959,0.00108,5.424e-19,3037499,EA4_additive,exposure,TRUE,reported
rs10193498,2,174094345,A,T,0.730536,0.01127,0.0012,7.890000000000001e-21,3037499,EA4_additive,exposure,TRUE,reported
rs4718577,7,66932259,T,C,0.308916,0.00579,0.00115,4.362e-7,3037499,EA4_additive,exposure,TRUE,reported
rs117005905,6,114218608,T,C,0.115491,0.01558,0.00162,5.632999999999999e-22,3037499,EA4_additive,exposure,TRUE,reported
rs111922189,6,124654845,A,G,0.9807977,-0.01737,0.00381,5.162e-6,3037499,EA4_additive,exposure,TRUE,reported
rs62367470,5,45192276,T,C,0.1838,0.00799,0.00137,5.829e-9,3037499,EA4_additive,exposure,TRUE,reported
rs9537509,13,57509685,T,C,0.744256,-0.00701,0.0012,5.316e-9,3037499,EA4_additive,exposure,TRUE,reported
rs10887592,10,88143472,A,G,0.256452,0.00652,0.00118,3.336e-8,3037499,EA4_additive,exposure,TRUE,reported
rs4869579,5,38231257,T,C,0.515645,0.00634,0.00105,1.442e-9,3037499,EA4_additive,exposure,TRUE,reported
rs1125854,7,131927170,T,C,0.361334,-0.00773,0.00108,8.957e-13,3037499,EA4_additive,exposure,TRUE,reported
rs9635366,15,65804986,A,G,0.211041,0.0161,0.00136,1.978e-32,3037499,EA4_additive,exposure,TRUE,reported
rs144241352,6,115574188,A,T,0.0353711,-0.01686,0.00292,7.508e-9,3037499,EA4_additive,exposure,TRUE,reported
rs3863241,8,73890335,T,C,0.536187,-0.00859,0.00105,2.856e-16,3037499,EA4_additive,exposure,TRUE,reported
rs6020560,20,49119419,T,C,0.51389,-0.00957,0.00105,6.936000000000001e-20,3037499,EA4_additive,exposure,TRUE,reported
rs590013,1,29155738,T,C,0.650293,0.01107,0.00111,2.9619999999999996e-23,3037499,EA4_additive,exposure,TRUE,reported
rs3796432,4,96030402,T,G,0.365938,0.00684,0.00108,2.67e-10,3037499,EA4_additive,exposure,TRUE,reported
rs2063569,1,211563175,C,G,0.373745,-0.00962,0.00108,6.076e-19,3037499,EA4_additive,exposure,TRUE,reported
rs903981,5,178390237,T,G,0.431414,-0.00715,0.00106,1.733e-11,3037499,EA4_additive,exposure,TRUE,reported
rs1865880,3,161515597,T,C,0.354774,-0.00615,0.00109,1.613e-8,3037499,EA4_additive,exposure,TRUE,reported
rs56306348,14,36876908,A,G,0.624761,0.00748,0.00108,3.782e-12,3037499,EA4_additive,exposure,TRUE,reported
rs10168798,2,61963230,T,C,0.372744,0.00531,0.00108,9.293e-7,3037499,EA4_additive,exposure,TRUE,reported
rs7172133,15,96025311,A,C,0.688605,0.00742,0.00113,4.923e-11,3037499,EA4_additive,exposure,TRUE,reported
rs2824194,21,18422045,A,T,0.495642,0.00726,0.00105,3.972e-12,3037499,EA4_additive,exposure,TRUE,reported
rs4467547,4,21945933,T,G,0.384416,0.01322,0.00107,3.439e-35,3037499,EA4_additive,exposure,TRUE,reported
rs356903,18,26284807,T,C,0.266615,-0.00719,0.00121,2.457e-9,3037499,EA4_additive,exposure,TRUE,reported
rs35414043,15,66839394,A,G,0.0773483,-0.01539,0.00197,5.576e-15,3037499,EA4_additive,exposure,TRUE,reported
rs11639145,15,79645046,A,C,0.655159,-0.00536,0.0011,1.01e-6,3037499,EA4_additive,exposure,TRUE,reported
rs78462816,4,38300662,A,G,0.887558,-0.01037,0.00162,1.419e-10,3037499,EA4_additive,exposure,TRUE,reported
rs1483148,2,142319770,T,G,0.719048,0.01209,0.00118,1.2799999999999999e-24,3037499,EA4_additive,exposure,TRUE,reported
rs7027019,9,84191267,T,C,0.677271,-0.00618,0.00112,3.264e-8,3037499,EA4_additive,exposure,TRUE,reported
rs35375125,1,169248652,T,C,0.62183600000000006,-0.00946,0.00109,5.192e-18,3037499,EA4_additive,exposure,TRUE,reported
rs9871964,3,178374095,T,C,0.181013,-0.00951,0.00138,5.42e-12,3037499,EA4_additive,exposure,TRUE,reported
rs1438993,12,90596815,T,C,0.281152,0.00563,0.00118,1.742e-6,3037499,EA4_additive,exposure,TRUE,reported
rs382196,3,9145554,T,G,0.360841,-0.00703,0.00108,7.531e-11,3037499,EA4_additive,exposure,TRUE,reported
rs28588750,7,133629138,A,G,0.654881,0.01146,0.00109,7.584000000000001e-26,3037499,EA4_additive,exposure,TRUE,reported
rs12113634,7,111996952,T,C,0.65,0.00908,0.00109,9.23e-17,3037499,EA4_additive,exposure,TRUE,reported
rs112780312,1,153797015,A,G,0.283508,-0.0096,0.00116,1.103e-16,3037499,EA4_additive,exposure,TRUE,reported
rs77187837,13,54086522,T,C,0.122713,0.01293,0.0016,5.827e-16,3037499,EA4_additive,exposure,TRUE,reported
rs9896379,17,55740154,T,C,0.9196335,0.01056,0.00198,9.017e-8,3037499,EA4_additive,exposure,TRUE,reported
rs11839131,13,113748379,A,C,0.193471,0.00597,0.00133,7.609e-6,3037499,EA4_additive,exposure,TRUE,reported
rs1128687,17,78973474,T,C,0.59247,-0.00813,0.00106,1.752e-14,3037499,EA4_additive,exposure,TRUE,reported
rs75795256,3,82998151,T,C,0.9097937,-0.0136,0.00183,1.04e-13,3037499,EA4_additive,exposure,TRUE,reported
rs2294605,16,1400693,T,C,0.418679,-0.00508,0.00107,1.837e-6,3037499,EA4_additive,exposure,TRUE,reported
rs4883624,12,133212737,T,C,0.465953,-0.00689,0.00105,5.983e-11,3037499,EA4_additive,exposure,TRUE,reported
rs117006647,13,97865758,T,C,0.0384971,0.01501,0.00276,5.27e-8,3037499,EA4_additive,exposure,TRUE,reported
rs1866710,11,12875312,A,G,0.285987,-0.01449,0.00116,1.0690000000000001e-35,3037499,EA4_additive,exposure,TRUE,reported
rs6898748,5,25062052,T,C,0.56024,-0.00661,0.00105,3.577e-10,3037499,EA4_additive,exposure,TRUE,reported
rs1291865,10,11082192,T,G,0.53785,-0.01031,0.00105,6.829e-23,3037499,EA4_additive,exposure,TRUE,reported
rs12790564,11,728992,C,G,0.458177,0.00608,0.00107,1.264e-8,3037499,EA4_additive,exposure,TRUE,reported
rs6428152,1,193129154,A,G,0.290037,-0.00805,0.00117,5.486e-12,3037499,EA4_additive,exposure,TRUE,reported
rs846195,20,59165120,A,G,0.726517,0.00608,0.00116,1.728e-7,3037499,EA4_additive,exposure,TRUE,reported
rs7668960,4,172448875,T,C,0.17028,0.01587,0.00145,5.4230000000000005e-28,3037499,EA4_additive,exposure,TRUE,reported
rs72695265,1,112155679,T,C,0.225778,-0.00962,0.00124,1.125e-14,3037499,EA4_additive,exposure,TRUE,reported
rs795227,6,4391433,C,G,0.324577,0.0051,0.0011,3.59e-6,3037499,EA4_additive,exposure,TRUE,reported
rs60814418,17,43850645,T,C,0.214444,-0.02263,0.00126,5.231e-72,3037499,EA4_additive,exposure,TRUE,reported
rs80049472,10,68771787,A,G,0.103942,-0.00963,0.00169,1.167e-8,3037499,EA4_additive,exposure,TRUE,reported
rs4818226,21,42633065,A,G,0.31446,0.01122,0.00112,1.5069999999999998e-23,3037499,EA4_additive,exposure,TRUE,reported
rs1689510,12,56396768,C,G,0.31449,0.01744,0.00112,3.9799999999999994e-55,3037499,EA4_additive,exposure,TRUE,reported
rs10732635,1,114519351,T,G,0.551293,0.00697,0.00105,3.766e-11,3037499,EA4_additive,exposure,TRUE,reported
rs7430651,3,116582186,T,C,0.274207,-0.01126,0.00116,2.2169999999999997e-22,3037499,EA4_additive,exposure,TRUE,reported
rs1278537,1,50882159,T,G,0.478318,-0.00674,0.00105,1.244e-10,3037499,EA4_additive,exposure,TRUE,reported
rs72625841,3,21430442,T,G,0.714937,0.00865,0.00119,3.779e-13,3037499,EA4_additive,exposure,TRUE,reported
rs7254263,19,30741257,T,C,0.29498,-0.00993,0.00115,7.901e-18,3037499,EA4_additive,exposure,TRUE,reported
rs11772108,7,54711985,A,T,0.7172,-0.0082,0.00117,2.444e-12,3037499,EA4_additive,exposure,TRUE,reported
rs79925479,20,47855655,T,G,0.0520788,0.01354,0.00229,3.636e-9,3037499,EA4_additive,exposure,TRUE,reported
rs12897763,14,29638938,A,G,0.189159,0.01968,0.00133,1.73e-49,3037499,EA4_additive,exposure,TRUE,reported
rs12915175,15,74049061,A,G,0.189637,-0.00832,0.00135,7.751e-10,3037499,EA4_additive,exposure,TRUE,reported
rs114215867,3,81870826,A,G,0.0100092,-0.023,0.00459,5.434e-7,3037499,EA4_additive,exposure,TRUE,reported
rs62365564,5,102827105,A,G,0.27838,-0.00537,0.00117,4.758e-6,3037499,EA4_additive,exposure,TRUE,reported
rs13317948,3,107594466,T,C,0.162103,0.0065,0.00142,4.924e-6,3037499,EA4_additive,exposure,TRUE,reported
rs67033024,14,73512560,A,G,0.847598,0.00934,0.00153,9.767e-10,3037499,EA4_additive,exposure,TRUE,reported
rs10785364,12,43031381,C,G,0.270881,-0.00536,0.00118,5.117e-6,3037499,EA4_additive,exposure,TRUE,reported
rs2631535,17,50396092,A,G,0.336141,0.0123,0.00111,2.438e-28,3037499,EA4_additive,exposure,TRUE,reported
rs12150824,18,5922014,A,G,0.255205,0.00718,0.00119,1.621e-9,3037499,EA4_additive,exposure,TRUE,reported
rs12540793,7,39372115,C,G,0.568525,-0.0051,0.00106,1.542e-6,3037499,EA4_additive,exposure,TRUE,reported
rs35413307,13,112191778,T,G,0.403203,0.00472,0.00107,9.819e-6,3037499,EA4_additive,exposure,TRUE,reported
rs28510636,21,21159423,A,T,0.0985217,-0.0082,0.00179,4.716e-6,3037499,EA4_additive,exposure,TRUE,reported
rs854943,22,20264301,T,G,0.476917,0.00531,0.00108,8.568e-7,3037499,EA4_additive,exposure,TRUE,reported
rs6052670,20,4574349,A,G,0.215353,-0.00651,0.00131,6.419e-7,3037499,EA4_additive,exposure,TRUE,reported
rs2447091,17,2296014,T,C,0.627472,0.00912,0.00108,2.388e-17,3037499,EA4_additive,exposure,TRUE,reported
rs6954262,7,49584146,C,G,0.617893,0.00531,0.00107,7.462e-7,3037499,EA4_additive,exposure,TRUE,reported
rs3943933,5,63020327,A,T,0.507607,-0.01181,0.00105,1.582e-29,3037499,EA4_additive,exposure,TRUE,reported
rs1329125,1,234740880,T,C,0.308208,-0.01243,0.00112,1.059e-28,3037499,EA4_additive,exposure,TRUE,reported
rs2630767,5,176870700,T,C,0.474376,0.013,0.00105,6.555e-35,3037499,EA4_additive,exposure,TRUE,reported
rs2614463,14,99746274,A,T,0.611441,-0.0099,0.00106,1.3220000000000002e-20,3037499,EA4_additive,exposure,TRUE,reported
rs12632133,3,131800709,A,G,0.0779027,0.01129,0.002,1.574e-8,3037499,EA4_additive,exposure,TRUE,reported
rs960740,4,35459174,A,T,0.484478,-0.01129,0.00105,4.122e-27,3037499,EA4_additive,exposure,TRUE,reported
rs80352808,1,22955229,A,G,0.286803,-0.00751,0.00116,1.148e-10,3037499,EA4_additive,exposure,TRUE,reported
rs4667878,2,167015812,A,T,0.186126,0.00757,0.00134,1.655e-8,3037499,EA4_additive,exposure,TRUE,reported
rs6466819,7,122097058,A,G,0.370696,-0.01031,0.00109,2.494e-21,3037499,EA4_additive,exposure,TRUE,reported
rs17503473,5,120102553,T,C,0.705266,0.01194,0.00114,1.129e-25,3037499,EA4_additive,exposure,TRUE,reported
rs9922788,16,12243932,A,G,0.408331,0.01028,0.00106,2.1209999999999998e-22,3037499,EA4_additive,exposure,TRUE,reported
rs76006448,14,77482269,A,G,0.0330613,-0.0147,0.00316,3.204e-6,3037499,EA4_additive,exposure,TRUE,reported
rs6595530,5,123863028,A,T,0.429735,0.00608,0.00105,8.007e-9,3037499,EA4_additive,exposure,TRUE,reported
rs10865834,3,31599298,A,G,0.253896,-0.01049,0.00121,3.584e-18,3037499,EA4_additive,exposure,TRUE,reported
rs12937411,17,34950239,T,C,0.400847,0.01064,0.00106,1.6549999999999998e-23,3037499,EA4_additive,exposure,TRUE,reported
rs2884364,2,161977647,A,G,0.374299,-0.01595,0.00108,1.286e-49,3037499,EA4_additive,exposure,TRUE,reported
rs34407918,6,122882488,A,G,0.727395,0.00597,0.00117,3.726e-7,3037499,EA4_additive,exposure,TRUE,reported
rs303752,18,21074255,A,G,0.402402,-0.00604,0.00107,1.472e-8,3037499,EA4_additive,exposure,TRUE,reported
rs9496630,6,143752193,A,T,0.27701,-0.00657,0.00115,1.257e-8,3037499,EA4_additive,exposure,TRUE,reported
rs12155540,8,93206092,T,C,0.329889,0.01172,0.00111,6.826000000000001e-26,3037499,EA4_additive,exposure,TRUE,reported
rs6776819,3,3961273,A,G,0.470003,0.00502,0.00105,1.839e-6,3037499,EA4_additive,exposure,TRUE,reported
rs62114178,19,58778451,A,G,0.360333,0.00685,0.00108,2.491e-10,3037499,EA4_additive,exposure,TRUE,reported
rs10458465,1,217102286,T,C,0.48862,-0.00513,0.00105,9.983e-7,3037499,EA4_additive,exposure,TRUE,reported
rs66671632,8,143680772,T,C,0.153311,-0.0104,0.00154,1.419e-11,3037499,EA4_additive,exposure,TRUE,reported
rs11664320,18,50872623,T,C,0.591346,0.01759,0.00106,2.21e-62,3037499,EA4_additive,exposure,TRUE,reported
rs7356921,6,152223003,T,C,0.24595,-0.01482,0.00122,9.091e-34,3037499,EA4_additive,exposure,TRUE,reported
rs2026037,9,23762529,T,C,0.848753,0.01545,0.00143,4.557e-27,3037499,EA4_additive,exposure,TRUE,reported
rs71622934,4,184831547,A,C,0.9732676,-0.01688,0.00313,6.683e-8,3037499,EA4_additive,exposure,TRUE,reported
rs171697,5,103956516,C,G,0.687604,0.01517,0.00111,2.366e-42,3037499,EA4_additive,exposure,TRUE,reported
rs6506372,18,6316027,A,G,0.145596,-0.00722,0.00155,3.053e-6,3037499,EA4_additive,exposure,TRUE,reported
rs35583726,9,8533697,A,G,0.836372,0.01185,0.0014,3.131e-17,3037499,EA4_additive,exposure,TRUE,reported
rs1861786,12,14000467,A,G,0.376948,-0.00764,0.00108,1.311e-12,3037499,EA4_additive,exposure,TRUE,reported
rs2048318,16,62047919,T,C,0.247798,0.00632,0.00121,1.816e-7,3037499,EA4_additive,exposure,TRUE,reported
rs11181124,12,42115447,T,C,0.797351,-0.00825,0.00128,1.061e-10,3037499,EA4_additive,exposure,TRUE,reported
rs10763979,10,34602764,A,G,0.61546,0.0092,0.00108,1.475e-17,3037499,EA4_additive,exposure,TRUE,reported
rs2586235,17,55551488,T,C,0.830982,0.0068,0.00141,1.534e-6,3037499,EA4_additive,exposure,TRUE,reported
rs116522430,4,136116837,T,C,0.9751001,-0.01485,0.00305,1.134e-6,3037499,EA4_additive,exposure,TRUE,reported
rs1058790,1,8413839,A,G,0.806021,-0.01396,0.00136,1.373e-24,3037499,EA4_additive,exposure,TRUE,reported
rs1786313,8,101737075,T,C,0.308885,0.00771,0.00113,8.148e-12,3037499,EA4_additive,exposure,TRUE,reported
rs7306755,12,123767929,A,G,0.198168,0.01896,0.0013,2.509e-48,3037499,EA4_additive,exposure,TRUE,reported
rs2841425,1,213361627,A,C,0.180413,-0.00853,0.00137,4.431e-10,3037499,EA4_additive,exposure,TRUE,reported
rs7936656,11,76203671,A,G,0.313813,-0.00833,0.00112,1.125e-13,3037499,EA4_additive,exposure,TRUE,reported
rs9914251,17,5394882,A,G,0.750616,0.0077,0.00122,2.967e-10,3037499,EA4_additive,exposure,TRUE,reported
rs6499084,16,66466538,A,G,0.353911,0.00721,0.0011,5.558e-11,3037499,EA4_additive,exposure,TRUE,reported
rs10901864,10,126817605,A,T,0.497013,0.00511,0.00105,1.04e-6,3037499,EA4_additive,exposure,TRUE,reported
rs4691601,4,160599341,A,T,0.46118,-0.01097,0.00105,1.398e-25,3037499,EA4_additive,exposure,TRUE,reported
rs6911986,6,52857694,T,C,0.268833,-0.00828,0.00118,2.461e-12,3037499,EA4_additive,exposure,TRUE,reported
rs9993133,4,149016541,T,C,0.810132,0.00761,0.00138,3.496e-8,3037499,EA4_additive,exposure,TRUE,reported
rs9461242,6,26314619,T,C,0.350955,-0.01362,0.00109,4.606e-36,3037499,EA4_additive,exposure,TRUE,reported
rs77882218,18,53415063,T,C,0.9696027,-0.02563,0.00315,4.061e-16,3037499,EA4_additive,exposure,TRUE,reported
rs1485272,3,3727589,T,C,0.644888,-0.00718,0.0011,7.172e-11,3037499,EA4_additive,exposure,TRUE,reported
rs17563464,5,26913774,A,C,0.202525,-0.01268,0.00127,2.354e-23,3037499,EA4_additive,exposure,TRUE,reported
rs10766450,11,18039056,C,G,0.446027,-0.00578,0.00106,4.454e-8,3037499,EA4_additive,exposure,TRUE,reported
rs60053512,17,60095315,A,G,0.167447,0.01233,0.00144,1.277e-17,3037499,EA4_additive,exposure,TRUE,reported
rs1971218,2,221835288,A,G,0.51911,0.00853,0.00105,5.785e-16,3037499,EA4_additive,exposure,TRUE,reported
rs10014934,4,137526995,T,C,0.611318,0.00913,0.00108,3.089e-17,3037499,EA4_additive,exposure,TRUE,reported
rs11757278,6,13180454,T,C,0.692624,-0.0082,0.00113,5.03e-13,3037499,EA4_additive,exposure,TRUE,reported
rs4650228,1,74239827,A,G,0.462196,-0.00847,0.00105,6.694e-16,3037499,EA4_additive,exposure,TRUE,reported
rs12768641,10,134966154,A,G,0.767447,0.0094,0.00123,1.992e-14,3037499,EA4_additive,exposure,TRUE,reported
rs56315928,19,7999321,C,G,0.9277795,0.01046,0.00203,2.586e-7,3037499,EA4_additive,exposure,TRUE,reported
rs28561815,15,47292863,T,G,0.301432,0.00676,0.00116,4.891e-9,3037499,EA4_additive,exposure,TRUE,reported
rs7236339,18,77579773,A,G,0.203419,-0.01531,0.00127,1.569e-33,3037499,EA4_additive,exposure,TRUE,reported
rs2570492,2,104447905,A,G,0.395719,0.01299,0.00107,5.948e-34,3037499,EA4_additive,exposure,TRUE,reported
rs7026972,9,111750523,T,C,0.649461,-0.0115,0.00109,7.083000000000001e-26,3037499,EA4_additive,exposure,TRUE,reported
rs80257979,12,49402562,T,G,0.9701571,-0.02623,0.00295,5.766e-19,3037499,EA4_additive,exposure,TRUE,reported
rs9937449,16,78171376,T,C,0.550693,0.00777,0.00105,1.583e-13,3037499,EA4_additive,exposure,TRUE,reported
rs34984805,17,9987091,T,C,0.530382,0.0074,0.00105,1.536e-12,3037499,EA4_additive,exposure,TRUE,reported
rs72890842,2,172843278,T,G,0.765152,0.0126,0.00122,4.761e-25,3037499,EA4_additive,exposure,TRUE,reported
rs799443,7,44769013,A,T,0.671127,-0.01091,0.00111,9.302e-23,3037499,EA4_additive,exposure,TRUE,reported
rs17812330,6,140335268,T,G,0.257453,-0.00814,0.00119,8.854e-12,3037499,EA4_additive,exposure,TRUE,reported
rs9985296,3,36889621,T,C,0.384232,-0.01031,0.00108,9.856e-22,3037499,EA4_additive,exposure,TRUE,reported
rs9555651,13,110587023,T,C,0.155266,0.01106,0.0014,3.029e-15,3037499,EA4_additive,exposure,TRUE,reported
rs7131691,12,64540960,A,G,0.484247,-0.00748,0.00105,1.088e-12,3037499,EA4_additive,exposure,TRUE,reported
rs4663617,2,236744626,A,T,0.230413,0.01035,0.00123,3.173e-17,3037499,EA4_additive,exposure,TRUE,reported
rs3012384,6,170468361,T,C,0.381367,0.00508,0.00108,2.661e-6,3037499,EA4_additive,exposure,TRUE,reported
rs1632822,9,118225902,C,G,0.369125,0.00588,0.00108,4.912e-8,3037499,EA4_additive,exposure,TRUE,reported
rs10180845,2,41475868,T,C,0.656098,-0.0096,0.00109,1.023e-18,3037499,EA4_additive,exposure,TRUE,reported
rs2504846,6,40373846,T,C,0.031675,-0.02579,0.00328,3.743e-15,3037499,EA4_additive,exposure,TRUE,reported
rs115003386,3,155310977,C,G,0.0509855,0.01341,0.00244,3.818e-8,3037499,EA4_additive,exposure,TRUE,reported
rs76198459,8,39994064,T,G,0.9303973,0.00899,0.00197,5.067e-6,3037499,EA4_additive,exposure,TRUE,reported
rs474000,18,2731752,A,G,0.430474,0.00642,0.00105,1.101e-9,3037499,EA4_additive,exposure,TRUE,reported
rs12658400,5,179717643,A,T,0.471589,0.0067,0.00105,1.653e-10,3037499,EA4_additive,exposure,TRUE,reported
rs9859719,3,75039122,A,G,0.211395,-0.01128,0.00126,3.673e-19,3037499,EA4_additive,exposure,TRUE,reported
rs116173579,1,181801435,T,C,0.0347552,-0.01649,0.00293,1.735e-8,3037499,EA4_additive,exposure,TRUE,reported
rs2430813,8,22863247,T,C,0.764875,0.01103,0.00125,8.621e-19,3037499,EA4_additive,exposure,TRUE,reported
rs9930253,16,5815334,A,T,0.280551,-0.00986,0.00117,3.119e-17,3037499,EA4_additive,exposure,TRUE,reported
rs62172117,2,144168667,A,G,0.343286,0.01356,0.0011,3.349e-35,3037499,EA4_additive,exposure,TRUE,reported
rs422247,6,14913987,T,C,0.739452,0.00753,0.0012,3.558e-10,3037499,EA4_additive,exposure,TRUE,reported
rs7328289,13,86937896,T,C,0.794041,-0.00703,0.00127,3.286e-8,3037499,EA4_additive,exposure,TRUE,reported
rs565960,1,175850823,T,C,0.702325,0.00875,0.00116,3.752e-14,3037499,EA4_additive,exposure,TRUE,reported
rs113389222,3,34215436,T,C,0.11409,-0.0117,0.0016,2.675e-13,3037499,EA4_additive,exposure,TRUE,reported
rs1738050,1,44707295,C,G,0.630459,-0.011,0.00108,1.488e-24,3037499,EA4_additive,exposure,TRUE,reported
rs158839,5,163071831,A,C,0.617278,-0.00623,0.00107,6.416e-9,3037499,EA4_additive,exposure,TRUE,reported
rs6580068,5,153673621,T,C,0.224638,-0.00931,0.00127,1.964e-13,3037499,EA4_additive,exposure,TRUE,reported
rs7449561,6,66215549,A,G,0.234278,0.00973,0.00125,6.829e-15,3037499,EA4_additive,exposure,TRUE,reported
rs7304399,12,14645350,A,G,0.4585,0.01093,0.00105,2.156e-25,3037499,EA4_additive,exposure,TRUE,reported
rs13394203,2,142785189,A,G,0.9388051,0.01058,0.00233,5.835e-6,3037499,EA4_additive,exposure,TRUE,reported
rs9540731,13,66949370,T,C,0.500693,0.01075,0.00105,9.927e-25,3037499,EA4_additive,exposure,TRUE,reported
rs1490834,5,107050463,A,G,0.549892,-0.00639,0.00105,1.147e-9,3037499,EA4_additive,exposure,TRUE,reported
rs792213,10,90174202,A,C,0.41178,0.00733,0.00106,5.31e-12,3037499,EA4_additive,exposure,TRUE,reported
rs72698179,1,154522394,A,C,0.0260548,0.01491,0.00302,8.172e-7,3037499,EA4_additive,exposure,TRUE,reported
rs33002,5,80165378,A,T,0.463382,-0.00663,0.00105,3.076e-10,3037499,EA4_additive,exposure,TRUE,reported
rs11571404,12,1041450,T,C,0.175716,0.00875,0.00132,3.268e-11,3037499,EA4_additive,exposure,TRUE,reported
rs61964892,13,42300560,T,C,0.781999,-0.00785,0.00128,8.759e-10,3037499,EA4_additive,exposure,TRUE,reported
rs6801153,3,24113697,T,C,0.247351,-0.00856,0.00122,2.113e-12,3037499,EA4_additive,exposure,TRUE,reported
rs141503359,7,1924215,T,C,0.0142593,-0.02835,0.00478,2.973e-9,3037499,EA4_additive,exposure,TRUE,reported
rs2209625,10,747115,T,G,0.634771,-0.00555,0.00109,3.696e-7,3037499,EA4_additive,exposure,TRUE,reported
rs2174752,13,69332015,T,G,0.435186,-0.00862,0.00105,2.36e-16,3037499,EA4_additive,exposure,TRUE,reported
rs35319653,4,140903155,T,C,0.326178,0.0147,0.0011,2.163e-40,3037499,EA4_additive,exposure,TRUE,reported
rs73055556,3,28027538,A,G,0.135587,0.01112,0.00152,2.507e-13,3037499,EA4_additive,exposure,TRUE,reported
rs2901785,1,174104743,A,G,0.468817,0.01412,0.00105,4.5229999999999997e-41,3037499,EA4_additive,exposure,TRUE,reported
rs3869097,6,30984470,T,C,0.333061,-0.009,0.00112,1.097e-15,3037499,EA4_additive,exposure,TRUE,reported
rs4805761,19,32951800,A,G,0.150277,-0.01395,0.00145,5.971e-22,3037499,EA4_additive,exposure,TRUE,reported
rs6545559,2,56450431,T,C,0.316554,-0.00767,0.00112,8.215e-12,3037499,EA4_additive,exposure,TRUE,reported
rs2210174,14,83600010,T,C,0.622498,0.00613,0.00108,1.328e-8,3037499,EA4_additive,exposure,TRUE,reported
rs1980099,8,9686297,A,G,0.79595,0.01108,0.00135,2.603e-16,3037499,EA4_additive,exposure,TRUE,reported
rs4076457,15,78007213,T,C,0.237912,0.01222,0.00121,4.468e-24,3037499,EA4_additive,exposure,TRUE,reported
rs4679353,3,126942635,A,G,0.614844,0.00717,0.00108,2.998e-11,3037499,EA4_additive,exposure,TRUE,reported
rs6502670,17,1328381,T,G,0.617416,-0.00746,0.00109,7.555e-12,3037499,EA4_additive,exposure,TRUE,reported
rs11634241,15,99259016,A,G,0.357453,-0.00583,0.00109,9.047e-8,3037499,EA4_additive,exposure,TRUE,reported
rs72778512,5,81514511,C,G,0.9133354,-0.01223,0.00185,3.814e-11,3037499,EA4_additive,exposure,TRUE,reported
rs4409028,4,118276666,A,C,0.63611,0.00596,0.00109,4.873e-8,3037499,EA4_additive,exposure,TRUE,reported
rs10901540,10,127845524,A,G,0.445735,0.00498,0.00105,1.999e-6,3037499,EA4_additive,exposure,TRUE,reported
rs12506222,4,67899250,T,C,0.467354,-0.01423,0.00105,1.503e-41,3037499,EA4_additive,exposure,TRUE,reported
rs1835388,4,65603569,T,C,0.482738,-0.00815,0.00105,7.694e-15,3037499,EA4_additive,exposure,TRUE,reported
rs5765717,22,44917646,T,G,0.478164,-0.00724,0.00105,4.659e-12,3037499,EA4_additive,exposure,TRUE,reported
rs9452262,6,93850136,T,G,0.913628,-0.00885,0.00196,6.56e-6,3037499,EA4_additive,exposure,TRUE,reported
rs165633,22,29880773,A,G,0.7836,-0.01233,0.00124,2.2479999999999998e-23,3037499,EA4_additive,exposure,TRUE,reported
rs224663,11,32027444,A,G,0.177364,0.00705,0.00139,3.719e-7,3037499,EA4_additive,exposure,TRUE,reported
rs979543,15,84352564,A,C,0.783046,0.00632,0.00128,8.297e-7,3037499,EA4_additive,exposure,TRUE,reported
rs66977236,7,77315783,A,G,0.00189406,-0.00875,0.00126,4.169e-12,3037499,EA4_additive,exposure,TRUE,reported
rs1483814,8,77807279,T,G,0.191407,0.00734,0.00131,2.013e-8,3037499,EA4_additive,exposure,TRUE,reported
rs6093705,20,41257630,A,C,0.682984,0.00954,0.00112,1.885e-17,3037499,EA4_additive,exposure,TRUE,reported
rs8108921,19,34444295,T,C,0.760071,0.00552,0.00124,8.212e-6,3037499,EA4_additive,exposure,TRUE,reported
rs10240905,7,32263069,T,C,0.373529,-0.01079,0.00109,3.046e-23,3037499,EA4_additive,exposure,TRUE,reported
rs837080,8,130925116,T,C,0.535048,-0.00977,0.00105,1.0740000000000001e-20,3037499,EA4_additive,exposure,TRUE,reported
rs6761772,2,84551902,A,G,0.15967,-0.0075,0.00146,2.873e-7,3037499,EA4_additive,exposure,TRUE,reported
rs485169,18,40985522,T,G,0.788435,0.00625,0.00133,2.572e-6,3037499,EA4_additive,exposure,TRUE,reported
rs12807135,11,115053508,C,G,0.493086,-0.01052,0.00105,9.362e-24,3037499,EA4_additive,exposure,TRUE,reported
rs4788080,16,28558081,T,C,0.356498,-0.01339,0.00109,1.2029999999999998e-34,3037499,EA4_additive,exposure,TRUE,reported
rs115844726,1,179785909,A,G,0.0131814,-0.01771,0.00392,6.221e-6,3037499,EA4_additive,exposure,TRUE,reported
rs9388490,6,126704795,T,C,0.471712,0.0115,0.00105,8.432000000000001e-28,3037499,EA4_additive,exposure,TRUE,reported
rs10860124,12,78609117,T,C,0.739775,0.00554,0.00124,7.423e-6,3037499,EA4_additive,exposure,TRUE,reported
rs10202640,2,28434477,A,G,0.195966,-0.01027,0.00132,8.232e-15,3037499,EA4_additive,exposure,TRUE,reported
rs10867548,9,83093792,A,G,0.861488,0.0093,0.00149,4.326e-10,3037499,EA4_additive,exposure,TRUE,reported
rs35578235,12,42669549,T,C,0.117801,-0.0073,0.00155,2.385e-6,3037499,EA4_additive,exposure,TRUE,reported
rs7240432,18,9590896,T,G,0.360687,0.01039,0.00109,1.738e-21,3037499,EA4_additive,exposure,TRUE,reported
rs6440854,3,152948430,A,G,0.871759,0.00949,0.00159,2.567e-9,3037499,EA4_additive,exposure,TRUE,reported
rs72717150,14,57314430,A,G,0.0694641,-0.01942,0.00199,1.6829999999999998e-22,3037499,EA4_additive,exposure,TRUE,reported
rs1880692,11,80338069,A,G,0.541839,0.00767,0.00105,2.78e-13,3037499,EA4_additive,exposure,TRUE,reported
rs3783006,13,99111209,C,G,0.418817,0.01309,0.00105,1.688e-35,3037499,EA4_additive,exposure,TRUE,reported
rs181164682,11,62462217,A,T,0.0149985,0.02436,0.00375,8.159e-11,3037499,EA4_additive,exposure,TRUE,reported
rs2275154,1,243433654,A,G,0.675192,0.01558,0.00111,1.663e-44,3037499,EA4_additive,exposure,TRUE,reported
rs11995853,8,68194809,A,G,0.0284416,-0.01779,0.00331,7.505e-8,3037499,EA4_additive,exposure,TRUE,reported
rs2239736,4,2438929,T,C,0.510286,0.00856,0.00105,3.038e-16,3037499,EA4_additive,exposure,TRUE,reported
rs11883202,19,7117506,A,G,0.221913,-0.00613,0.0013,2.507e-6,3037499,EA4_additive,exposure,TRUE,reported
rs1295330,17,19318031,A,G,0.310764,-0.00597,0.00115,2.118e-7,3037499,EA4_additive,exposure,TRUE,reported
rs7280000,21,39598054,C,G,0.447613,0.00843,0.00106,1.92e-15,3037499,EA4_additive,exposure,TRUE,reported
rs17088142,13,71948305,T,G,0.452787,-0.00683,0.00105,7.51e-11,3037499,EA4_additive,exposure,TRUE,reported
rs17649841,7,13688583,A,C,0.227348,-0.008,0.00123,8.445e-11,3037499,EA4_additive,exposure,TRUE,reported
rs74677779,3,78381089,C,G,0.9560825,-0.01561,0.00257,1.23e-9,3037499,EA4_additive,exposure,TRUE,reported
rs9652254,13,84759044,A,G,0.602541,0.00649,0.00106,1.027e-9,3037499,EA4_additive,exposure,TRUE,reported
rs6704768,2,233592501,A,G,0.541839,-0.01533,0.00106,9.672e-48,3037499,EA4_additive,exposure,TRUE,reported
rs4557236,4,173955750,A,G,0.296612,-0.00587,0.00113,2.052e-7,3037499,EA4_additive,exposure,TRUE,reported
rs11028323,11,25009896,A,C,0.514675,-0.00984,0.00105,6.2e-21,3037499,EA4_additive,exposure,TRUE,reported
rs17224289,8,74703133,T,C,0.117632,-0.01317,0.00161,3.095e-16,3037499,EA4_additive,exposure,TRUE,reported
rs6960056,7,92673154,A,G,0.450616,0.01286,0.00105,3.5029999999999997e-34,3037499,EA4_additive,exposure,TRUE,reported
rs10487992,7,90559340,T,G,0.792147,0.00689,0.0013,1.128e-7,3037499,EA4_additive,exposure,TRUE,reported
rs7979979,12,106917159,T,C,0.226548,-0.01165,0.00122,1.198e-21,3037499,EA4_additive,exposure,TRUE,reported
rs4726070,7,151328218,A,G,0.593086,0.01021,0.00107,1.054e-21,3037499,EA4_additive,exposure,TRUE,reported
rs10186870,2,6712550,T,G,0.605759,-0.00602,0.00107,1.906e-8,3037499,EA4_additive,exposure,TRUE,reported
rs2591158,2,155647666,T,G,0.675747,-0.00606,0.00112,5.98e-8,3037499,EA4_additive,exposure,TRUE,reported
rs17565975,11,111586950,A,G,0.529504,-0.01211,0.00105,1.25e-30,3037499,EA4_additive,exposure,TRUE,reported
rs2900223,9,102596321,A,G,0.7255,0.00662,0.00121,5.034e-8,3037499,EA4_additive,exposure,TRUE,reported
rs2214631,7,88507921,A,T,0.311287,0.00706,0.00117,1.432e-9,3037499,EA4_additive,exposure,TRUE,reported
rs11773992,8,12667804,C,G,0.16178,-0.0138,0.00137,5.842e-24,3037499,EA4_additive,exposure,TRUE,reported
rs1167796,7,75173180,A,G,0.423837,0.01203,0.00106,7.131999999999999e-30,3037499,EA4_additive,exposure,TRUE,reported
rs17096452,14,98578983,A,T,0.791284,0.01138,0.00127,3.175e-19,3037499,EA4_additive,exposure,TRUE,reported
rs1879310,10,43734775,T,C,0.820973,0.00739,0.00136,5.958e-8,3037499,EA4_additive,exposure,TRUE,reported
rs34316,5,88015545,A,C,0.434694,0.01629,0.00106,6.577e-53,3037499,EA4_additive,exposure,TRUE,reported
rs63303162,4,176641242,A,G,0.538851,0.01122,0.00105,1.888e-26,3037499,EA4_additive,exposure,TRUE,reported
rs378342,15,70186171,T,C,0.269772,-0.00815,0.00118,5.444e-12,3037499,EA4_additive,exposure,TRUE,reported
rs76076331,2,10977585,T,C,0.122605,0.02206,0.00156,1.539e-45,3037499,EA4_additive,exposure,TRUE,reported
rs10256396,7,151124989,A,C,0.35539,0.00654,0.00111,3.344e-9,3037499,EA4_additive,exposure,TRUE,reported
rs12151015,19,48101797,C,G,0.888343,-0.00956,0.00164,5.603e-9,3037499,EA4_additive,exposure,TRUE,reported
rs2916490,2,80192352,A,G,0.304697,-0.01042,0.00113,4.044e-20,3037499,EA4_additive,exposure,TRUE,reported
rs62086577,17,74537095,A,G,0.210625,0.00739,0.00128,8.098e-9,3037499,EA4_additive,exposure,TRUE,reported
rs10895719,11,104563483,T,C,0.777826,-0.01068,0.00128,6.648e-17,3037499,EA4_additive,exposure,TRUE,reported
rs77899607,10,68691900,T,C,0.108131,0.01308,0.00157,6.496e-17,3037499,EA4_additive,exposure,TRUE,reported
rs1884368,1,61839973,T,C,0.232338,0.00909,0.00122,7.731e-14,3037499,EA4_additive,exposure,TRUE,reported
rs13244634,7,5273464,T,C,0.238512,-0.00784,0.00123,2.099e-10,3037499,EA4_additive,exposure,TRUE,reported
rs34982116,8,9623170,A,C,0.10214,-0.00879,0.00173,3.998e-7,3037499,EA4_additive,exposure,TRUE,reported
rs6704241,1,154814785,A,G,0.67915,0.00859,0.00111,8.38e-15,3037499,EA4_additive,exposure,TRUE,reported
rs2304282,8,142229543,A,G,0.407407,0.011,0.00106,4.037e-25,3037499,EA4_additive,exposure,TRUE,reported
rs7039819,9,82430418,A,G,0.58146,0.00919,0.00106,4.387e-18,3037499,EA4_additive,exposure,TRUE,reported
rs1455350,2,199497115,A,T,0.507022,-0.0161,0.00105,2.7549999999999995e-53,3037499,EA4_additive,exposure,TRUE,reported
rs45470193,20,3585121,A,G,0.0299969,0.01511,0.0029,1.845e-7,3037499,EA4_additive,exposure,TRUE,reported
rs10496632,2,125014321,C,G,0.288112,0.01114,0.00116,8.300000000000001e-22,3037499,EA4_additive,exposure,TRUE,reported
rs11138947,9,72110562,T,C,0.711718,0.00958,0.00117,2.22e-16,3037499,EA4_additive,exposure,TRUE,reported
rs4989480,22,32025318,A,G,0.856683,-0.00887,0.00151,4.021e-9,3037499,EA4_additive,exposure,TRUE,reported
rs2031707,1,83288825,T,C,0.75522,-0.00535,0.0012,8.442e-6,3037499,EA4_additive,exposure,TRUE,reported
rs72838750,17,16242993,T,G,0.502418,-0.00877,0.00105,8.348e-17,3037499,EA4_additive,exposure,TRUE,reported
rs2726599,8,59718696,T,C,0.37935,-0.00589,0.00108,5.216e-8,3037499,EA4_additive,exposure,TRUE,reported
rs4911257,20,31359574,T,C,0.606729,0.00979,0.00107,7.958000000000001e-20,3037499,EA4_additive,exposure,TRUE,reported
rs12962980,18,36915043,C,G,0.187743,0.01682,0.00136,2.396e-35,3037499,EA4_additive,exposure,TRUE,reported
rs35115233,8,20190774,A,G,0.611595,-0.00517,0.00108,1.797e-6,3037499,EA4_additive,exposure,TRUE,reported
rs10765789,11,95839543,A,G,0.369233,0.01078,0.00108,1.349e-23,3037499,EA4_additive,exposure,TRUE,reported
rs1222955,6,102165329,A,G,0.846766,0.00731,0.00149,9.179e-7,3037499,EA4_additive,exposure,TRUE,reported
rs4869852,6,155622481,T,C,0.670604,-0.00817,0.00111,1.52e-13,3037499,EA4_additive,exposure,TRUE,reported
rs2352430,10,87800136,T,C,0.77048,-0.00783,0.00124,3.114e-10,3037499,EA4_additive,exposure,TRUE,reported
rs61160187,5,60111579,A,G,0.608362,-0.01963,0.00107,1.319e-74,3037499,EA4_additive,exposure,TRUE,reported
rs1407350,9,10246520,T,G,0.646705,0.00784,0.0011,9.129e-13,3037499,EA4_additive,exposure,TRUE,reported
rs73050466,7,1141575,A,G,0.0345704,0.01417,0.00291,1.083e-6,3037499,EA4_additive,exposure,TRUE,reported
rs1007429,21,35034653,T,C,0.0566985,0.01045,0.00228,4.418e-6,3037499,EA4_additive,exposure,TRUE,reported
rs6930903,6,28981244,A,G,0.738374,0.01587,0.00133,4.726e-33,3037499,EA4_additive,exposure,TRUE,reported
rs9943186,1,210684455,A,G,0.443317,-0.00508,0.00105,1.49e-6,3037499,EA4_additive,exposure,TRUE,reported
rs35414759,10,10906047,T,C,0.830274,-0.01094,0.00135,4.693e-16,3037499,EA4_additive,exposure,TRUE,reported
rs117494884,9,23395514,T,C,0.0545119,-0.01456,0.00225,1.04e-10,3037499,EA4_additive,exposure,TRUE,reported
rs2425269,20,35375477,A,G,0.144934,0.00814,0.00151,7.262e-8,3037499,EA4_additive,exposure,TRUE,reported
rs17669337,5,92187932,T,C,0.405174,-0.01008,0.00106,2.4580000000000002e-21,3037499,EA4_additive,exposure,TRUE,reported
rs1452366,4,82252467,T,G,0.352618,-0.01191,0.0011,1.583e-27,3037499,EA4_additive,exposure,TRUE,reported
rs10809464,9,11408193,A,T,0.453342,0.00924,0.00105,1.313e-18,3037499,EA4_additive,exposure,TRUE,reported
rs11783586,8,92351651,A,G,0.459917,-0.00501,0.00105,1.877e-6,3037499,EA4_additive,exposure,TRUE,reported
rs12893007,14,29899685,A,G,0.683523,0.00562,0.0011,3.64e-7,3037499,EA4_additive,exposure,TRUE,reported
rs72672601,14,42671683,A,G,0.578873,-0.00953,0.00106,2.019e-19,3037499,EA4_additive,exposure,TRUE,reported
rs4270952,8,60794591,T,C,0.377194,0.00649,0.00115,1.479e-8,3037499,EA4_additive,exposure,TRUE,reported
rs1378893,15,51964788,A,G,0.22627,0.00908,0.00123,1.52e-13,3037499,EA4_additive,exposure,TRUE,reported
rs60307735,3,8249587,T,C,0.329489,0.00923,0.00111,6.832e-17,3037499,EA4_additive,exposure,TRUE,reported
rs112013330,4,176914293,T,C,0.0384971,0.01403,0.00259,6.008e-8,3037499,EA4_additive,exposure,TRUE,reported
rs13135092,4,103198082,A,G,0.9274869,0.0299,0.0018600000000000001,4.441e-58,3037499,EA4_additive,exposure,TRUE,reported
rs838069,2,120016626,A,G,0.595457,0.00515,0.00107,1.54e-6,3037499,EA4_additive,exposure,TRUE,reported
rs4850810,2,193754771,T,G,0.519957,-0.01315,0.00105,6.678e-36,3037499,EA4_additive,exposure,TRUE,reported
rs34305371,1,72733610,A,G,0.0857869,0.03143,0.00176,1.7679999999999998e-71,3037499,EA4_additive,exposure,TRUE,reported
rs72835464,10,120170977,T,G,0.9113643,0.00948,0.00175,5.772e-8,3037499,EA4_additive,exposure,TRUE,reported
rs1966503,16,65801698,A,G,0.0829227,0.00846,0.00185,4.818e-6,3037499,EA4_additive,exposure,TRUE,reported
rs74779721,7,50060948,A,G,0.9644133,0.01509,0.00282,8.382e-8,3037499,EA4_additive,exposure,TRUE,reported
rs3942629,3,121724038,A,G,0.255898,0.00589,0.00119,7.809e-7,3037499,EA4_additive,exposure,TRUE,reported
rs12126231,1,184698816,A,G,0.615984,0.01174,0.00108,9.701000000000001e-28,3037499,EA4_additive,exposure,TRUE,reported
rs35951883,14,101355400,A,G,0.790345,-0.00805,0.00127,2.334e-10,3037499,EA4_additive,exposure,TRUE,reported
rs28438078,1,34024672,A,G,0.142393,-0.00964,0.00143,1.723e-11,3037499,EA4_additive,exposure,TRUE,reported
rs55975662,3,180872919,A,G,0.84612,0.01532,0.00149,1.086e-24,3037499,EA4_additive,exposure,TRUE,reported
rs1871745,8,106457633,A,G,0.765938,0.01019,0.00129,2.186e-15,3037499,EA4_additive,exposure,TRUE,reported
rs11264531,1,156688152,T,C,0.362766,0.00688,0.00109,2.958e-10,3037499,EA4_additive,exposure,TRUE,reported
rs79708660,10,75785466,A,G,0.207191,-0.0087,0.00128,1.086e-11,3037499,EA4_additive,exposure,TRUE,reported
rs1516036,12,61786763,A,G,0.546905,0.00707,0.00105,1.572e-11,3037499,EA4_additive,exposure,TRUE,reported
rs6426440,1,4914910,A,C,0.617878,-0.00493,0.00107,3.738e-6,3037499,EA4_additive,exposure,TRUE,reported
rs2216053,16,52296798,T,G,0.736742,-0.00727,0.00119,1.057e-9,3037499,EA4_additive,exposure,TRUE,reported
rs77128898,11,61313525,T,C,0.0309516,-0.0242,0.00295,2.085e-16,3037499,EA4_additive,exposure,TRUE,reported
rs11714574,3,58380465,A,T,0.568078,-0.00609,0.00106,9.561e-9,3037499,EA4_additive,exposure,TRUE,reported
rs13122283,4,62993563,A,G,0.403203,0.00695,0.00106,5.084e-11,3037499,EA4_additive,exposure,TRUE,reported
rs4127499,11,122176383,A,G,0.324962,0.01096,0.0011,2.902e-23,3037499,EA4_additive,exposure,TRUE,reported
rs860526,15,50555011,T,C,0.56121,-0.00559,0.00106,1.165e-7,3037499,EA4_additive,exposure,TRUE,reported
rs12431579,14,36594397,A,G,0.639837,-0.00609,0.00109,2.246e-8,3037499,EA4_additive,exposure,TRUE,reported
rs58694847,14,84916511,C,G,0.275593,-0.01174,0.00119,7.843e-23,3037499,EA4_additive,exposure,TRUE,reported
rs6782698,3,175673379,A,G,0.758007,0.01383,0.00121,4.805e-30,3037499,EA4_additive,exposure,TRUE,reported
rs6715321,2,100109001,T,C,0.439205,-0.00979,0.00106,2.1990000000000003e-20,3037499,EA4_additive,exposure,TRUE,reported
rs56355837,18,73009786,A,C,0.685864,-0.00842,0.00111,2.942e-14,3037499,EA4_additive,exposure,TRUE,reported
rs72993796,2,240321051,T,C,0.891946,0.01485,0.00163,8.583000000000001e-20,3037499,EA4_additive,exposure,TRUE,reported
rs10063055,5,140990108,T,C,0.229689,-0.01249,0.00123,3.2569999999999998e-24,3037499,EA4_additive,exposure,TRUE,reported
rs62199988,2,186110190,C,G,0.622174,-0.00862,0.00107,7.873e-16,3037499,EA4_additive,exposure,TRUE,reported
rs669952,2,4563477,A,G,0.181583,0.0078,0.00134,6.309e-9,3037499,EA4_additive,exposure,TRUE,reported
rs708912,20,8403550,T,C,0.780074,0.01037,0.00129,8.995e-16,3037499,EA4_additive,exposure,TRUE,reported
rs77926719,12,74905602,A,G,0.106606,0.01097,0.0016,7.247e-12,3037499,EA4_additive,exposure,TRUE,reported
rs72725852,1,87720852,T,C,0.316184,0.00663,0.00112,3.277e-9,3037499,EA4_additive,exposure,TRUE,reported
rs72829857,6,16966052,A,G,0.759871,-0.01705,0.00121,7.306e-45,3037499,EA4_additive,exposure,TRUE,reported
rs10853981,19,4965064,A,G,0.325146,-0.00868,0.00111,6.642e-15,3037499,EA4_additive,exposure,TRUE,reported
rs10740572,10,55838740,A,T,0.777795,-0.00844,0.00126,1.924e-11,3037499,EA4_additive,exposure,TRUE,reported
rs2624841,3,50198415,T,C,0.329935,-0.02645,0.00111,2.62e-126,3037499,EA4_additive,exposure,TRUE,reported
rs11643516,16,26456439,T,C,0.43166,-0.00812,0.00106,2.217e-14,3037499,EA4_additive,exposure,TRUE,reported
rs633742,11,62545346,T,C,0.801463,0.00648,0.00131,7.522e-7,3037499,EA4_additive,exposure,TRUE,reported
rs7933521,11,13303929,T,C,0.839452,0.00826,0.00149,2.851e-8,3037499,EA4_additive,exposure,TRUE,reported
rs1128956,4,183724005,T,G,0.81891,-0.01024,0.00139,1.511e-13,3037499,EA4_additive,exposure,TRUE,reported
rs7520927,1,237746815,A,G,0.478226,-0.00684,0.00105,6.382e-11,3037499,EA4_additive,exposure,TRUE,reported
rs11157931,14,23403193,A,C,0.396628,-0.01152,0.00107,5.976e-27,3037499,EA4_additive,exposure,TRUE,reported
rs117520198,11,2212843,A,G,0.1747,0.0107,0.00133,1.012e-15,3037499,EA4_additive,exposure,TRUE,reported
rs10835389,11,28676505,T,C,0.642008,-0.00951,0.0011,4.027e-18,3037499,EA4_additive,exposure,TRUE,reported
rs6028084,20,59838105,T,C,0.610764,0.01514,0.00107,3.4379999999999996e-45,3037499,EA4_additive,exposure,TRUE,reported
rs7515450,1,78582845,A,T,0.410718,0.00802,0.00107,7.284e-14,3037499,EA4_additive,exposure,TRUE,reported
rs2006853,8,127600255,A,G,0.576424,0.00925,0.00107,3.993e-18,3037499,EA4_additive,exposure,TRUE,reported
rs116068530,1,21939010,A,G,0.0196027,0.01945,0.00353,3.712e-8,3037499,EA4_additive,exposure,TRUE,reported
rs213014,1,21643745,T,C,0.548352,-0.00673,0.00105,1.487e-10,3037499,EA4_additive,exposure,TRUE,reported
rs62244884,3,71583383,A,G,0.408223,0.01655,0.00106,4.0319999999999995e-55,3037499,EA4_additive,exposure,TRUE,reported
rs13161488,5,145572664,T,C,0.659578,-0.00869,0.0011,2.45e-15,3037499,EA4_additive,exposure,TRUE,reported
rs3731507,3,48222353,T,C,0.0521096,0.02758,0.00259,1.7080000000000003e-26,3037499,EA4_additive,exposure,TRUE,reported
rs13030436,2,23301140,T,C,0.408777,0.00787,0.00106,8.769e-14,3037499,EA4_additive,exposure,TRUE,reported
rs61827266,1,203794753,A,G,0.124761,0.00783,0.00156,5.256e-7,3037499,EA4_additive,exposure,TRUE,reported
rs35226705,19,46301456,A,C,0.543686,0.00614,0.00105,4.862e-9,3037499,EA4_additive,exposure,TRUE,reported
rs7040995,9,92226172,C,G,0.553403,0.01156,0.00105,3.005e-28,3037499,EA4_additive,exposure,TRUE,reported
rs141230148,5,57667634,T,C,0.00676009,-0.02719,0.00549,7.267e-7,3037499,EA4_additive,exposure,TRUE,reported
rs2238483,16,22860975,A,G,0.814721,0.01009,0.0014,5.309e-13,3037499,EA4_additive,exposure,TRUE,reported
rs329120,5,133861756,T,C,0.425331,0.01327,0.00106,5.2129999999999994e-36,3037499,EA4_additive,exposure,TRUE,reported
rs4279337,5,124284656,A,T,0.258238,0.00866,0.00119,4.217e-13,3037499,EA4_additive,exposure,TRUE,reported
rs112255786,6,50888500,C,G,0.9295658,-0.01698,0.00218,6.514e-15,3037499,EA4_additive,exposure,TRUE,reported
rs35512022,2,65394309,A,G,0.281429,-0.00541,0.00116,3.331e-6,3037499,EA4_additive,exposure,TRUE,reported
rs62156740,2,98875977,A,T,0.9850631,-0.02875,0.00387,1.166e-13,3037499,EA4_additive,exposure,TRUE,reported
rs9787076,1,44141149,A,C,0.681321,-0.01838,0.00111,3.471e-61,3037499,EA4_additive,exposure,TRUE,reported
rs912609,13,31788335,T,G,0.240437,0.01235,0.00125,6.573999999999999e-23,3037499,EA4_additive,exposure,TRUE,reported
rs9359939,6,92133241,A,C,0.237558,-0.01085,0.00122,6.645e-19,3037499,EA4_additive,exposure,TRUE,reported
rs3747631,1,204587569,C,G,0.201217,0.02043,0.00127,7.165000000000001e-58,3037499,EA4_additive,exposure,TRUE,reported
rs9411336,9,134901901,T,C,0.337296,-0.01285,0.00112,1.5589999999999999e-30,3037499,EA4_additive,exposure,TRUE,reported
rs4882141,11,48627525,T,C,0.649091,0.00662,0.0011,1.532e-9,3037499,EA4_additive,exposure,TRUE,reported
rs975303,6,19028788,A,G,0.839082,-0.01477,0.00138,1.17e-26,3037499,EA4_additive,exposure,TRUE,reported
rs117520996,19,4410003,T,G,0.0416384,0.02196,0.0025,1.465e-18,3037499,EA4_additive,exposure,TRUE,reported
rs1888765,10,23943839,C,G,0.767,0.00901,0.00126,7.091e-13,3037499,EA4_additive,exposure,TRUE,reported
rs4447403,15,92235954,T,C,0.742947,0.00695,0.0012,6.984e-9,3037499,EA4_additive,exposure,TRUE,reported
rs76878669,11,66092567,C,G,0.766677,0.01212,0.00123,6.48e-23,3037499,EA4_additive,exposure,TRUE,reported
rs872602,3,185826028,A,G,0.249107,-0.01259,0.00123,1.113e-24,3037499,EA4_additive,exposure,TRUE,reported
rs67040074,2,229017414,T,C,0.352833,-0.01216,0.0011,2.33e-28,3037499,EA4_additive,exposure,TRUE,reported
rs17248751,16,61579618,A,G,0.798676,-0.01375,0.00127,3.424e-27,3037499,EA4_additive,exposure,TRUE,reported
rs148434125,18,25803635,A,T,0.481521,-0.00594,0.00105,1.416e-8,3037499,EA4_additive,exposure,TRUE,reported
rs2836554,21,39973669,C,G,0.527348,0.00518,0.00105,7.786e-7,3037499,EA4_additive,exposure,TRUE,reported
rs2764684,1,58537919,T,C,0.847028,0.01501,0.00139,2.639e-27,3037499,EA4_additive,exposure,TRUE,reported
rs28458909,9,140257189,T,C,0.126255,-0.01902,0.00164,5.9779999999999995e-31,3037499,EA4_additive,exposure,TRUE,reported
rs12132113,1,241125747,A,T,0.647274,-0.0053,0.00109,1.031e-6,3037499,EA4_additive,exposure,TRUE,reported
rs6088618,20,33409350,A,G,0.438405,0.00813,0.00105,1.084e-14,3037499,EA4_additive,exposure,TRUE,reported
rs10283803,9,38019145,T,C,0.531306,-0.00575,0.00105,3.914e-8,3037499,EA4_additive,exposure,TRUE,reported
rs7151326,14,86387845,T,G,0.412242,-0.0087,0.00107,5.689e-16,3037499,EA4_additive,exposure,TRUE,reported
rs8110747,19,36103517,T,C,0.389051,-0.00659,0.00106,6.032e-10,3037499,EA4_additive,exposure,TRUE,reported
rs6972751,7,149180500,T,C,0.283061,-0.0052,0.00115,6.453e-6,3037499,EA4_additive,exposure,TRUE,reported
rs2297293,21,47125046,C,G,0.325824,0.00791,0.00113,2.316e-12,3037499,EA4_additive,exposure,TRUE,reported
rs56378598,16,90004868,T,C,0.290607,0.00826,0.00119,4.274e-12,3037499,EA4_additive,exposure,TRUE,reported
rs13278836,8,120215797,A,G,0.110748,0.01373,0.00164,5.096e-17,3037499,EA4_additive,exposure,TRUE,reported
rs9899056,17,48186942,A,G,0.397151,0.00698,0.00107,6.71e-11,3037499,EA4_additive,exposure,TRUE,reported
rs273028,18,30685176,A,T,0.0857561,-0.01353,0.00199,9.317e-12,3037499,EA4_additive,exposure,TRUE,reported
rs7650602,3,141147414,T,C,0.567601,-0.00998,0.00106,3.194e-21,3037499,EA4_additive,exposure,TRUE,reported
rs78280128,4,106264781,A,G,0.9202341,-0.01989,0.00187,1.9820000000000002e-26,3037499,EA4_additive,exposure,TRUE,reported
rs12981405,19,19651577,T,C,0.158577,-0.01106,0.00141,4.094e-15,3037499,EA4_additive,exposure,TRUE,reported
rs55897719,2,212590841,A,C,0.286973,-0.01267,0.00115,2.042e-28,3037499,EA4_additive,exposure,TRUE,reported
rs3108680,1,107572997,T,C,0.668032,0.0102,0.0011,1.888e-20,3037499,EA4_additive,exposure,TRUE,reported
rs2535692,22,18157282,A,G,0.282307,0.00686,0.00117,5.17e-9,3037499,EA4_additive,exposure,TRUE,reported
rs717997,12,84133974,A,G,0.421312,0.01297,0.00106,2.492e-34,3037499,EA4_additive,exposure,TRUE,reported
rs10189857,2,60713235,A,G,0.562889,0.01378,0.00106,7.74e-39,3037499,EA4_additive,exposure,TRUE,reported
rs35733856,5,30830597,A,G,0.559732,-0.01188,0.00107,8.256e-29,3037499,EA4_additive,exposure,TRUE,reported
rs2903624,20,41616510,A,G,0.468217,-0.00599,0.00105,1.234e-8,3037499,EA4_additive,exposure,TRUE,reported
rs62543169,9,73069133,T,C,0.404327,-0.01165,0.00106,3.3299999999999998e-28,3037499,EA4_additive,exposure,TRUE,reported
rs11245450,10,126658075,A,G,0.420157,0.00686,0.00106,1.057e-10,3037499,EA4_additive,exposure,TRUE,reported
rs7626224,3,104907697,T,G,0.76215,0.00784,0.00122,1.362e-10,3037499,EA4_additive,exposure,TRUE,reported
rs2302580,4,8608634,T,C,0.414844,-0.00508,0.00106,1.709e-6,3037499,EA4_additive,exposure,TRUE,reported
rs16934385,11,40147696,T,C,0.9279489,-0.00954,0.00202,2.293e-6,3037499,EA4_additive,exposure,TRUE,reported
rs6956241,7,75900223,T,G,0.144995,0.01341,0.00151,5.882e-19,3037499,EA4_additive,exposure,TRUE,reported
rs192436652,19,54960747,T,C,0.0273021,-0.02765,0.00333,9.902e-17,3037499,EA4_additive,exposure,TRUE,reported
rs12435895,14,66459694,A,G,0.773961,-0.00798,0.00125,1.547e-10,3037499,EA4_additive,exposure,TRUE,reported
rs853199,17,35850225,T,C,0.332476,0.00859,0.00109,3.837e-15,3037499,EA4_additive,exposure,TRUE,reported
rs7834862,8,38086009,A,G,0.765152,0.00623,0.00122,3.15e-7,3037499,EA4_additive,exposure,TRUE,reported
rs7395835,11,1408731,T,C,0.67490000000000006,-0.00608,0.00114,9.34e-8,3037499,EA4_additive,exposure,TRUE,reported
rs4358081,2,29100642,A,C,0.533554,-0.0097,0.00105,2.136e-20,3037499,EA4_additive,exposure,TRUE,reported
rs12273435,11,133825855,A,G,0.187866,-0.01409,0.00131,6.111e-27,3037499,EA4_additive,exposure,TRUE,reported
rs57249366,6,6063605,A,G,0.772159,-0.00559,0.00123,5.826e-6,3037499,EA4_additive,exposure,TRUE,reported
rs28360553,22,35847034,T,C,0.240668,-0.00554,0.00124,8.131e-6,3037499,EA4_additive,exposure,TRUE,reported
rs10748559,10,93077075,T,C,0.624053,-0.00656,0.00109,1.639e-9,3037499,EA4_additive,exposure,TRUE,reported
rs11218422,11,98982974,T,C,0.565907,0.00879,0.00106,1.1e-16,3037499,EA4_additive,exposure,TRUE,reported
rs4716528,7,157801995,A,G,0.70117,0.00571,0.00116,9.031e-7,3037499,EA4_additive,exposure,TRUE,reported
rs17126938,10,111761351,T,C,0.858285,-0.01264,0.00151,5.793e-17,3037499,EA4_additive,exposure,TRUE,reported
rs28366987,8,76721432,T,C,0.860872,0.00813,0.00158,2.789e-7,3037499,EA4_additive,exposure,TRUE,reported
rs4557790,9,23349982,A,C,0.567154,0.02049,0.00105,4.879e-84,3037499,EA4_additive,exposure,TRUE,reported
rs75624576,13,91973215,T,G,0.0962735,0.01536,0.00175,1.363e-18,3037499,EA4_additive,exposure,TRUE,reported
rs61747226,15,98512431,T,C,0.0409455,-0.0189,0.0026,3.412e-13,3037499,EA4_additive,exposure,TRUE,reported
rs6929638,6,144965158,A,G,0.512257,0.00932,0.00105,6.212e-19,3037499,EA4_additive,exposure,TRUE,reported
rs56059718,15,38836777,A,C,0.196951,-0.01216,0.00132,3.8050000000000005e-20,3037499,EA4_additive,exposure,TRUE,reported
rs11774212,8,145686505,T,C,0.496458,0.01567,0.00105,1.695e-50,3037499,EA4_additive,exposure,TRUE,reported
rs10401329,19,1871699,A,G,0.136865,0.01094,0.00161,1.219e-11,3037499,EA4_additive,exposure,TRUE,reported
rs9956721,18,22621869,A,T,0.608023,-0.0132,0.00106,1.8199999999999998e-35,3037499,EA4_additive,exposure,TRUE,reported
rs837129,15,37244629,A,G,0.415707,-0.00493,0.00106,3.09e-6,3037499,EA4_additive,exposure,TRUE,reported
rs34410,5,107469684,C,G,0.453034,-0.00759,0.00105,4.728e-13,3037499,EA4_additive,exposure,TRUE,reported
rs4798783,18,9174885,A,G,0.705405,-0.01152,0.00115,1.26e-23,3037499,EA4_additive,exposure,TRUE,reported
rs17257579,13,38176607,T,C,0.878703,-0.0131,0.00159,1.403e-16,3037499,EA4_additive,exposure,TRUE,reported
rs863006,1,159177748,A,G,0.558223,-0.00984,0.00106,1.313e-20,3037499,EA4_additive,exposure,TRUE,reported
rs72799731,5,123183906,T,G,0.89421,0.00809,0.00179,5.899e-6,3037499,EA4_additive,exposure,TRUE,reported
rs489408,1,38243785,A,G,0.436326,0.00766,0.00105,3.249e-13,3037499,EA4_additive,exposure,TRUE,reported
rs12709690,18,35165852,T,C,0.372621,-0.01858,0.00109,9.282e-65,3037499,EA4_additive,exposure,TRUE,reported
rs11196397,10,115375528,A,C,0.26158,0.00897,0.00117,2.218e-14,3037499,EA4_additive,exposure,TRUE,reported
rs72801843,16,53508802,A,T,0.292331,0.01519,0.00114,1.781e-40,3037499,EA4_additive,exposure,TRUE,reported
rs75907840,3,181420180,T,G,0.818109,0.01347,0.00281,1.666e-6,3037499,EA4_additive,exposure,TRUE,reported
rs952062,5,13739867,A,T,0.127333,0.01023,0.00169,1.301e-9,3037499,EA4_additive,exposure,TRUE,reported
rs7097348,10,53663315,T,C,0.724669,-0.00905,0.00116,6.435e-15,3037499,EA4_additive,exposure,TRUE,reported
rs2668196,3,165502709,A,T,0.207961,-0.01186,0.00132,3.28e-19,3037499,EA4_additive,exposure,TRUE,reported
rs73134986,7,72940370,A,G,0.0393748,-0.0118,0.00258,4.856e-6,3037499,EA4_additive,exposure,TRUE,reported
rs28807201,21,20044236,T,C,0.684416,-0.01139,0.00114,1.966e-23,3037499,EA4_additive,exposure,TRUE,reported
rs7184863,16,64935433,T,G,0.802371,0.00803,0.00136,3.724e-9,3037499,EA4_additive,exposure,TRUE,reported
rs738988,22,34289025,A,G,0.737681,-0.01605,0.00116,1.355e-43,3037499,EA4_additive,exposure,TRUE,reported
rs79585412,21,46487730,T,C,0.9457037,-0.01118,0.00234,1.746e-6,3037499,EA4_additive,exposure,TRUE,reported
rs6713695,2,215393529,A,G,0.457699,-0.0106,0.00105,5.175e-24,3037499,EA4_additive,exposure,TRUE,reported
rs62439683,7,21406125,A,C,0.244071,-0.012070000000000001,0.00121,1.55e-23,3037499,EA4_additive,exposure,TRUE,reported
rs149285517,4,147914507,T,C,0.122698,-0.01187,0.00164,4.605e-13,3037499,EA4_additive,exposure,TRUE,reported
rs59903549,6,156448341,T,C,0.084709,-0.01501,0.00198,3.895e-14,3037499,EA4_additive,exposure,TRUE,reported
rs34743418,3,143657807,T,C,0.463998,-0.00999,0.00106,5.014e-21,3037499,EA4_additive,exposure,TRUE,reported
rs16983844,20,62225508,A,G,0.188266,0.01074,0.00129,7.862e-17,3037499,EA4_additive,exposure,TRUE,reported
rs12104029,18,62509211,C,G,0.553388,-0.00823,0.00105,4.078e-15,3037499,EA4_additive,exposure,TRUE,reported
rs1258276,12,30753417,A,C,0.334863,-0.00491,0.0011,7.91e-6,3037499,EA4_additive,exposure,TRUE,reported
rs1043595,7,128410012,A,G,0.261241,0.01663,0.00118,2.357e-45,3037499,EA4_additive,exposure,TRUE,reported
rs57985238,16,83608565,C,G,0.612873,-0.00909,0.00107,1.99e-17,3037499,EA4_additive,exposure,TRUE,reported
rs7578247,2,128562813,A,G,0.608978,-0.00798,0.00109,2.254e-13,3037499,EA4_additive,exposure,TRUE,reported
rs73219806,8,26279173,A,C,0.172267,0.0124,0.00141,1.339e-18,3037499,EA4_additive,exposure,TRUE,reported
rs10929474,2,7377513,A,T,0.224669,0.01145,0.00128,5.116e-19,3037499,EA4_additive,exposure,TRUE,reported
rs7924036,10,65191645,T,G,0.504835,0.01412,0.00105,1.8559999999999998e-41,3037499,EA4_additive,exposure,TRUE,reported
rs8074332,17,76000573,T,C,0.658192,0.00544,0.00111,9.073e-7,3037499,EA4_additive,exposure,TRUE,reported
rs6907381,6,11972512,A,G,0.130644,-0.01185,0.00159,9.094e-14,3037499,EA4_additive,exposure,TRUE,reported
rs12764593,10,107491895,C,G,0.0666923,0.02191,0.00219,1.703e-23,3037499,EA4_additive,exposure,TRUE,reported
rs2013717,5,96134175,T,G,0.80271,0.0067,0.00127,1.455e-7,3037499,EA4_additive,exposure,TRUE,reported
rs1193240,1,7525982,A,C,0.423252,0.00847,0.00106,1.73e-15,3037499,EA4_additive,exposure,TRUE,reported
rs336433,8,577101,A,G,0.421805,0.00775,0.00105,2.054e-13,3037499,EA4_additive,exposure,TRUE,reported
rs3095075,4,3253183,A,G,0.550108,-0.0136,0.00105,3.812e-38,3037499,EA4_additive,exposure,TRUE,reported
rs62247449,3,64430551,C,G,0.411072,0.00955,0.00106,1.496e-19,3037499,EA4_additive,exposure,TRUE,reported
rs2177083,2,202961665,A,G,0.50214,-0.00741,0.00105,1.489e-12,3037499,EA4_additive,exposure,TRUE,reported
rs13133213,4,15646794,A,G,0.502233,0.00873,0.00105,7.243e-17,3037499,EA4_additive,exposure,TRUE,reported
rs3098650,2,164381648,C,G,0.602464,0.01181,0.00108,7.71e-28,3037499,EA4_additive,exposure,TRUE,reported
rs10507085,12,97786700,T,C,0.0680628,-0.01224,0.002,9.144e-10,3037499,EA4_additive,exposure,TRUE,reported
